iteration,elapsed_s,period_ms,gello_read_ms,send_action_ms,work_ms,cycle_ms
0,0.0,,0.03892101813107729,1.844662008807063,1.8893100204877555,16.802716010715812
1,0.0168145929928869,16.8145929928869,0.11311599519103765,0.5631879903376102,0.6830589845776558,16.732370015233755
2,0.03355174796888605,16.737154975999147,0.06098498124629259,0.5502019776031375,0.6143909995444119,16.729955037590116
3,0.05028880701866001,16.73705904977396,0.0842189765535295,0.6521660252474248,0.7417799788527191,16.701007960364223
4,0.06699203996686265,16.70323294820264,0.04981196252629161,0.38053601747378707,0.4318560240790248,16.732217045500875
5,0.08372627396602184,16.734233999159187,0.026735011488199234,0.43366599129512906,0.461651012301445,16.72932005021721
6,0.100458015978802,16.73174201278016,0.02855400089174509,0.5037260125391185,0.533726008143276,16.72584400512278
7,0.11718798300717026,16.729967028368264,0.05932000931352377,0.5194699624553323,0.5820979713462293,16.73354598460719
8,0.1339232989703305,16.735315963160247,0.023393018636852503,0.5009989836253226,0.5256750155240297,16.726582020055503
9,0.15065767598571256,16.73437701538205,0.07413903949782252,0.563617970328778,0.6430729990825057,16.729447001125664
10,0.16738957702182233,16.731901036109775,0.031498027965426445,0.4298290004953742,0.46286097494885325,16.70688495505601
11,0.1841003309818916,16.71075396006927,0.04972296301275492,0.42953103547915816,0.48208003863692284,16.73001900780946
12,0.20083436201093718,16.734031029045582,0.0478859874419868,0.37862604949623346,0.42918301187455654,16.722564003430307
13,0.21756063599605113,16.72627398511395,0.048103975132107735,0.619709026068449,0.6705760024487972,16.735344019252807
14,0.23430078098317608,16.74014498712495,0.052870018407702446,0.515754974912852,0.57177001144737,16.727589012589306
15,0.25103230599779636,16.731525014620274,0.048900023102760315,0.41057198541238904,0.4621929838322103,16.733192023821175
16,0.2677693910081871,16.73708501039073,0.04950800212100148,0.32718799775466323,0.37944799987599254,16.74236700637266
17,0.2845214169938117,16.75202598562464,0.06324198329821229,0.645965978037566,0.7156049832701683,16.742852982133627
18,0.3012737039825879,16.752286988776177,0.0835779937915504,0.436389003880322,0.5262640188448131,16.71939401421696
19,0.3180024860193953,16.728782036807388,0.07091095903888345,0.395402021240443,0.47345797065645456,17.440476978663355
20,0.3354500099667348,17.447523947339505,0.08400302613154054,0.7412739796563983,0.8301800116896629,16.918229055590928
21,0.352372887020465,16.92287705373019,0.055773998610675335,0.7206929731182754,0.7795359706506133,16.776859993115067
22,0.3691615560092032,16.78866898873821,0.08645403431728482,0.6043559988029301,0.6988290115259588,16.820057993754745
23,0.3859863419784233,16.824785969220102,0.05592498928308487,0.6026640185154974,0.6618380430154502,16.818237025290728
24,0.4028095959802158,16.82325400179252,0.05589297506958246,0.6871630321256816,0.7461440400220454,16.82665600674227
25,0.4196415159967728,16.83192001655698,0.05689996760338545,0.7530490402132273,0.8131330250762403,16.82170300045982
26,0.4364680389990099,16.82652300223708,0.05633296677842736,0.6354590295813978,0.6950380047783256,16.824655991513282
27,0.4532975140027702,16.829475003760308,0.05664100171998143,1.1373660527169704,1.197007019072771,16.82227896526456
28,0.4701244980096817,16.826984006911516,0.056777033023536205,0.5679949535988271,0.6278039654716849,16.83158497326076
29,0.4869608209701255,16.836322960443795,0.05603197496384382,0.6073570111766458,0.6664430256932974,16.839592019096017
30,0.5038051909650676,16.8443699949421,0.056101998779922724,0.6206189864315093,0.6798290414735675,16.737819008994848
31,0.5205497660208493,16.744575055781752,0.07190601900219917,0.6899969885125756,0.766213983297348,16.705887974239886
32,0.5372619039844722,16.71213796362281,0.07229996845126152,0.4806060460396111,0.5571520305238664,16.816196031868458
33,0.5540832509868778,16.821347002405673,0.05744898226112127,0.852899975143373,0.9165059891529381,16.81896799709648
34,0.5709070930024609,16.823842015583068,0.05763000808656216,0.5666959914378822,0.6273919716477394,16.82655100012198
35,0.5877384829800576,16.8313899775967,0.056186981964856386,0.6586419767700136,0.7178939995355904,16.832908033393323
36,0.604576185985934,16.837703005876392,0.055751006584614515,0.5390659789554775,0.5978400004096329,16.823202022351325
37,0.6214042020146735,16.828016028739512,0.05736196180805564,0.6282129907049239,0.688637956045568,16.847532999236137
38,0.6382564170053229,16.852214990649372,0.05583802703768015,0.5615199916064739,0.6203189841471612,16.87005499843508
39,0.6551312619703822,16.87484496505931,0.05703500937670469,0.5774299497716129,0.6374799995683134,16.824469028506428
40,0.6719605490216054,16.82928705122322,0.056146993301808834,0.5682090413756669,0.6272569880820811,16.733448952436447
41,0.6887005789903924,16.740029968786985,0.07001101039350033,0.5129590281285346,0.5874860216863453,16.734384989831597
42,0.7054384460207075,16.7378670303151,0.050354981794953346,0.49738603411242366,0.5502959829755127,16.73006097553298
43,0.7221723889815621,16.73394296085462,0.0476469867862761,0.5694240098819137,0.6197710172273219,16.735161014366895
44,0.7389110379735939,16.738648992031813,0.04807801451534033,0.3639190108515322,0.41453202720731497,16.741706000175327
45,0.7556601180112921,16.74908003769815,0.06830500205978751,0.5443639820441604,0.6179229822009802,16.72954997047782
46,0.7723936309921555,16.733512980863452,0.048006942961364985,0.5087010213173926,0.5593959940597415,16.70266402652487
47,0.7891002440010197,16.706613008864224,0.049017020501196384,0.6616069586016238,0.7132989703677595,16.72963798046112
48,0.8058327389881015,16.732494987081736,0.06265699630603194,0.4018170293420553,0.4662640276364982,16.730157018173486
49,0.8225668820086867,16.73414302058518,0.05612202221527696,0.3452299861237407,0.4043579683639109,16.729163995478302
50,0.8392978960182518,16.731014009565115,0.023875036276876926,0.330788956489414,0.3558569587767124,16.727607988286763
51,0.8560279299854301,16.730033967178315,0.030959025025367737,0.3625479876063764,0.3947970108129084,16.818338015582412
52,0.8728510569781065,16.823126992676407,0.09415100794285536,0.664655992295593,0.7620159885846078,16.730102011933923
53,0.8895904769888148,16.739420010708272,0.08977699326351285,0.5609490326605737,0.6570540135726333,16.730232979170978
54,0.9063278390094638,16.737362020649016,0.07712503429502249,0.5265279905870557,0.6089870003052056,16.73487399239093
55,0.9230648810043931,16.737041994929314,0.03233802272006869,0.4739539581350982,0.5078439717181027,16.730381990782917
56,0.9398015990154818,16.73671801108867,0.07303297752514482,0.5175360129214823,0.5958109977655113,16.740191960707307
57,0.9565494079724886,16.747808957006782,0.07762701716274023,0.58946997160092,0.6726980209350586,16.725081019103527
58,0.9732783259823918,16.728918009903282,0.04892901051789522,0.6020760047249496,0.6537080043926835,16.729141992982477
59,0.9900115670170635,16.733241034671664,0.050077971536666155,0.551292032469064,0.6042459863238037,19.084679952356964
60,1.0090988469892181,19.087279972154647,0.04433799767866731,1.2631880235858262,1.309771032538265,17.5256030051969
61,1.0266262330114841,17.527386022266,0.030991039238870144,1.523196988273412,1.555825991090387,17.746033961884677
62,1.0443831279990263,17.756894987542182,0.10306102922186255,0.7604539860039949,0.8721670019440353,16.815637005493045
63,1.0612098660203628,16.826738021336496,0.09480403969064355,0.45104295713827014,0.5532059585675597,16.805858991574496
64,1.0780272799893282,16.81741396896541,0.10570796439424157,0.5480010295286775,0.661590020172298,16.83515397598967
65,1.0948676639818586,16.840383992530406,0.05589699139818549,0.5496120429597795,0.6087010260671377,16.726077010389417
66,1.111598735966254,16.731071984395385,0.05244102794677019,0.3746649599634111,0.4302680026739836,16.73624903196469
67,1.1283398100058548,16.74107403960079,0.0514819985255599,0.6255650077946484,0.6801839917898178,16.828341002110392
68,1.1451796870096587,16.83987700380385,0.08741597412154078,0.750000006519258,0.8453379850834608,16.82277297368273
69,1.1620136100100353,16.83392300037667,0.08470099419355392,0.5545089952647686,0.6468059727922082,16.843325982335955
70,1.1788679219898768,16.85431197984144,0.06226601544767618,0.6024980102665722,0.672582013066858,16.73408702481538
71,1.1956069559673779,16.739033977501094,0.052431016229093075,0.610326009336859,0.6659520440734923,16.809625027235597
72,1.2124259420088492,16.818986041471362,0.0653750030323863,0.6506459903903306,0.722450960893184,16.82476798305288
73,1.2292618969804607,16.8359549716115,0.07596099749207497,0.514330982696265,0.5980060086585581,16.799247998278588
74,1.2460719990194775,16.810102039016783,0.07191300392150879,0.4594950005412102,0.5387439741753042,16.826879989821464
75,1.2629082539933734,16.836254973895848,0.06815599044784904,0.7107940036803484,0.7852839771658182,16.821189026813954
76,1.2797404259908944,16.832171997521073,0.06280600791797042,0.6375149823725224,0.7078589987941086,17.099873977713287
77,1.2968462519929744,17.105826002079993,0.05601299926638603,0.7727729971520603,0.8322140201926231,16.829604981467128
78,1.313687437970657,16.84118597768247,0.06561900954693556,0.4550429875962436,0.5284920334815979,16.830681008286774
79,1.3305272909929045,16.839853022247553,0.06758002564311028,0.5014069611206651,0.5753469886258245,16.85642299707979
80,1.3473950600018725,16.867769008968025,0.0782159622758627,0.6265600095503032,0.7126199780032039,16.847627994138747
81,1.3642542019952089,16.85914199333638,0.09104999480769038,0.607003050390631,0.7058110204525292,16.821006021928042
82,1.3810928930179216,16.838691022712737,0.09205902460962534,0.5407800199463964,0.6405040039680898,16.849648964125663
83,1.3979536700062454,16.860776988323778,0.0700039672665298,0.4657030222006142,0.5433000042103231,16.815475013572723
84,1.414780177990906,16.826507984660566,0.07114099571481347,0.5130079807713628,0.5915419897064567,16.728645015973598
85,1.4315137200173922,16.733542026486248,0.05253200652077794,0.4891110002063215,0.5448109586723149,16.728080983739346
86,1.4482468600035645,16.73313998617232,0.055895012337714434,0.4832390113733709,0.5426050047390163,16.791597998235375
87,1.4650480009731837,16.801140969619155,0.09150401456281543,0.5841199890710413,0.6819710251875222,16.815309005323797
88,1.4818743449868634,16.826344013679773,0.10401400504633784,0.5010240129195154,0.6126370280981064,16.73087797826156
89,1.498610419977922,16.73607499105856,0.05445897113531828,0.5116460379213095,0.5695440340787172,16.871491039637476
90,1.5154934789752588,16.883058997336775,0.08570903446525335,0.4934539902023971,0.5868910229764879,16.726314031984657
91,1.5322247300064191,16.731251031160355,0.052149989642202854,0.4609599709510803,0.5162719753570855,16.824875958263874
92,1.5490608160034753,16.836085997056216,0.09344803402200341,0.5774669698439538,0.6787629681639373,16.81599096627906
93,1.5658890869817697,16.828270978294313,0.08027703734114766,0.5759609630331397,0.6638609920628369,16.731384035665542
94,1.5826254530111328,16.736366029363126,0.052341027185320854,0.6328930030576885,0.6884339964017272,16.73968299292028
95,1.5993699509999715,16.744497988838702,0.05170202348381281,0.6412430084310472,0.6961780018173158,16.813114983960986
96,1.61619404098019,16.82408998021856,0.0738960225135088,0.4886179813183844,0.5700979963876307,16.825015016365796
97,1.6330241459654644,16.830104985274374,0.055187963880598545,0.5032680346630514,0.5618930445052683,16.79588301340118
98,1.649829530972056,16.805385006591678,0.0689550070092082,0.49179699271917343,0.5671560065820813,16.7300280299969
99,1.6665644840104505,16.73495303839445,0.05278497701510787,0.953033973928541,1.0090209543704987,16.72282797517255
100,1.683289717999287,16.725233988836408,0.04509696736931801,1.1209440417587757,1.168303017038852,16.823826998006552
101,1.700124497001525,16.834779002238065,0.08231797255575657,0.5814850446768105,0.6714590126648545,16.811312991194427
102,1.7169473170069978,16.82282000547275,0.07546995766460896,0.37480704486370087,0.45827700523659587,16.785827989224344
103,1.7337377679650672,16.790450958069414,0.05201395833864808,1.116815023124218,1.171782030723989,16.823030018713325
104,1.75057164800819,16.833880043122917,0.08590897778049111,0.7400090107694268,0.8335839956998825,16.72730699647218
105,1.767303971981164,16.732323972973973,0.053990981541574,0.5563400336541235,0.6135880248621106,16.819371026940644
106,1.784134362009354,16.830390028189868,0.08702499326318502,0.6123550119809806,0.7068180129863322,16.80827495874837
107,1.8009520570049062,16.8176949955523,0.06675597978755832,0.5129119963385165,0.5859939847141504,16.74500497756526
108,1.8177061139722355,16.754056967329234,0.06494997069239616,0.53668103646487,0.6078940350562334,16.72741601942107
109,1.8344396579777822,16.73354400554672,0.05908595630899072,0.5692020058631897,0.6316539947874844,16.807581996545196
110,1.8512580160168,16.818358039017767,0.07210997864603996,0.5173980025574565,0.5969639751128852,16.72571897506714
111,1.8679884059820324,16.73038996523246,0.0505319912917912,0.47539500519633293,0.5289540276862681,16.815781011246145
112,1.8848133569699712,16.82495098793879,0.06996298907324672,0.39176701102405787,0.4680210258811712,16.831576998811215
113,1.9016560309682973,16.842673998326063,0.07829302921891212,0.5182099994271994,0.6038080318830907,16.73919800668955
114,1.9184168609790504,16.760830010753125,0.1457839971408248,0.6635480094701052,0.8177940035238862,16.812170040793717
115,1.935239818005357,16.82295702630654,0.17118104733526707,0.4965899861417711,0.6753740017302334,16.839124960824847
116,1.9520992299658246,16.859411960467696,0.22270798217505217,0.7640580297447741,0.9987720404751599,17.14607502799481
117,1.969256607000716,17.157377034891397,0.10648503666743636,0.6066419882699847,0.7217309903353453,16.796631971374154
118,1.9860625569708645,16.805949970148504,0.08656998397782445,0.5440289969556034,0.637489021755755,18.682966008782387
119,2.004748025967274,18.685468996409327,0.04448898835107684,1.3541390071623027,1.4009550213813782,16.724197019357234
120,2.021474124980159,16.726099012885243,0.029007031116634607,0.6087359506636858,0.6391099886968732,16.725848021451384
121,2.038201873016078,16.72774803591892,0.03334204666316509,0.8771029533818364,0.9121389593929052,16.725728986784816
122,2.0549295310047455,16.727657988667488,0.03511796239763498,3.271874040365219,3.3087030169554055,17.320952960290015
123,2.072252348996699,17.322817991953343,0.03134098369628191,1.034607004839927,1.0674980003386736,16.72076596878469
124,2.088975095015485,16.722746018785983,0.028559996280819178,1.2933160178363323,1.3232610072009265,20.592055981978774
125,2.109568723011762,20.593627996277064,0.028988986741751432,2.4316060007549822,2.4619459873065352,16.726077999919653
126,2.1262966509675607,16.727927955798805,0.03349001053720713,0.6030069780535996,0.6381620187312365,16.722795029636472
127,2.143021826981567,16.725176014006138,0.036510988138616085,1.166436995845288,1.2049240176565945,16.725327004678547
128,2.1597487539984286,16.726927016861737,0.02676399890333414,1.0437010205350816,1.072045008186251,16.72240800689906
129,2.176473635016009,16.72488101758063,0.024935987312346697,3.2049569999799132,3.2311189570464194,16.72358496580273
130,2.1931987879797816,16.725152963772416,0.027330999728292227,1.29784201271832,1.3263800065033138,16.723769018426538
131,2.2099241740070283,16.725386027246714,0.03034301334992051,1.2578180176205933,1.2895920081064105,16.72387996222824
132,2.2266494400100783,16.72526600304991,0.02377002965658903,0.8846090058796108,0.9094550041481853,16.724904999136925
133,2.2433761400170624,16.726700006984174,0.032190990168601274,0.5182489985600114,0.5519739934243262,16.97566598886624
134,2.260353568010032,16.97742799296975,0.02955802483484149,2.1313939942047,2.1625059889629483,17.007038986776024
135,2.2773714310023934,17.017862992361188,0.14366203686222434,0.8904089918360114,1.0414510034024715,16.84052898781374
136,2.2942169010057114,16.84547000331804,0.057074998039752245,0.6490700179710984,0.7091949810273945,16.80839800974354
137,2.311030527984258,16.81362697854638,0.06925896741449833,0.4940840299241245,0.5666200304403901,16.877747024409473
138,2.3279129400034435,16.882412019185722,0.05603500176221132,0.4820569884032011,0.5410519661381841,16.806855972390622
139,2.344724453985691,16.81151398224756,0.0568919931538403,0.5403520190156996,0.6002340232953429,16.816036019008607
140,2.3615452079684474,16.820753982756287,0.056074990425258875,0.7085559773258865,0.7676300010643899,16.861372045241296
141,2.3784114309819415,16.866223013494164,0.05610601510852575,0.5181970191188157,0.5773160373792052,16.840883006807417
142,2.395257094001863,16.84566301992163,0.05673198029398918,1.4386320253834128,1.49831100134179,16.82534598512575
143,2.4120900519774295,16.832957975566387,0.056446995586156845,0.6335210055112839,0.6929960218258202,16.82233699830249
144,2.4289175649755634,16.827512998133898,0.056213000789284706,0.6476360140368342,0.7068000268191099,16.846962040290236
145,2.44576924899593,16.85168402036652,0.05647499347105622,0.7861140184104443,0.8455460192635655,16.986040980555117
146,2.4627599469968118,16.99069800088182,0.05571701331064105,0.7121099624782801,0.7707959739491343,16.811786976177245
147,2.4795766890165396,16.816742019727826,0.056964054238051176,0.6748859887011349,0.7349069928750396,16.82332396740094
148,2.4964049470145255,16.82825799798593,0.057301949709653854,0.6742740515619516,0.7347000064328313,16.84179896255955
149,2.513252600969281,16.847653954755515,0.05621102172881365,0.6421540165320039,0.7014440489001572,16.815516049973667
150,2.5300731339957565,16.82053302647546,0.060414953622967005,0.851447053719312,0.9149680263362825,16.736257006414235
151,2.5468198959715664,16.74676197580993,0.09642296936362982,0.46755000948905945,0.5713810096494853,16.768546018283814
152,2.5635936239850707,16.773728013504297,0.0620149658061564,0.5162860034033656,0.5818229983560741,16.800077981315553
153,2.5804051909944974,16.811567009426653,0.07154897321015596,0.6208820268511772,0.7002479978837073,16.797692980617285
154,2.5972143359831534,16.809144988656044,0.1072640297934413,0.5289259715937078,0.6439969874918461,16.81420800741762
155,2.614038038009312,16.82370202615857,0.07053598528727889,0.6258669891394675,0.7027749670669436,16.817761003039777
156,2.630866857012734,16.828819003421813,0.07110700244084,0.5989139899611473,0.6774889770895243,16.81376900523901
157,2.6476915599778295,16.82470296509564,0.06982899503782392,0.5709819961339235,0.6482439930550754,16.729958006180823
158,2.664426426985301,16.73486700747162,0.05304999649524689,0.5079230177216232,0.5641640163958073,16.807114996481687
159,2.6812446729745716,16.81824598927051,0.10454800212755799,0.5526429740712047,0.6647109985351562,16.790269990451634
160,2.6980398899759166,16.79521700134501,0.05661096656695008,0.47286401968449354,0.532719015609473,16.834043024573475
161,2.7148848149809055,16.84492500498891,0.07654499495401978,0.5165059701539576,0.6004860042594373,16.825900005642325
162,2.7317182139959186,16.83339901501313,0.09033601963892579,0.9169189725071192,1.0127199930138886,16.798208002001047
163,2.74852635798743,16.808143991511315,0.07804104825481772,0.707991945091635,0.7925669779069722,16.827467014081776
164,2.765364739985671,16.838381998240948,0.07002998609095812,0.6415970274247229,0.7190750329755247,16.814014001283795
165,2.7821902639698237,16.825523984152824,0.08463498670607805,0.6219000206328928,0.714171037543565,16.8157450389117
166,2.7990155069855973,16.825243015773594,0.08121703285723925,1.1364829842932522,1.2239610077813268,16.72652701381594
167,2.815744713996537,16.729207010939717,0.0441910233348608,1.4226839994080365,1.4690450043417513,16.72458299435675
168,2.8324716729694046,16.72695897286758,0.05300098564475775,0.4958159988746047,0.5508530302904546,16.723976004868746
169,2.8491980109829456,16.726338013540953,0.0373880029655993,1.142295019235462,1.1814790195785463,16.824054007884115
170,2.866027338022832,16.829327039886266,0.07235101656988263,0.564181013032794,0.6400899728760123,16.82207197882235
171,2.8828587089665234,16.83137094369158,0.0722929835319519,0.36051799543201923,0.43899600859731436,16.8299040524289
172,2.8996996610076167,16.84095204109326,0.06976601434871554,0.6040669977664948,0.681211007758975,16.864706994965672
173,2.916576717980206,16.877056972589344,0.06967299850657582,0.39326102705672383,0.4700100398622453,16.822419012896717
174,2.9334085659938864,16.83184801368043,0.07370597450062633,0.6488329963758588,0.7288929773494601,16.825960017740726
175,2.950245620973874,16.837054979987442,0.08377601625397801,0.5541120190173388,0.6453370442613959,16.85295399511233
176,2.9671097900136374,16.86416903976351,0.09280501399189234,0.34664798295125365,0.4469159757718444,16.83513500029221
177,2.9839541270048358,16.84433699119836,0.0832750229164958,0.7352309767156839,0.8249389939010143,16.723067965358496
178,3.000679839984514,16.725712979678065,0.04354299744591117,1.1304509826004505,1.1760920169763267,16.735195997171104
179,3.017417501017917,16.73766103340313,0.03946898505091667,2.494405023753643,2.5358760030940175,16.72612299444154
180,3.0341456959722564,16.728194954339415,0.032912997994571924,0.7540780352428555,0.7886300445534289,16.721482039429247
181,3.050869566970505,16.723870998248458,0.04591001197695732,2.5984669919125736,2.64667603187263,16.724018030799925
182,3.0675963920075446,16.726825037039816,0.0476469867862761,1.4697089791297913,1.5196299646049738,16.721286985557526
183,3.08431991096586,16.723518958315253,0.03217399353161454,0.7382850162684917,0.7720900466665626,16.724996035918593
184,3.1010470630135387,16.72715204767883,0.030750001315027475,0.4332200041972101,0.46551896957680583,16.723840963095427
185,3.117773592006415,16.72652899287641,0.043208012357354164,2.4830590118654072,2.5280769914388657,16.72557496931404
186,3.134503869980108,16.730277973692864,0.043208012357354164,0.9149420075118542,0.960442004725337,16.72279299236834
187,3.1512285089702345,16.72463899012655,0.030616996809840202,1.2521439930424094,1.2845300370827317,16.725716996006668
188,3.1679560099728405,16.727501002606004,0.028450973331928253,1.2154030264355242,1.2455630348995328,16.787742031738162
189,3.1847535599954426,16.79755002260208,0.06972998380661011,0.48056902596727014,0.5569710046984255,16.815374023281038
190,3.2015807129791938,16.827152983751148,0.07166998693719506,0.3489190130494535,0.42830302845686674,16.83406700612977
191,3.2184262669761665,16.84555399697274,0.06141199264675379,0.3689010045491159,0.43799099512398243,17.034777032677084
192,3.2354656779789366,17.039411002770066,0.050757022108882666,0.4151709727011621,0.46896300045773387,16.833530040457845
193,3.2523104160209186,16.844738041982055,0.07532100426033139,0.4158109659329057,0.4986499552614987,16.825843951664865
194,3.269145735015627,16.83531899470836,0.08110294584184885,0.35087502328678966,0.4382709739729762,16.795342962723225
195,3.28595052001765,16.80478500202298,0.08458900265395641,0.48159604193642735,0.5724549992009997,16.804544953629375
196,3.3027644240064546,16.813903988804668,0.08268398232758045,0.41465304093435407,0.5036040092818439,16.733449010644108
197,3.319502530968748,16.738106962293386,0.05021097604185343,0.5532220238819718,0.6064710323698819,16.83276501717046
198,3.3363447649753653,16.84223400661722,0.06937404396012425,0.3424629685468972,0.41825801599770784,16.84424001723528
199,3.3531996000092477,16.85483503388241,0.0646609696559608,0.552192039322108,0.6231309962458909,16.79654896724969
200,3.370005509990733,16.805909981485456,0.06736896466463804,0.5164280300959945,0.5900660180486739,17.282458022236824
201,3.387300085974857,17.294575984124094,0.0934989657253027,0.7585830171592534,0.8594670216552913,16.81454904610291
202,3.404124132997822,16.824047022964805,0.09684305405244231,0.5204739863984287,0.6236800109036267,16.819469979964197
203,3.4209531259839423,16.828992986120284,0.10529998689889908,0.5010259919799864,0.6126450025476515,16.721245017834008
204,3.4376768639776856,16.72373799374327,0.041018007323145866,0.5194599507376552,0.5625209887512028,17.579095030669123
205,3.4552673180005513,17.590454022865742,0.08136796532198787,0.7552659953944385,0.844455964397639,17.06212299177423
206,3.472340694977902,17.073376977350563,0.07856398588046432,0.6340930121950805,0.7205040310509503,16.808681015390903
207,3.48916030296823,16.819607990328223,0.08159701246768236,0.8507419843226671,0.9398480178788304,16.817857045680285
208,3.505987264972646,16.82696200441569,0.08493999484926462,0.5855829804204404,0.676762021612376,16.811434004921466
209,3.5228099829982966,16.82271802565083,0.06754096830263734,0.5216689896769822,0.59679796686396,16.728601010981947
210,3.5395430789794773,16.733095981180668,0.04956300836056471,0.6080599850974977,0.6605610251426697,16.740755003411323
211,3.5562952129985206,16.752134019043297,0.05645497003570199,0.5177999846637249,0.5821139784529805,16.737558995373547
212,3.5730372450198047,16.742032021284103,0.05872896872460842,0.4423060454428196,0.5040550022386014,17.31511700199917
213,3.5903619339806028,17.324688960798085,0.12277497444301844,0.8303120266646147,0.9596050367690623,16.848799015861005
214,3.6072169929975644,16.855059016961604,0.07681600982323289,0.6585829542018473,0.7394509739242494,16.867486003320664
215,3.6240994569961913,16.882463998626918,0.04284799797460437,0.5117300315760076,0.5569100030697882,16.725744993891567
216,3.640827385999728,16.7279290035367,0.03004400059580803,0.8230700041167438,0.8546650060452521,16.72400301322341
217,3.6575533059658483,16.725919966120273,0.0277860090136528,1.1494000209495425,1.1785290553234518,16.724081011489034
218,3.6742791249998845,16.72581903403625,0.02788100391626358,1.487733970861882,1.5169979888014495,16.723492997698486
219,3.6910042070085183,16.725082008633763,0.0282830442301929,1.948753953911364,1.9783859606832266,16.720587969757617
220,3.7077266109990887,16.722403990570456,0.027401954866945744,1.8266960396431386,1.8555030110292137,16.72322297235951
221,3.7244517100043595,16.72509900527075,0.027229019906371832,0.24613895220682025,0.2746309619396925,16.720230982173234
222,3.741173854970839,16.72214496647939,0.028055976144969463,0.19385002087801695,0.22329302737489343,16.719950013794005
223,3.757895571005065,16.72171603422612,0.025062996428459883,0.36049296613782644,0.38671697257086635,16.71915897168219
224,3.7746163490228355,16.7207780177705,0.025871966499835253,0.24341902462765574,0.2704929793253541,16.723855980671942
225,3.791342052980326,16.725703957490623,0.026906956918537617,0.22682803682982922,0.25507702957838774,16.722657019272447
226,3.808066505996976,16.72445301664993,0.025581975933164358,0.24101301096379757,0.26794400764629245,18.637495988514274
227,3.82670567301102,18.639167014043778,0.028665002901107073,1.1289760004729033,1.1590519570745528,16.724865010473877
228,3.843432799971197,16.727126960176975,0.03529101377353072,0.3829560009762645,0.41972502367570996,16.71971700852737
229,3.8601545990095474,16.721799038350582,0.027871981728821993,0.19201001850888133,0.22135197650641203,16.72511297510937
230,3.876881182019133,16.726583009585738,0.024067005142569542,0.3351760096848011,0.3603950026445091,16.722909989766777
231,3.89360549201956,16.724310000427067,0.026616966351866722,0.32018200727179646,0.34826097544282675,16.72288798727095
232,3.910329887003172,16.724394983612,0.024397973902523518,0.3443789901211858,0.3699939697980881,16.722336993552744
233,3.9270538429846056,16.72395598143339,0.023161002900451422,0.1808769884519279,0.20509702153503895,16.722687985748053
234,3.9437782570021227,16.72441401751712,0.02732197754085064,0.17566903261467814,0.2043690183199942,16.723156964872032
235,3.960502892965451,16.724635963328183,0.026237976271659136,0.3342870040796697,0.36180001916363835,16.722962027415633
236,3.977227644994855,16.724752029404044,0.029826012905687094,4.189299943391234,4.220925970003009,17.110346991103142
237,3.9943496030173264,17.121958022471517,0.06591499550268054,0.649971014354378,0.7242289721034467,16.854328976478428
238,4.011214932019357,16.865329002030194,0.07345498306676745,0.5608419887721539,0.6418759585358202,16.807818959932774
239,4.028032318979967,16.817386960610747,0.06488797953352332,0.6389149930328131,0.710166001226753,16.828371037263423
240,4.0448721289867535,16.839810006786138,0.07356499554589391,0.578381004743278,0.6597710307687521,16.824956983327866
241,4.061707012006082,16.834883019328117,0.0669879955239594,0.563359004445374,0.6367739988490939,16.810171015094966
242,4.078528152022045,16.821140015963465,0.08155201794579625,0.5905129946768284,0.6795799708925188,16.739883983973414
243,4.095273145008832,16.74499298678711,0.05558703560382128,0.48658496234565973,0.5456329672597349,16.828915977384895
244,4.1121130990213715,16.839954012539238,0.0782030401751399,0.6016139523126185,0.6863699527457356,16.825861996039748
245,4.128948235011194,16.835135989822447,0.0581890344619751,0.6152290152385831,0.6797270034439862,16.796638956293464
246,4.145754185970873,16.80595095967874,0.07685302989557385,0.590818002820015,0.6743040285073221,16.82701602112502
247,4.162590546009596,16.836360038723797,0.08823396638035774,0.7195789949037135,0.8142949664033949,16.73034200211987
248,4.17932573100552,16.73518499592319,0.051457027439028025,0.5528339534066617,0.607444962952286,16.808705986477435
249,4.19614392798394,16.81819697842002,0.08180004078894854,0.567914976272732,0.6561040063388646,16.810166998766363
250,4.2129652830190025,16.82135503506288,0.08679099846631289,0.563324021641165,0.6580170011147857,16.73734496580437
251,4.229707396996673,16.74211397767067,0.051821989472955465,0.7419040193781257,0.7968230056576431,16.739693994168192
252,4.246456473018043,16.749076021369547,0.06815401138737798,0.6117469747550786,0.6862189620733261,16.691682976670563
253,4.263157551002223,16.7010779841803,0.06830098573118448,0.537170039024204,0.6118660094216466,16.844258992932737
254,4.2800070499652065,16.84949896298349,0.05697802407667041,0.70059800054878,0.7610050379298627,16.810418048407882
255,4.296828445978463,16.821396013256162,0.09322603000327945,0.5583500023931265,0.6590100238099694,16.82667201384902
256,4.313666098983958,16.837653005495667,0.08646096102893353,0.7083050440996885,0.8022580295801163,16.734050994273275
257,4.330404968990479,16.7388700065203,0.05253497511148453,0.6353789940476418,0.6910259835422039,16.833388013765216
258,4.347249743004795,16.8447740143165,0.0732649932615459,0.5579530261456966,0.6388630135916173,16.818689997307956
259,4.364077750011347,16.82800700655207,0.0627769622951746,0.7029140251688659,0.7719849818386137,16.835286980494857
260,4.380924362980295,16.84661296894774,0.07105601252987981,0.5629759980365634,0.6418720004148781,16.80609700269997
261,4.397742141969502,16.817778989207,0.09546696674078703,0.5633800174109638,0.6667600246146321,16.820005024783313
262,4.414573598012794,16.831456043291837,0.09638798655942082,0.5256669828668237,0.62993896426633,16.82428695494309
263,4.431408877018839,16.83527900604531,0.06956502329558134,0.5559669807553291,0.633113959338516,16.804424987640232
264,4.448222724022344,16.813847003504634,0.06455602124333382,0.6000779685564339,0.6710089510306716,16.831332992296666
265,4.465063487004954,16.840762982610613,0.07561600068584085,0.5679839523509145,0.6499919691123068,16.869767976459116
266,4.4819442220032215,16.880734998267144,0.06972899427637458,0.5137069965712726,0.5907230079174042,16.737079015001655
267,4.4986859890050255,16.741767001803964,0.051480019465088844,0.6639279890805483,0.7184940041042864,16.73460699385032
268,4.515425449004397,16.73945999937132,0.05190499359741807,0.5227799993008375,0.5779149942100048,16.808360000140965
269,4.53224373300327,16.818283998873085,0.06501300958916545,0.6723270053043962,0.7437739986926317,16.811473004054278
270,4.549064835009631,16.82110200636089,0.06484700134024024,0.5434610066004097,0.6147389649413526,16.814197006169707
271,4.5658891220227815,16.82428701315075,0.07275200914591551,0.5335700116120279,0.6126409862190485,16.769633977673948
272,4.582664128975011,16.775006952229887,0.05213503027334809,0.5967539618723094,0.6521239993162453,16.831009997986257
273,4.59950543101877,16.841302043758333,0.08046295261010528,0.39177900180220604,0.4786969511769712,16.731552954297513
274,4.616241925978102,16.73649495933205,0.051732000429183245,0.5184549954719841,0.5733130383305252,16.82586601236835
275,4.6330771269858815,16.835201007779688,0.08750299457460642,0.4834749852307141,0.5773809971287847,16.837396018672734
276,4.649926181999035,16.849055013153702,0.0823379959911108,0.5266040097922087,0.6167379906401038,16.72869798494503
277,4.666659662965685,16.73348096664995,0.052063027396798134,0.5725289811380208,0.6277540232986212,16.733858035877347
278,4.683398197987117,16.738535021431744,0.05027500446885824,0.5059419781900942,0.5592560046352446,16.851275984663516
279,4.700260961020831,16.862763033714145,0.0810979981906712,0.5165289621800184,0.605422945227474,16.81018795352429
280,4.717082239978481,16.821278957650065,0.06710801972076297,0.7079339702613652,0.7890909910202026,16.80771104292944
281,4.73389941296773,16.81717298924923,0.07240596460178494,0.38428400876000524,0.4629740142263472,16.819835000205785
282,4.750730419997126,16.83100702939555,0.07461197674274445,0.7135220221243799,0.7958170026540756,16.729812021367252
283,4.767465065990109,16.734645992983133,0.05164695903658867,0.712525041308254,0.7673050276935101,16.77618600660935
284,4.784252222976647,16.78715698653832,0.08691800758242607,0.5780700012110174,0.6724140257574618,16.841631033457816
285,4.801103128993418,16.85090601677075,0.060677994042634964,0.6804730510339141,0.7474910235032439,17.342058999929577
286,4.81845057697501,17.347447981592268,0.056209973990917206,0.38796302396804094,0.4475850146263838,16.76578604383394
287,4.8352273349883035,16.776758013293147,0.07482198998332024,0.4249609773978591,0.507269985973835,16.826161998324096
288,4.852062919002492,16.8355840141885,0.07282901788130403,0.5572509835474193,0.6364689907059073,16.80110499728471
289,4.868873408995569,16.81048999307677,0.08487503509968519,0.6548359524458647,0.7460219785571098,16.810678993351758
290,4.885695094009861,16.821685014292598,0.08844496915116906,0.530213990714401,0.6261699600145221,16.729420982301235
291,4.902429290988948,16.734196979086846,0.05111499922350049,0.5210830131545663,0.5752239958383143,16.805097984615713
292,4.919243721989915,16.81443100096658,0.08424400584772229,0.5291429697535932,0.6197019829414785,16.81009097956121
293,4.936064531968441,16.820809978526086,0.08845701813697815,0.3769629984162748,0.47362002078443766,16.804174054414034
294,4.952878248004708,16.81371603626758,0.0680240336805582,0.6536580040119588,0.7281500147655606,16.82793296640739
295,4.969718539970927,16.8402919662185,0.10644097346812487,0.5609790096059442,0.6767330341972411,16.776214994024485
296,4.98650777398143,16.789234010502696,0.07924396777525544,0.608238042332232,0.6931840325705707,16.814359987620264
297,5.0033351319725625,16.827357991132885,0.1280150027014315,0.6423899903893471,0.7807980291545391,16.9243790442124
298,5.020269018015824,16.933886043261737,0.13189000310376287,0.8329689735546708,0.9718819637782872,16.830098000355065
299,5.037104050978087,16.83503296226263,0.0604050001129508,0.6130519905127585,0.6766199949197471,16.862074029631913
300,5.053970962995663,16.866912017576396,0.05685602081939578,0.7501320214942098,0.8100310224108398,16.82400197023526
301,5.070799772976898,16.82880998123437,0.0579439802095294,0.6520430324599147,0.7130480371415615,16.827367013320327
302,5.087631830014288,16.83205703739077,0.05681102629750967,0.6841849535703659,0.7439949549734592,16.729626979213208
303,5.104366787010804,16.734956996515393,0.05775195313617587,0.5414730403572321,0.6027659983374178,16.90267596859485
304,5.121274720004294,16.90793299349025,0.05744100781157613,0.7037229952402413,0.7646270096302032,16.797998978290707
305,5.138077994983178,16.803274978883564,0.06067199865356088,0.6575419683940709,0.7215299992822111,16.79441099986434
306,5.154877665976528,16.799670993350446,0.05629297811537981,0.6803920259699225,0.7400840404443443,16.8960330192931
307,5.171778817020822,16.901151044294238,0.053867988754063845,0.7262940052896738,0.783403986133635,16.793672984931618
308,5.188579061999917,16.800244979094714,0.05264999344944954,0.39406103314831853,0.44991401955485344,16.729524999391288
309,5.205314475984778,16.735413984861225,0.0531619880348444,0.5589500069618225,0.6154979928396642,16.898575995583087
310,5.222218089969829,16.90361398505047,0.05166901974007487,0.526927993632853,0.5818860372528434,16.930836020037532
311,5.239154278009664,16.936188039835542,0.05598599091172218,0.5555280367843807,0.6149290129542351,16.9061979977414
312,5.256065830995794,16.91155298613012,0.057658005971461535,0.6088759982958436,0.6699310033582151,16.794094000943005
313,5.272866812010761,16.800981014966965,0.08703797357156873,0.6008000345900655,0.6929539958946407,16.73687598668039
314,5.28961028100457,16.743468993809074,0.0782349961809814,0.36839902168139815,0.45114499516785145,16.73368801129982
315,5.306348956015427,16.73867501085624,0.05417194915935397,0.5698580062016845,0.6274599581956863,16.91304298583418
316,5.323266932973638,16.91797695821151,0.05490903276950121,0.6076900172047317,0.6657570484094322,16.919156012590975
317,5.340191425988451,16.92449301481247,0.05400198278948665,0.4906030371785164,0.5478960229083896,16.886527999304235
318,5.357100976980291,16.90955099184066,0.0569969997741282,0.6713280454277992,0.7318510324694216,16.792640031781048
319,5.373899201978929,16.798224998638034,0.05799200152978301,0.5446220166049898,0.6060610176064074,16.72726101242006
320,5.390631366986781,16.732165007852018,0.051863957196474075,0.5137840053066611,0.5688809906132519,16.853852022904903
321,5.407508171978407,16.87680499162525,0.07229496259242296,0.6370110204443336,0.7255040109157562,16.726961999665946
322,5.424240141001064,16.731969022657722,0.05263200728222728,0.4958159988746047,0.5515770171768963,16.795291972812265
323,5.441040307981893,16.80016698082909,0.05453400081023574,0.559016945771873,0.6167439860291779,16.793266986496747
324,5.457838892005384,16.798584023490548,0.057955970987677574,0.5063500138930976,0.5677579902112484,16.734245989937335
325,5.474577814980876,16.738922975491732,0.049681984819471836,0.514968007337302,0.5676320288330317,16.73128904076293
326,5.4913140930002555,16.736278019379824,0.05239300662651658,0.5155059625394642,0.5710109835490584,16.861766984220594
327,5.508181095006876,16.86700200662017,0.05796004552394152,0.5771690048277378,0.6386800087057054,16.87628700165078
328,5.525062830012757,16.881735005881637,0.06502203177660704,0.8689530077390373,0.9375709923915565,16.926503973081708
329,5.542013278987724,16.950448974967003,0.06637797923758626,0.6042239838279784,0.6746129947714508,16.81126601761207
330,5.558829956979025,16.81667799130082,0.05785503890365362,0.5620860029011965,0.6233440362848341,16.729906026739627
331,5.575564847968053,16.734890989027917,0.05288701504468918,0.5538039840757847,0.6098820012994111,16.76320203114301
332,5.592333411972504,16.768564004451036,0.056652992498129606,0.650075962767005,0.7100660004653037,16.8002110440284
333,5.609140557993669,16.807146021164954,0.09540398605167866,0.6329609896056354,0.747571000829339,16.88499900046736
334,5.626044352015015,16.903794021345675,0.05871901521459222,0.6642660009674728,0.726529979147017,16.864814970176667
335,5.6429209759808145,16.87662396579981,0.05323399091139436,0.6220520008355379,0.6784900324419141,16.87652402324602
336,5.659814504964743,16.893528983928263,0.05344097735360265,0.5202669999562204,0.5769830313511193,16.729138034861535
337,5.676548469986301,16.733965021558106,0.05239603342488408,0.6436510011553764,0.6991940317675471,16.84952003415674
338,5.693421492993366,16.873023007065058,0.06406795000657439,0.6056230049580336,0.6863059825263917,16.907635028474033
339,5.710334361996502,16.91286900313571,0.055724987760186195,0.44545502169057727,0.5047270096838474,16.83018298354
340,5.727187477983534,16.853115987032652,0.09713397594168782,0.6722460384480655,0.7856180309318006,16.927591990679502
341,5.744129245984368,16.94176800083369,0.05787302507087588,1.1110560153611004,1.1723610223270953,16.89461199566722
342,5.761028845969122,16.899599984753877,0.052419956773519516,0.5878910305909812,0.6434200331568718,16.726749017834663
343,5.777760393975768,16.731548006646335,0.04934502067044377,0.6594599690288305,0.7118550129234791,16.72708202386275
344,5.794492586981505,16.732193005736917,0.053611991461366415,0.5287239910103381,0.5855700001120567,16.702255990821868
345,5.811200205003843,16.707618022337556,0.054895004723221064,0.6081510218791664,0.6665519904345274,16.730214993003756
346,5.827935430977959,16.735225974116474,0.05327397957444191,0.6326260045170784,0.6891150260344148,16.729535011108965
347,5.844670476973988,16.73504599602893,0.05309202242642641,0.3828320186585188,0.4391880356706679,16.728594026062638
348,5.861404038965702,16.73356199171394,0.0534870196133852,0.645191001240164,0.7020050543360412,16.766644024755806
349,5.878199621976819,16.795583011116832,0.06554601714015007,0.6528769736178219,0.7382080075331032,16.916086024139076
350,5.895121462002862,16.921840026043355,0.05337700713425875,0.639998004771769,0.696600996889174,16.794836963526905
351,5.911921707971487,16.80024596862495,0.058222038205713034,0.6966809742152691,0.758372014388442,16.844152996782213
352,5.928789140016306,16.867432044818997,0.07869600085541606,0.7232670322991908,0.8180729928426445,16.873182961717248
353,5.9456884620012715,16.899321984965354,0.05664100171998143,0.5777779733762145,0.6472489912994206,16.734679986257106
354,5.962428012979217,16.739550977945328,0.05266896914690733,0.6005809991620481,0.6565219955518842,16.839082003571093
355,5.979274024022743,16.846011043526232,0.05295901792123914,0.636446988210082,0.6926219793967903,16.803146980237216
356,5.996082622965332,16.808598942589015,0.06042298628017306,0.5303979851305485,0.5942130228504539,16.809858032502234
357,6.012897823995445,16.815201030112803,0.057473022025078535,0.538427964784205,0.599409977439791,16.89177000662312
358,6.029812381020747,16.9145570253022,0.053544994443655014,0.522891990840435,0.5808809655718505,16.72827295260504
359,6.0465456689707935,16.73328795004636,0.05322601646184921,0.6848290213383734,0.7413400453515351,16.737177036702633
360,6.063287821016274,16.742152045480907,0.05265104118734598,0.7010939880274236,0.7570009911432862,16.88691898016259
361,6.08020112599479,16.913304978515953,0.05741702625527978,0.5092369974590838,0.570646021515131,16.79865800542757
362,6.097004672978073,16.803546983283013,0.053060008212924004,0.597467995248735,0.6537390290759504,16.872464038897306
363,6.113885156984907,16.880484006833285,0.05213997792452574,0.6439069984480739,0.699253985658288,16.73138001933694
364,6.130621586984489,16.73642999958247,0.05311501445248723,0.5766379763372242,0.6329219904728234,16.898331989068538
365,6.1475251609808765,16.903573996387422,0.058029021602123976,0.592911965213716,0.6544819916598499,16.850738029461354
366,6.1643855790025555,16.860418021678925,0.05289597902446985,0.45334099559113383,0.5095009692013264,16.8021569843404
367,6.181193133990746,16.80755498819053,0.1277819974347949,0.5054439534433186,0.636664975900203,16.830387990921736
368,6.198028869985137,16.835735994391143,0.060354010201990604,0.5299760377965868,0.5937900277785957,16.7394460295327
369,6.214773089974187,16.74421998905018,0.05219201557338238,0.5173619720153511,0.572699005715549,16.74552500480786
370,6.231523466994986,16.750377020798624,0.052404007874429226,0.31959498301148415,0.375180970877409,16.73386199399829
371,6.248262406967115,16.73893997212872,0.052916991990059614,0.4264559829607606,0.4825830110348761,16.857661015819758
372,6.265140318020713,16.877911053597927,0.05289597902446985,0.4957260098308325,0.5521759740076959,16.784763953182846
373,6.281930050987285,16.789732966572046,0.05317397881299257,0.28051098342984915,0.33689598785713315,16.729401017073542
374,6.298664495989215,16.73444500193,0.05256501026451588,0.45231200056150556,0.5080720293335617,16.729148977901787
375,6.31539853598224,16.734039993025362,0.05256204167380929,0.386501953471452,0.44245098251849413,16.898014000616968
376,6.332325327966828,16.926791984587908,0.05576299736276269,0.2598610008135438,0.33574801636859775,16.916815016884357
377,6.349249679013155,16.9243510463275,0.053157040383666754,0.5317929899320006,0.5881899851374328,16.876723966561258
378,6.36615673097549,16.907051962334663,0.05439104279503226,0.5345349782146513,0.5940460250712931,16.787033004220575
379,6.382949009013828,16.792278038337827,0.0575709855183959,0.4126330022700131,0.4736059927381575,16.868031001649797
380,6.399827707966324,16.878698952496052,0.05840900121256709,0.2939040423370898,0.35583705175668,16.72728604171425
381,6.416559650970157,16.731943003833294,0.050408998504281044,0.4888279945589602,0.5422530230134726,16.883525997400284
382,6.4334575409884565,16.897890018299222,0.05643797339871526,0.5476900259964168,0.6075340206734836,16.876471985597163
383,6.450357037014328,16.899496025871485,0.0540610053576529,0.523936003446579,0.5929759936407208,16.90836698981002
384,6.467276607989334,16.919570975005627,0.053889991249889135,0.48618001164868474,0.5432420293800533,16.85662299860269
385,6.484149538970087,16.872930980753154,0.05321000935509801,0.5439039668999612,0.6004750030115247,16.926379001233727
386,6.501081213995349,16.93167502526194,0.05983700975775719,0.5506229936145246,0.6139259785413742,16.843066026922315
387,6.517943000013474,16.861786018125713,0.05766603862866759,1.0712019866332412,1.1321579804643989,16.90815598703921
388,6.534856177982874,16.91317796939984,0.054750009439885616,0.8848319994285703,0.9427660261280835,16.90348901320249
389,6.551784773007967,16.928595025092363,0.05745497765019536,0.2877020160667598,0.34937099553644657,17.782807000912726
390,6.5695724110119045,17.7876380039379,0.05234195850789547,0.6146749947220087,0.6702689570374787,16.725427994970232
391,6.5863025530125014,16.73014200059697,0.05183398025110364,0.4665030282922089,0.5215139826759696,16.873262997251004
392,6.603203656966798,16.90110395429656,0.05550496280193329,0.4692960064858198,0.5300120101310313,16.85150503180921
393,6.620060128974728,16.85647200793028,0.05927204620093107,0.36543398164212704,0.4279420245438814,16.827648039907217
394,6.6368928420124575,16.832713037729263,0.055679993238300085,0.3612590371631086,0.42017799569293857,16.755977005232126
395,6.653672116983216,16.779274970758706,0.09644695091992617,0.22187200374901295,0.3341489937156439,16.73540601041168
396,6.670412481005769,16.740364022552967,0.05350803257897496,0.3788570174947381,0.43560401536524296,16.757205012254417
397,6.687175035011023,16.76255400525406,0.056958990171551704,0.390583008993417,0.4509449936449528,16.73234096961096
398,6.703911236021668,16.736201010644436,0.05084997974336147,0.24928804486989975,0.30284299282357097,16.75937295658514
399,6.720674632990267,16.76339696859941,0.051063019782304764,0.32140297116711736,0.3753019846044481,16.69454900547862
400,6.737372991978191,16.69835898792371,0.049663998652249575,0.3575109876692295,0.40994101436808705,16.72220102045685
401,6.754100114980247,16.727123002056032,0.05232199328020215,0.4249349585734308,0.48017798690125346,16.814030008390546
402,6.770919105969369,16.81899098912254,0.05195301491767168,0.47872099094092846,0.5339030176401138,16.73298899549991
403,6.787656083994079,16.73697802470997,0.05065702134743333,0.22849097149446607,0.28211198514327407,16.72315801260993
404,6.804383278999012,16.727195004932582,0.051570008508861065,0.3804799634963274,0.4350629751570523,16.715537989512086
405,6.821102648973465,16.719369974453002,0.04896102473139763,0.3787259920500219,0.43044501217082143,16.732157033402473
406,6.837838482984807,16.735834011342376,0.050712027586996555,0.3061079769395292,0.35958498483523726,16.735040000639856
407,6.8545759720145725,16.73748902976513,0.0333779607899487,0.40539103792980313,0.4405310028232634,16.730112954974174
408,6.871308290981688,16.732318967115134,0.030699011404067278,0.19769399659708142,0.2298430190421641,16.74906100379303
409,6.888076454983093,16.76816400140524,0.07035699672996998,0.3924210323020816,0.4871290293522179,16.729990020394325
410,6.9048103539971635,16.73389901407063,0.04840403562411666,0.25704200379550457,0.30820502433925867,16.736763005610555
411,6.921550980012398,16.74062601523474,0.048618996515870094,0.44816499575972557,0.49955997383221984,16.734101984184235
412,6.938287721015513,16.73674100311473,0.044599000830203295,0.2835029736161232,0.33030397025868297,16.791149973869324
413,6.955083701992407,16.795980976894498,0.05306297680363059,0.38300902815535665,0.4415410221554339,16.731438983697444
414,6.971819243975915,16.735541983507574,0.05216902354732156,0.5357969785109162,0.5909299943596125,17.27972604567185
415,6.9891084270202555,17.28918304434046,0.14535902300849557,0.35380199551582336,0.5076099769212306,17.156202986370772
416,7.0062703879666515,17.161960946395993,0.08789100684225559,0.4628300084732473,0.5563570302911103,16.93580101709813
417,7.023224542965181,16.954154998529702,0.053544994443655014,0.5091099883429706,0.5660810275003314,16.730719013139606
418,7.03995942696929,16.734884004108608,0.0526549993082881,0.49200799548998475,0.5476080114021897,16.73014904372394
419,7.0566937329713255,16.734306002035737,0.05078897811472416,0.41203299770131707,0.46552199637517333,16.7491240426898
420,7.073460421990603,16.766689019277692,0.05009898450225592,0.35875197499990463,0.41192397475242615,16.72294898889959
421,7.090187366993632,16.72694500302896,0.04921102663502097,0.8552260114811361,0.9071900276467204,16.734018980059773
422,7.106925043975934,16.73767698230222,0.04877604078501463,0.42389199370518327,0.4753590328618884,16.75190799869597
423,7.123681087978184,16.756044002249837,0.0513350241817534,0.37308497121557593,0.4274160019122064,16.734689997974783
424,7.140419417992234,16.738330014050007,0.04928803537040949,0.46688097063452005,0.5187829956412315,16.679461987223476
425,7.157102758006658,16.683340014424175,0.04852301208302379,0.40158198680728674,0.4528239951469004,16.794897965155542
426,7.173902920971159,16.800162964500487,0.05673099076375365,0.3828839980997145,0.44302502647042274,16.731794050429016
427,7.190638636995573,16.735716024413705,0.05157297709956765,0.46916003338992596,0.5234280251897871,16.727163980249316
428,7.207370440009981,16.731803014408797,0.04960299702361226,0.4615240031853318,0.5141699803061783,16.726281959563494
429,7.224100723979063,16.73028396908194,0.048291985876858234,0.25776104303076863,0.30881003476679325,16.843569988850504
430,7.240968737984076,16.86801400501281,0.05090201739221811,0.293918012175709,0.3485740162432194,16.73276600195095
431,7.257705606985837,16.73686900176108,0.0518359593115747,0.30942901503294706,0.36411499604582787,16.730731003917754
432,7.274440006993245,16.734400007408112,0.04813499981537461,0.3728290321305394,0.42361102532595396,16.73035102430731
433,7.291174502985086,16.73449599184096,0.05211099050939083,0.2805340336635709,0.33557001734152436,16.771610011346638
434,7.307950171991251,16.775669006165117,0.05152897210791707,0.36274699959903955,0.4170709871686995,16.738201025873423
435,7.3246920889941975,16.74191700294614,0.051381997764110565,0.2903539570979774,0.34441897878423333,16.73528499668464
436,7.341431246022694,16.739157028496265,0.04923297092318535,0.4955860204063356,0.5475719808600843,16.728022950701416
437,7.35816345497733,16.732208954636008,0.051292008720338345,0.2853869809769094,0.3395529929548502,16.723404987715185
438,7.374890998005867,16.727543028537184,0.05219294689595699,0.2532580401748419,0.30842400155961514,16.73279097303748
439,7.391628266021144,16.73726801527664,0.05108898039907217,0.23656402481719851,0.2907009911723435,16.725016990676522
440,7.408357161970343,16.728895949199796,0.048599031288176775,0.4780750023201108,0.5294040311127901,16.837717033922672
441,7.425199760997202,16.842599026858807,0.052956980653107166,0.3115410218015313,0.3676100168377161,16.84142299927771
442,7.442069866985548,16.87010598834604,0.05927699385210872,0.4570339806377888,0.5280780023895204,16.735821031033993
443,7.458809652016498,16.73978503094986,0.05113397492095828,0.27862400747835636,0.3325209836475551,16.736254969146103
444,7.47554970899364,16.74005697714165,0.04919199272990227,0.3785890294238925,0.4305110196582973,16.73704298445955
445,7.492291035014205,16.741326020564884,0.056491990108042955,0.630584021564573,0.690285989549011,16.737588972318918
446,7.50903274200391,16.741706989705563,0.053499999921768904,0.38577598752453923,0.4421499907039106,16.7398729827255
447,7.5257915270049125,16.758785001002252,0.060053018387407064,0.2318549668416381,0.3064469783566892,16.722847009077668
448,7.542518336966168,16.72680996125564,0.04862796049565077,0.3735460340976715,0.4249100456945598,16.731084033381194
449,7.559253451006953,16.735114040784538,0.049358990509063005,0.29564398573711514,0.3477839636616409,16.785615007393062
450,7.576044022978749,16.790571971796453,0.05574000533670187,0.42806100100278854,0.4870580160059035,16.751146991737187
451,7.59280010900693,16.756086028181016,0.05290500121191144,0.23442204110324383,0.2905100118368864,16.722235013730824
452,7.60952613101108,16.726022004149854,0.0491610262542963,0.4657989484257996,0.5176859558559954,16.725891968235373
453,7.62625582999317,16.729698982089758,0.04942197119817138,0.3529940149746835,0.40515599539503455,16.787170025054365
454,7.64306959597161,16.813765978440642,0.0809160410426557,0.29989698668941855,0.41473202873021364,16.733459022361785
455,7.659806973999366,16.737378027755767,0.050911970902234316,0.30767498537898064,0.36139896837994456,16.73626300180331
456,7.676547061011661,16.74008701229468,0.048784015234559774,0.30246999813243747,0.35399000626057386,16.763942956458777
457,7.693316664022859,16.769603011198342,0.05245499778538942,0.370740017388016,0.42637198930606246,16.733054944779724
458,7.710069714987185,16.753050964325666,0.0797490356490016,0.418676994740963,0.513211009092629,16.7328380048275
459,7.726821810007095,16.752095019910485,0.06781303090974689,0.3575679729692638,0.4393219714984298,16.725856985431165
460,7.743551813007798,16.73000300070271,0.051708018872886896,0.30554301338270307,0.36014500074088573,16.72727899858728
461,7.760283199022524,16.731386014726013,0.05215901182964444,0.47546200221404433,0.5304719670675695,16.79451996460557
462,7.777082590968348,16.799391945824027,0.052916991990059614,0.387815001886338,0.4439330077730119,16.75232604611665
463,7.793839031015523,16.756440047174692,0.05413702456280589,0.3937599831260741,0.4507069825194776,16.74245996400714
464,7.810597717005294,16.75868598977104,0.048824993427842855,0.40021399036049843,0.45174197293817997,16.72749500721693
465,7.827330032014288,16.732315008994192,0.053086027037352324,0.48569298814982176,0.5420009838417172,16.74693898530677
466,7.844101366004907,16.771333990618587,0.05328998668119311,0.35541399847716093,0.4224269650876522,16.728868999052793
467,7.860833123966586,16.73175796167925,0.033625983633100986,0.37767202593386173,0.4129580338485539,16.730671050027013
468,7.877565875998698,16.73275203211233,0.028754002414643764,0.4728380008600652,0.503011979162693,16.84518001275137
469,7.894415051967371,16.84917596867308,0.04673103103414178,0.26709999656304717,0.31640304950997233,16.684288042597473
470,7.9111027480103076,16.687696042936295,0.04643900319933891,0.2381610102020204,0.28681399999186397,16.730109986383468
471,7.927835310983937,16.732562973629683,0.03018503775820136,0.2422319957986474,0.2738240291364491,16.721207997761667
472,7.944560442992952,16.725132009014487,0.0494510168209672,0.2746349782682955,0.32687600469216704,16.72237500315532
473,7.961286878969986,16.72643597703427,0.051870010793209076,0.46959397150203586,0.5243790219537914,16.845852020196617
474,7.978137728001457,16.850849031470716,0.05268794484436512,0.3333050408400595,0.3891600063070655,16.729596012737602
475,7.994871361006517,16.733633005060256,0.049640017095953226,0.4277240368537605,0.4802420153282583,16.736175981350243
476,8.011614062997978,16.742701991461217,0.08070800686255097,0.3176520112901926,0.4023099900223315,16.731399984564632
477,8.028352789988276,16.738726990297437,0.10266201570630074,0.46140700578689575,0.5702400230802596,16.73002098686993
478,8.045094543020241,16.741753031965345,0.14091498451307416,1.5063839964568615,1.6555689508095384,16.738157952204347
479,8.061838513007388,16.743969987146556,0.08106703171506524,0.30123197939246893,0.3867829800583422,16.730776987969875
480,8.078572377969977,16.733864962588996,0.04255003295838833,0.2530799829401076,0.297915015835315,16.745429020375013
481,8.095330556971021,16.758179001044482,0.049664988182485104,0.21820899564772844,0.2774299937300384,16.72867505112663
482,8.112062205967959,16.73164899693802,0.042199972085654736,0.3753190394490957,0.41955604683607817,16.730526054743677
483,8.128797054989263,16.7348490213044,0.1053960295394063,0.46098895836621523,0.5690319812856615,17.40585098741576
484,8.146206773992162,17.409719002898782,0.05223503103479743,0.24144595954567194,0.29644998721778393,16.732186020817608
485,8.162941241986118,16.73446799395606,0.03176496829837561,0.3782980493269861,0.4116350319236517,16.796326031908393
486,8.179739571001846,16.798329015728086,0.02932600909844041,0.26237498968839645,0.2931369817815721,16.73597499029711
487,8.196494725998491,16.755154996644706,0.07263803854584694,0.29003096278756857,0.37702597910538316,16.746317967772484
488,8.213277278991882,16.78255299339071,0.05311303539201617,0.2510969643481076,0.32141897827386856,16.7603479931131
489,8.230040235968772,16.762956976890564,0.038725032936781645,0.23611797951161861,0.27687702095136046,16.73896802822128
490,8.24678121501347,16.74097904469818,0.03032200038433075,0.19747699843719602,0.22917595924809575,16.731656971387565
491,8.263525140995625,16.743925982154906,0.09213399607688189,0.3155220183543861,0.41623698780313134,16.767693974543363
492,8.28031124197878,16.78610098315403,0.027192989364266396,0.2307930262759328,0.26093103224411607,16.689901996869594
493,8.297004845982883,16.69360400410369,0.04676601383835077,0.23755599977448583,0.28681399999186397,16.731176001485437
494,8.31373854499543,16.73369901254773,0.03718602238222957,0.2328050322830677,0.27170602697879076,16.735907003749162
495,8.330479141965043,16.740596969611943,0.049431982915848494,0.36782899405807257,0.41989400051534176,16.724445042200387
496,8.347208763007075,16.729621042031795,0.05654699634760618,0.3771419869735837,0.4369699745438993,16.742479987442493
497,8.363956607005093,16.747843998018652,0.11436600470915437,0.39104896131902933,0.5085169686935842,16.732684976886958
498,8.380693055980373,16.736448975279927,0.05114299710839987,0.3647889825515449,0.4183999844826758,16.73314202344045
499,8.397441220993642,16.74816501326859,0.049038033466786146,0.4152979818172753,0.46684400876984,16.735027020331472
500,8.414181493979413,16.7402729857713,0.05703698843717575,0.3423130256123841,0.4024220397695899,16.79848600178957
501,8.430998197000008,16.816703020595014,0.05150696961209178,0.2576769911684096,0.31281396513804793,16.729752998799086
502,8.447732088970952,16.73389197094366,0.051431998144835234,0.2708660322241485,0.32492802711203694,16.749021015129983
503,8.464500653964933,16.768564993981272,0.05680200411006808,0.3101059701293707,0.3794810036197305,16.79276704089716
504,8.481298691011034,16.798037046100944,0.05815300391986966,0.4463620134629309,0.5075520020909607,16.9370099902153
505,8.498253362020478,16.9546710094437,0.055581971537321806,0.37078099558129907,0.4295159596949816,16.72526594484225
506,8.514982538996264,16.729176975786686,0.04785700002685189,0.23037800565361977,0.28063502395525575,16.736643970943987
507,8.531736806966364,16.754267970100045,0.05488400347530842,0.23868901189416647,0.3055310226045549,16.723296022973955
508,8.548464181018062,16.727374051697552,0.05157297709956765,0.4324020119383931,0.48687297385185957,16.737380996346474
509,8.565205333987251,16.741152969188988,0.04875898594036698,0.32384501537308097,0.37507200613617897,16.78897999227047
510,8.581999204005115,16.79387001786381,0.05281099583953619,0.41512103052809834,0.47079299110919237,16.734021017327905
511,8.59873724897625,16.738044971134514,0.050892005674541,0.41642796713858843,0.46988000394776464,16.73313503852114
512,8.61547400301788,16.736754041630775,0.04844798240810633,0.3832720103673637,0.434068962931633,16.71165699372068
513,8.632214403012767,16.74039999488741,0.057963014114648104,0.37832598900422454,0.45220699394121766,16.73554495209828
514,8.648953659983817,16.739256971050054,0.04746398190036416,0.259318039752543,0.30907202744856477,16.735045006498694
515,8.665692162991036,16.73850300721824,0.048218993470072746,0.39545801701024175,0.4460070049390197,16.70200499938801
516,8.682398108008783,16.70594501774758,0.05260901525616646,0.34023396437987685,0.39569695945829153,16.707599977962673
517,8.699109865003265,16.71175699448213,0.048501999117434025,0.3890430089086294,0.4400169709697366,16.724122979212552
518,8.715837808966171,16.727943962905556,0.04858901957049966,0.2548969932831824,0.30589901143684983,16.729322029277682
519,8.732571202970576,16.733394004404545,0.0557630555704236,0.3712659818120301,0.4296980332583189,16.783267026767135
520,8.749359051987994,16.78784901741892,0.05234300624579191,0.5351279978640378,0.5903930286876857,16.732527990825474
521,8.766095080995001,16.736029007006437,0.04494504537433386,0.4390229587443173,0.48631697427481413,16.72162301838398
522,8.782818717998452,16.723637003451586,0.03356096567586064,2.2660029935650527,2.30115297017619,17.389440967235714
523,8.800220519013237,17.401801014784724,0.08096697274595499,0.5738799809478223,0.6624579546041787,16.855701978784055
524,8.817093922989443,16.873403976205736,0.062469043768942356,0.4592799814417958,0.5290670087561011,16.854652028996497
525,8.833959467010573,16.865544021129608,0.0554250436834991,0.3275569761171937,0.3896299749612808,16.827707993797958
526,8.850798339990433,16.838872979860753,0.0715659698471427,0.41603698628023267,0.4943999811075628,16.736861027311534
527,8.867539800994564,16.741461004130542,0.051103008445352316,0.35754998680204153,0.4114090115763247,16.743984015192837
528,8.884288695990108,16.748894995544106,0.053916010074317455,0.5626060301437974,0.619448022916913,16.741059022024274
529,8.90103440801613,16.745712026022375,0.052473973482847214,0.417369999922812,0.4726239712908864,16.811375971883535
530,8.917856772022787,16.822364006657153,0.07278402335941792,0.40290498873218894,0.4824529751203954,16.72875799704343
531,8.934590098971967,16.733326949179173,0.05049200262874365,0.41645398596301675,0.46976603334769607,16.80895104072988
532,8.951408540015109,16.81844104314223,0.06647902773693204,0.5663000047206879,0.6395489908754826,16.832356981467456
533,8.96825151500525,16.842974990140647,0.06900401785969734,0.48888399032875896,0.5637709982693195,16.831215005367994
534,8.985101380967535,16.84986596228555,0.06859999848529696,0.4630190087482333,0.538331049028784,16.822164005134255
535,9.00193439197028,16.83301100274548,0.06378797115758061,0.4064739914610982,0.47712400555610657,16.795280040241778
536,9.018739317019936,16.80492504965514,0.07690599886700511,0.2640029997564852,0.34665496787056327,16.801777994260192
537,9.03555041999789,16.81110297795385,0.07396697765216231,0.442412041593343,0.5220780149102211,16.73502300400287
538,9.052290063002147,16.739643004257232,0.050153001211583614,0.5619449657388031,0.6147889653220773,16.758368001319468
539,9.069057777000125,16.767713997978717,0.06199802737683058,0.691073015332222,0.7587220170535147,16.79479196900502
540,9.085864002991002,16.806225990876555,0.06698502693325281,0.39597402792423964,0.4698440316133201,16.83414401486516
541,9.102707560989074,16.843557998072356,0.06859505083411932,0.3806069726124406,0.454847002401948,16.824187012389302
542,9.11954316002084,16.835599031765014,0.07381499744951725,0.8109209593385458,0.8917309460230172,16.79566694656387
543,9.136350749002304,16.807588981464505,0.10562199167907238,0.5640760064125061,0.677997013553977,16.80126501014456
544,9.153161333000753,16.810583998449147,0.07634499343112111,0.5975260282866657,0.6795660010538995,16.79785700980574
545,9.16996842098888,16.807087988127023,0.06632704753428698,0.5111349746584892,0.5831620073877275,16.810322005767375
546,9.186789694009349,16.821273020468652,0.0797300017438829,0.4498870112001896,0.5364739918150008,16.742520965635777
547,9.203541557013523,16.751863004174083,0.07249601185321808,0.49745896831154823,0.5755449528805912,16.81304897647351
548,9.220365513989236,16.823956975713372,0.064157007727772,0.48738298937678337,0.5583870224654675,16.8266809778288
549,9.237201614014339,16.836100025102496,0.06686500273644924,0.3105269861407578,0.38318196311593056,16.8068379862234
550,9.254019942018203,16.818328003864735,0.0685599516145885,0.48441404942423105,0.5596569972112775,16.80449297418818
551,9.270833718997892,16.813776979688555,0.07911399006843567,0.41096500353887677,0.4958949866704643,16.735151002649218
552,9.287573607987724,16.739888989832252,0.05043699638918042,0.5621109739877284,0.6153529975563288,16.812035988550633
553,9.304396911000367,16.82330301264301,0.09168597171083093,0.5097489920444787,0.6081499741412699,16.827518993522972
554,9.321233741007745,16.836830007378012,0.06631400901824236,0.4875300219282508,0.5595510010607541,16.834676964208484
555,9.338078628003132,16.844886995386332,0.06962200859561563,0.46404998283833265,0.5403649993240833,16.801505000330508
556,9.354885264998302,16.806636995170265,0.05574902752414346,0.5203160108067095,0.5790410214103758,16.729459981434047
557,9.371619604993612,16.73433999530971,0.05022797267884016,0.6578320171684027,0.7107820129022002,16.727446985896677
558,9.388351747009438,16.732142015825957,0.04997500218451023,0.6365409935824573,0.6892730016261339,16.79316395893693
559,9.405156473978423,16.80472696898505,0.08076400263234973,0.49483199836686254,0.5826210253871977,16.849228995852172
560,9.42201652599033,16.8600520119071,0.051848008297383785,0.3990340046584606,0.4560020170174539,16.82270399760455
561,9.43885027198121,16.833745990879834,0.08608598727732897,0.341374019626528,0.4342310130596161,16.850340005476028
562,9.455712091003079,16.86181902186945,0.07731595542281866,0.40019204607233405,0.4843400092795491,16.738376987632364
563,9.472460024990141,16.747933987062424,0.07086200639605522,0.278108986094594,0.35519601078704,16.83304301695898
564,9.489302489964757,16.842464974615723,0.06668700370937586,0.3860229626297951,0.45843300176784396,16.782189020887017
565,9.506092344003264,16.789854038506746,0.08196005364879966,0.4623779677785933,0.5473159835673869,16.78841997636482
566,9.522891709988471,16.79936598520726,0.07200700929388404,0.5480419495142996,0.6266909767873585,16.829303989652544
567,9.539732467965223,16.840757976751775,0.08175498805940151,0.5695819854736328,0.6592440186068416,16.81143301539123
568,9.556555568997283,16.82310103205964,0.08982600411400199,0.6148680113255978,0.711777014657855,16.789668006822467
569,9.573354788008146,16.799219010863453,0.06707198917865753,0.4194009816274047,0.49221096560359,16.850263986270875
570,9.59021454298636,16.85975497821346,0.08494599023833871,0.3836079849861562,0.47439499758183956,16.78737800102681
571,9.607011549989693,16.79700700333342,0.0661849626339972,0.7377089932560921,0.8097119862213731,16.836463997606188
572,9.62385076098144,16.839210991747677,0.04307000199332833,0.6981940241530538,0.7432780112139881,16.69593498809263
573,9.64054886100348,16.698100022040308,0.03188801929354668,0.3828009939752519,0.4161300021223724,17.699686984997243
574,9.658259979973081,17.711118969600648,0.07974699838086963,0.751230982132256,0.8381350198760629,17.062809027265757
575,9.675333965977188,17.0739860041067,0.07541599916294217,0.3110370016656816,0.3933010157197714,16.88070798991248
576,9.692225706996396,16.891741019207984,0.09901600424200296,0.7347950013354421,0.8405440021306276,16.758424986619502
577,9.708990540995728,16.76483399933204,0.0770360347814858,1.2728699948638678,1.3555890182033181,16.836007998790592
578,9.725837494013831,16.846953018102795,0.08114299271255732,0.42761198710650206,0.5156289553269744,16.729583963751793
579,9.742572150018532,16.73465600470081,0.055378011893481016,0.5045519792474806,0.5634919507429004,16.82769600301981
580,9.759410504018888,16.83835400035605,0.0714510097168386,0.5648320075124502,0.6421509897336364,16.874792985618114
581,9.776296105002984,16.885600984096527,0.07853395072743297,0.40881300810724497,0.4940499784424901,16.83675398817286
582,9.793143621005584,16.84751600259915,0.07940101204439998,0.49142399802803993,0.5777920014224946,16.79907296784222
583,9.809954213968012,16.810592962428927,0.07712497608736157,0.498151988722384,0.5824620020575821,16.818785050418228
584,9.826783975993749,16.829762025736272,0.0826180330477655,0.5829459987580776,0.6723920232616365,16.73447497887537
585,9.843523507995997,16.73953200224787,0.05650398088619113,0.47360704047605395,0.5331130232661963,16.83606399456039
586,9.860368960013147,16.84545201715082,0.06599799962714314,0.4947579582221806,0.5664819618687034,16.7988269822672
587,9.877177206974011,16.80824696086347,0.10079797357320786,0.4711310029961169,0.5777350161224604,16.82461000746116
588,9.894006818998605,16.8296120245941,0.053873052820563316,0.5023719859309494,0.5591780063696206,16.814677976071835
589,9.910832894966006,16.826075967401266,0.08816196350380778,0.5682570044882596,0.6634690216742456,16.815027047414333
590,9.927658771979623,16.825877013616264,0.07659295806661248,0.3887719940394163,0.47208298929035664,16.72700501512736
591,9.944391141005326,16.73236902570352,0.05610496737062931,0.43414003448560834,0.49371999921277165,16.856694011949003
592,9.9612591000041,16.867958998773247,0.07573002949357033,0.4287000047042966,0.5116760148666799,16.854373971000314
593,9.978125207009725,16.866107005625963,0.061511003877967596,0.4559889785014093,0.5242179613560438,16.819234006106853
594,9.994955224974547,16.83001796482131,0.07809000089764595,0.953492010012269,1.0382870095781982,16.723830020055175
595,10.011681386968121,16.72616199357435,0.037371995858848095,0.5491289775818586,0.5882930126972497,16.724139044526964
596,10.028407703968696,16.726317000575364,0.032379000913351774,0.6583660142496228,0.69219502620399,16.68086601421237
597,10.045090426981915,16.682723013218492,0.030682014767080545,0.35346398362889886,0.38560398388653994,16.724223038181663
598,10.061817309004255,16.72688202233985,0.030046969186514616,0.23262103786692023,0.26418600464239717,17.004960973281413
599,10.078824154974427,17.006845970172435,0.026623019948601723,1.0245440062135458,1.0525000398047268,16.724417044315487
600,10.095550441998057,16.726287023629993,0.03083201590925455,0.26935996720567346,0.301759981084615,17.71103497594595
601,10.113273078983184,17.722636985126883,0.09193702135235071,0.43492199620231986,0.5339740309864283,16.80364803178236
602,10.130094670981634,16.821591998450458,0.08175300899893045,0.46215596375986934,0.5508949980139732,16.79743203567341
603,10.146901689004153,16.807018022518605,0.08004903793334961,0.5121089634485543,0.5987759795971215,16.80487801786512
604,10.16371801000787,16.81632100371644,0.07505097892135382,0.5032210028730333,0.5853449692949653,16.845470992848277
605,10.180574878002517,16.856867994647473,0.07139501394703984,0.3353359643369913,0.4140649689361453,16.86441496713087
606,10.19745034899097,16.875470988452435,0.0716169597581029,0.5544149898923934,0.6328009767457843,16.823574027512223
607,10.214285113965161,16.834764974191785,0.07086503319442272,0.4671119968406856,0.5448920419439673,16.79870404768735
608,10.231095705006737,16.810591041576117,0.052040035370737314,0.3245609696023166,0.4071979783475399,16.732940974179655
609,10.247832574008498,16.73686900176108,0.04968099528923631,0.3335910150781274,0.38574199425056577,16.72946900362149
610,10.264566113997716,16.733539989218116,0.04905101377516985,0.45166799100115895,0.5031379987485707,16.746185021474957
611,10.281349487020634,16.783373022917658,0.0718749943189323,0.5614570109173656,0.6576139712706208,16.731728974264115
612,10.298085509974044,16.7360229534097,0.0511660473421216,0.25176297640427947,0.3071380197070539,16.740068036597222
613,10.314830182993319,16.74467301927507,0.049820984713733196,0.3089269739575684,0.3614479792304337,16.729302995372564
614,10.331563632003963,16.733449010644108,0.05025899736210704,0.25987799745053053,0.3125169896520674,16.74269698560238
615,10.34833367401734,16.77004201337695,0.051454000640660524,0.4224160220474005,0.49362098798155785,16.7522209812887
616,10.365092791966163,16.759117948822677,0.0490849488414824,0.3946750075556338,0.4460230120457709,16.72841201070696
617,10.381825371005107,16.732579038944095,0.05176698323339224,0.42969296919181943,0.484099960885942,16.72777801286429
618,10.398557450971566,16.732079966459423,0.05178595893085003,0.24335802299901843,0.2978360280394554,16.732467047404498
619,10.415294950013049,16.737499041482806,0.05385401891544461,0.38761302130296826,0.44443400111049414,16.73621399095282
620,10.432035122998059,16.74017298500985,0.05341001087799668,0.33667002571746707,0.39265002124011517,16.72716799657792
621,10.448766315996181,16.731192998122424,0.05200301529839635,0.27437799144536257,0.32894598552957177,16.729807015508413
622,10.465500000980683,16.73368498450145,0.050110043957829475,0.32266200287267566,0.37525303196161985,16.727951995562762
623,10.482233164017089,16.73316303640604,0.05682097980752587,0.37840002914890647,0.43831998482346535,16.894789005164057
624,10.499132697994355,16.8995339772664,0.04949502181261778,0.45619101729243994,0.5084510194137692,16.735727025661618
625,10.515872364980169,16.73966698581353,0.048636982683092356,0.3152840072289109,0.3663860261440277,16.72277902252972
626,10.532599224010482,16.72685903031379,0.05012302426621318,0.2920299884863198,0.3447079798206687,16.72986999619752
627,10.549332841997966,16.73361798748374,0.04874903243035078,0.383102975320071,0.4343949840404093,16.737498983275145
628,10.566074192000087,16.74135000212118,0.05000003147870302,0.3024329780600965,0.354930991306901,16.828078019898385
629,10.582906380994245,16.83218899415806,0.05107297329232097,0.46767399180680513,0.5213579861447215,16.726935980841517
630,10.599652823002543,16.74644200829789,0.04904100205749273,0.3340539988130331,0.3859879798255861,16.730197006836534
631,10.616387041984126,16.73421898158267,0.04814699059352279,0.4167269798927009,0.4672969807870686,16.769438982009888
632,10.633161492994986,16.774451010860503,0.05251099355518818,0.44852501014247537,0.5039260140620172,16.809349006507546
633,10.64997571700951,16.81422401452437,0.05309702828526497,0.239470973610878,0.29547896701842546,16.72289497219026
634,10.666702440008521,16.726722999010235,0.048520974814891815,0.31050300458446145,0.36146899219602346,16.732111980672926
635,10.683438528969418,16.736088960897177,0.0511569669470191,0.2695200382731855,0.3232810413464904,16.716153011657298
636,10.70015989796957,16.721369000151753,0.0569300027564168,0.24403200950473547,0.3040240262635052,16.79946604417637
637,10.716977316013072,16.817418043501675,0.048509042244404554,0.3507909714244306,0.40191097650676966,16.721869003959
638,10.73370325396536,16.725937952287495,0.05200202576816082,0.251502962782979,0.3060770104639232,16.726531030144542
639,10.750433939974755,16.730686009395868,0.052033981774002314,0.41457999031990767,0.46953000128269196,16.72652503475547
640,10.76716517697787,16.731237003114074,0.054225034546107054,0.3776039811782539,0.43467001523822546,16.800632991362363
641,10.783970067976043,16.804890998173505,0.0515999854542315,0.32526999711990356,0.3795520169660449,16.723920998629183
642,10.80069788498804,16.727817011997104,0.04855898441746831,0.25087303947657347,0.301951018627733,16.726126021239907
643,10.817428124020807,16.730239032767713,0.05259196041151881,0.5761330248787999,0.6312659825198352,16.72347995918244
644,10.834156690980308,16.728566959500313,0.05916203372180462,0.3202409716323018,0.3826789907179773,16.736746998503804
645,10.850897366006393,16.740675026085228,0.04877703031525016,0.3695829655043781,0.4207979654893279,16.73195796320215
646,10.867631867004093,16.734500997699797,0.04043302033096552,0.3952949773520231,0.437473994679749,16.733017982915044
647,10.884380361996591,16.74849499249831,0.0393390073440969,0.30116294510662556,0.3511469694785774,16.720394021831453
648,10.90111514000455,16.734778007958084,0.06033899262547493,0.44692697701975703,0.5165489856153727,16.72988897189498
649,10.917847289994825,16.732149990275502,0.03113097045570612,0.2288840478286147,0.2614990225993097,16.72794797923416
650,10.934579107968602,16.731817973777652,0.049313995987176895,0.2467809827066958,0.29872299637645483,16.741275030653924
651,10.951344016008079,16.764908039476722,0.05940697155892849,0.41519402293488383,0.4918189952149987,16.78680395707488
652,10.968135683971923,16.791667963843793,0.11990696657449007,0.4492250154726207,0.5719700129702687,16.892969026230276
653,10.985057418001816,16.921734029892832,0.07108901627361774,0.5149719654582441,0.6042249733582139,16.790153982583433
654,11.001852626970503,16.795208968687803,0.0526580261066556,0.4693010123446584,0.5248710513114929,16.875694040209055
655,11.018733136006631,16.880509036127478,0.05253497511148453,0.519195047672838,0.5746110109612346,16.737480007577688
656,11.03547530900687,16.742173000238836,0.05263002822175622,0.4375730059109628,0.4928790149278939,18.649462959729135
657,11.054133961966727,18.658652959857136,0.12652494478970766,0.36640401231124997,0.4993450129404664,16.73542003845796
658,11.070878978003748,16.745016037020832,0.11732697021216154,0.5590590299107134,0.6844180170446634,16.742998966947198
659,11.087631271977443,16.752293973695487,0.1241569989360869,0.3319460083730519,0.4638760001398623,16.731715004425496
660,11.104369701002724,16.73842902528122,0.08512299973517656,0.6249049911275506,0.714799971319735,16.93846599664539
661,11.121313325013034,16.943624010309577,0.05441298708319664,0.43497601291164756,0.49235200276598334,16.897252993658185
662,11.138233673002105,16.92034798907116,0.05433103069663048,0.47940301010385156,0.5389910074882209,16.73496700823307
663,11.15497371100355,16.74003800144419,0.10238500544801354,0.41123502887785435,0.5166070186533034,16.782446997240186
664,11.17177840298973,16.804691986180842,0.06524700438603759,0.42296998435631394,0.5023190169595182,16.72941300785169
665,11.18851289700251,16.734494012780488,0.05294400034472346,0.5316240130923688,0.5875389906577766,16.745081986300647
666,11.205263432988431,16.75053598592058,0.05759298801422119,0.41404302464798093,0.4748450010083616,16.800314013380557
667,11.222069183015265,16.805750026833266,0.06129598477855325,0.3563499776646495,0.4208269529044628,16.787083994131535
668,11.238861331017688,16.792148002423346,0.05212303949519992,0.36532996455207467,0.42035395745188,16.733720956835896
669,11.255600161966868,16.738830949179828,0.05229096859693527,0.3527390072122216,0.40795101085677743,16.866717021912336
670,11.272480248007923,16.88008604105562,0.05481700645759702,0.3823990118689835,0.44040201464667916,16.729291004594415
671,11.289213391020894,16.733143012970686,0.04853098653256893,0.2945610322058201,0.3455469850450754,16.731480951420963
672,11.305948749009985,16.735357989091426,0.04821503534913063,0.2995029790326953,0.350261980202049,16.7323179775849
673,11.322685606020968,16.73685701098293,0.04829297540709376,0.37336302921175957,0.4240649868734181,17.138063965830952
674,11.339826759009156,17.14115298818797,0.04760397132486105,0.2771500148810446,0.3273329930379987,16.736118006519973
675,11.35656691598706,16.740156977903098,0.05187798524275422,0.384755025152117,0.43921603355556726,16.723412030842155
676,11.373294573975727,16.727657988667488,0.05246599903330207,0.5669000092893839,0.6219520000740886,16.789018001873046
677,11.390091156004928,16.79658202920109,0.05635799607262015,0.521100009791553,0.5805040127597749,16.7365389643237
678,11.406831491971388,16.740335966460407,0.05152594530954957,0.2764130476862192,0.33051404170691967,16.73101499909535
679,11.423566416022368,16.734924050979316,0.05057902308180928,0.43377396650612354,0.48673496348783374,16.73255197238177
680,11.44030398799805,16.73757197568193,0.05197699647396803,0.40382996667176485,0.45871298061683774,16.86498400522396
681,11.457185060018674,16.881072020623833,0.05529599729925394,0.478164991363883,0.5363829550333321,16.737531987018883
682,11.473926289996598,16.741229977924377,0.050520990043878555,0.43602200457826257,0.4889490082859993,16.722284024581313
683,11.490652441978455,16.726151981856674,0.04872202407568693,0.4816809669137001,0.5328530096448958,16.72788301948458
684,11.507384133001324,16.7316910228692,0.049434020183980465,0.48763694940134883,0.5395449697971344,16.7189110070467
685,11.524106596014462,16.722463013138622,0.047592970076948404,0.2662170445546508,0.31615799525752664,16.73057599691674
686,11.54083976300899,16.733166994526982,0.0349429901689291,0.23721798788756132,0.2739519695751369,16.72886498272419
687,11.557572512014303,16.732749005313963,0.05164399044588208,0.4070800496265292,0.4611850017681718,16.722314001526684
688,11.574298569990788,16.7260579764843,0.04905101377516985,0.35813997965306044,0.4097159835509956,16.730625997297466
689,11.591032496013213,16.733926022425294,0.044302025344222784,0.23586401948705316,0.2825109986588359,16.72406296711415
690,11.607758800964803,16.726304951589555,0.03139500040560961,0.22730202181264758,0.2601640298962593,16.729143040720373
691,11.62449017202016,16.731371055357158,0.028454989660531282,0.35490101436153054,0.38459099596366286,16.801894002128392
692,11.641295419016387,16.805246996227652,0.02767198020592332,0.19480899209156632,0.22379995789378881,16.730597999412566
693,11.658029455982614,16.734036966226995,0.04727800842374563,0.22914697183296084,0.2788580022752285,16.72994502587244
694,11.674762131005991,16.73267502337694,0.03679597284644842,0.26731000980362296,0.305906985886395,16.724343004170805
695,11.691490237019025,16.72810601303354,0.048456015065312386,0.3826890024356544,0.43359497794881463,16.801774967461824
696,11.708295919001102,16.805681982077658,0.05117000546306372,0.3917330177500844,0.44533400796353817,16.80292299715802
697,11.725104123994242,16.808204993139952,0.05690602120012045,0.437884998973459,0.4978050128556788,16.729647992178798
698,11.741837907989975,16.733783995732665,0.0494130072183907,0.2846249844878912,0.33685797825455666,16.7249430087395
699,11.758567072974984,16.729164985008538,0.05219300510361791,0.41309098014608026,0.46793901128694415,16.73034904524684
700,11.775301505986135,16.73443301115185,0.04837202141061425,0.3692579921334982,0.420210009906441,16.734005010221153
701,11.792039321968332,16.73781598219648,0.05328003317117691,0.28038996970281005,0.3361609997227788,16.806510044261813
702,11.80885071598459,16.81139401625842,0.05307997344061732,0.5086360033601522,0.5645609926432371,16.7864240356721
703,11.825641128001735,16.790412017144263,0.050219008699059486,0.25522802025079727,0.3078330191783607,16.72545197652653
704,11.842370466969442,16.729338967707008,0.04967697896063328,0.23176101967692375,0.28395303525030613,16.72826102003455
705,11.85910254099872,16.73207402927801,0.04862999776378274,0.28694100910797715,0.3379940171726048,16.790136985946447
706,11.875896848971024,16.794307972304523,0.05158100975677371,0.38473401218652725,0.43892802204936743,16.728588030673563
707,11.892629275971558,16.73242700053379,0.04941900260746479,0.25333097437396646,0.30521402368322015,16.73527801176533
708,11.909368260996416,16.738985024858266,0.049040012527257204,0.5040399846620858,0.5554229719564319,16.730170988012105
709,11.926102266006637,16.734005010221153,0.049405964091420174,0.31212205067276955,0.3639690112322569,16.73013996332884
710,11.94283615401946,16.733888012822717,0.0479499576613307,0.30655600130558014,0.3571799607016146,16.72959898132831
711,11.959569769969676,16.733615950215608,0.04830601392313838,0.2997450064867735,0.350418034940958,16.734710021410137
712,11.9763082319987,16.73846202902496,0.049166963435709476,0.3956319997087121,0.44734496623277664,16.736919002141804
713,11.993048849981278,16.740617982577533,0.0506469514220953,0.35226205363869667,0.40523504139855504,16.733136028051376
714,12.009785744012333,16.73689403105527,0.05022203549742699,0.23304997012019157,0.28570496942847967,16.73383399611339
715,12.026523474021815,16.73773000948131,0.05397101631388068,0.28413202380761504,0.3405099851079285,16.737619997002184
716,12.043266365013551,16.742890991736203,0.05964096635580063,0.3611010033637285,0.42391696479171515,16.731040959712118
717,12.060001489997376,16.73512498382479,0.0505829812027514,0.39357302011922,0.4467690014280379,16.939100984018296
718,12.076944363012444,16.94287301506847,0.04983902908861637,0.28937397291883826,0.34166796831414104,16.72235399018973
719,12.09367078798823,16.726424975786358,0.05186599446460605,0.3912929678335786,0.4457969916984439,16.725550987757742
720,12.110400445002597,16.72965701436624,0.051781011279672384,0.4768739454448223,0.5312729626893997,16.765228996519
721,12.127170973981265,16.770528978668153,0.05626003257930279,0.26687595527619123,0.3262209938839078,16.731269017327577
722,12.14390637096949,16.735396988224238,0.048912945203483105,0.3381690476089716,0.3897790447808802,16.796095995232463
723,12.160706224967726,16.799853998236358,0.05068798782303929,0.42511598439887166,0.4782950272783637,16.73459802987054
724,12.177444615983404,16.738391015678644,0.049017951823771,0.4547260468825698,0.5061810370534658,16.729341994505376
725,12.194179326004814,16.734710021410137,0.05753501318395138,0.37723203422501683,0.43784501031041145,16.730200964957476
726,12.210913226008415,16.733900003600866,0.048223999328911304,0.26404898380860686,0.31452596886083484,16.72370097367093
727,12.227640817989595,16.727591981180012,0.04909798735752702,0.39538502460345626,0.4470190033316612,16.727056994568557
728,12.244372149987612,16.731331998016685,0.052544986829161644,0.35228003980591893,0.40759402327239513,16.72770600998774
729,12.261103738972452,16.731588984839618,0.04874402657151222,0.3200690262019634,0.3712540492415428,16.722592001315206
730,12.277830219012685,16.726480040233582,0.049017020501196384,0.25028898380696774,0.3017829731106758,16.75673999125138
731,12.2945916489698,16.76142995711416,0.04953902680426836,0.3119719913229346,0.36425102734938264,16.735240002162755
732,12.311331494012848,16.739845043048263,0.050175003707408905,0.30950497603043914,0.36237796302884817,16.80277200648561
733,12.328139070014004,16.80757600115612,0.05138397682458162,0.3661110531538725,0.4200100083835423,16.73469296656549
734,12.344877438968979,16.738368954975158,0.048806017730385065,0.3062639734707773,0.3578030155040324,16.73001400195062
735,12.36161127599189,16.733837022911757,0.04805199569091201,0.40895002894103527,0.45929901534691453,16.701837012078613
736,12.378317866008729,16.706590016838163,0.05014403723180294,0.41439500637352467,0.46726700384169817,16.73549198312685
737,12.395057361980435,16.739495971705765,0.053359020967036486,0.34487195080146194,0.4008089890703559,16.729927039705217
738,12.411791349004488,16.73398702405393,0.04897196777164936,0.2673399867489934,0.31877896981313825,16.73457201104611
739,12.428530043980572,16.738694976083934,0.0491640530526638,0.34657097421586514,0.3982490161433816,16.730266041122377
740,12.445264799986035,16.73475600546226,0.05083897849544883,0.25569304125383496,0.30920602148398757,16.88175502931699
741,12.462151865998749,16.887066012714058,0.0565029913559556,0.6997999735176563,0.7594439666718245,16.907678975258023
742,12.479064501996618,16.912635997869074,0.05446502473205328,0.36595796700567007,0.4233419895172119,16.85119397006929
743,12.495925021998119,16.860520001500845,0.051984970923513174,0.3705390263348818,0.42532599763944745,16.735130979213864
744,12.512665271002334,16.740249004215002,0.0534330029040575,0.48043299466371536,0.5368110141716897,16.736774006858468
745,12.529407382011414,16.742111009079963,0.05485099973157048,0.4923730157315731,0.5503440042957664,16.869448008947074
746,12.54630027996609,16.8928979546763,0.050215981900691986,0.37041003815829754,0.426383048761636,16.835072019603103
747,12.563140590966213,16.84031100012362,0.11887203436344862,0.6134499562904239,0.7357730064541101,16.85070601524785
748,12.58002002799185,16.879437025636435,0.06099400343373418,0.5485209985636175,0.6201220094226301,16.794287017546594
749,12.596819231985137,16.799203993286937,0.05321303615346551,0.4209849867038429,0.47712400555610657,16.728680988308042
750,12.61355273600202,16.73350401688367,0.050260976422578096,0.26239000726491213,0.3153510042466223,16.746588982641697
751,12.630304271995556,16.75153599353507,0.052546034567058086,0.42896997183561325,0.48442097613587976,16.788079985417426
752,12.647097285022028,16.79301302647218,0.05535798845812678,0.3653010353446007,0.4235969972796738,16.899528971407562
753,12.664027503982652,16.930218960624188,0.06219797069206834,0.4140990204177797,0.4940180224366486,16.846315993461758
754,12.68090391496662,16.876410983968526,0.060933991335332394,0.4600600223056972,0.539295026101172,16.877034038770944
755,12.69778581999708,16.881905030459166,0.051826995331794024,0.4451539716683328,0.499793968629092,16.734076023567468
756,12.7145249050227,16.739085025619715,0.05303497891873121,0.47846301458775997,0.5344339879229665,16.957945947069675
757,12.73148823902011,16.96333399740979,0.053422991186380386,0.24643098004162312,0.3029809449799359,16.773679002653807
758,12.748266684997361,16.778445977251977,0.04993804031983018,0.3536499571055174,0.40658697253093123,16.936843981966376
759,12.765208808996249,16.942123998887837,0.05656504072248936,0.4358099540695548,0.4954679752700031,16.837193979881704
760,12.782069338019937,16.860529023688287,0.05408399738371372,0.3319809911772609,0.398309959564358,16.851284948643297
761,12.798938392021228,16.86905400129035,0.05308695835992694,0.4064069944433868,0.4624519497156143,16.72905095620081
762,12.81567245599581,16.73406397458166,0.05200499435886741,0.3889049985446036,0.44378096936270595,16.72783197136596
763,12.832405610999558,16.733155003748834,0.05766999674960971,0.2582069719210267,0.31891599064692855,16.836163005791605
764,12.849272162013222,16.86655101366341,0.058072968386113644,0.46192604349926114,0.5318479961715639,16.864870965946466
765,12.866158195014577,16.886033001355827,0.056491990108042955,0.4713350208476186,0.5310599808581173,16.799965989775956
766,12.882963570998982,16.805375984404236,0.12781796976923943,0.4840170149691403,0.614924996625632,16.728753980714828
767,12.89969748799922,16.733917000237852,0.05610397784039378,0.3472420503385365,0.4065990215167403,16.860458999872208
768,12.916575794981327,16.87830698210746,0.05686201620846987,0.43835496762767434,0.49837998813018203,16.73457701690495
769,12.933315309986938,16.739515005610883,0.05275203147903085,0.45101100113242865,0.5067780148237944,16.91834401572123
770,12.950243728002533,16.928418015595526,0.05690398393198848,0.4457400063984096,0.5062419804744422,16.801743011455983
771,12.967050360981375,16.806632978841662,0.05870894528925419,0.49777404638007283,0.5594590329565108,16.73297001980245
772,12.983787939010654,16.737578029278666,0.05179300205782056,0.27280603535473347,0.3274480113759637,16.883673961274326
773,13.000677091011312,16.889152000658214,0.058330013416707516,0.2812999882735312,0.34284096909686923,16.746715002227575
774,13.017436210997403,16.75911998609081,0.1505370019003749,3.3692559809423983,3.528093977365643,16.803306993097067
775,13.034272853983566,16.836642986163497,0.10156299686059356,0.4483069642446935,0.5634769913740456,16.865194018464535
776,13.051161614013836,16.888760030269623,0.10763597674667835,0.5230150418356061,0.6454249960370362,16.890962957404554
777,13.068080716999248,16.919102985411882,0.05849997978657484,0.40677201468497515,0.46859000576660037,16.773395997006446
778,13.084878603985999,16.79788698675111,0.07060699863359332,0.3351119812577963,0.41281699668616056,16.732633986975998
779,13.101616296975408,16.73769298940897,0.05847698776051402,0.4771660314872861,0.5390880396589637,16.893429041374475
780,13.118514666974079,16.898369998671114,0.05286600207909942,0.5510000046342611,0.6068350048735738,16.867546015419066
781,13.13539839402074,16.88372704666108,0.05400204099714756,0.4331579548306763,0.4902779473923147,16.80728798964992
782,13.152229405997787,16.831011977046728,0.06543996278196573,0.5216920399107039,0.6040600128471851,16.73427497735247
783,13.168968376994599,16.738970996811986,0.05283602513372898,0.30508695635944605,0.3607309772633016,16.72872097697109
784,13.185702304006554,16.73392701195553,0.053149007726460695,0.5182379973120987,0.5742869689129293,16.736658988520503
785,13.202443934977055,16.74163097050041,0.05267205415293574,0.5459329695440829,0.6015580147504807,16.719026025384665
786,13.219168206967879,16.72427199082449,0.12556900037452579,0.38168602623045444,0.5104220472276211,16.843512014020234
787,13.23603531299159,16.86710602371022,0.090460991486907,0.6004360038787127,0.7055450114421546,16.735129000153393
788,13.2527751569869,16.739843995310366,0.05218200385570526,0.44601899571716785,0.5010510212741792,16.728147980757058
789,13.269508337019943,16.733180033043027,0.05264801438897848,0.510666985064745,0.5663249758072197,16.742277948651463
790,13.286258173000533,16.749835980590433,0.0550650293007493,0.5044919671490788,0.5627779755741358,16.95606397697702
791,13.303219111985527,16.960938984993845,0.05248596426099539,0.3687470452859998,0.42422203114256263,16.85206702677533
792,13.320090484980028,16.871372994501144,0.05653302650898695,0.5252729752101004,0.5849240114912391,17.136292008217424
793,13.337234125996474,17.143641016446054,0.06310001481324434,0.348876987118274,0.41617400711402297,16.884148004464805
794,13.354123251978308,16.889125981833786,0.05446700379252434,0.5573700182139874,0.6146730156615376,16.84908603783697
795,13.370979499013629,16.85624703532085,0.05011202301830053,0.5376029876060784,0.5904709687456489,16.728596994653344
796,13.387713105010334,16.73360599670559,0.052827002946287394,0.3946750075556338,0.4504359676502645,16.729648981709033
797,13.404447906010319,16.734800999984145,0.05312002031132579,0.39301899960264564,0.4490879946388304,16.809416993055493
798,13.421278618974611,16.830712964292616,0.0573669676668942,0.456534035038203,0.5172170349396765,16.78888499736786
799,13.438072485965677,16.793866991065443,0.056492979638278484,0.3834760282188654,0.44289702782407403,16.8467010371387
800,13.454924524005037,16.852038039360195,0.05778699414804578,0.36628497764468193,0.4271919606253505,16.87297801254317
801,13.471827519009821,16.902995004784316,0.0627320259809494,0.465306977275759,0.5474549834616482,16.890156955923885
802,13.488724965020083,16.897446010261774,0.057119992561638355,0.6462570163421333,0.7065979880280793,16.72815397614613
803,13.505457850988023,16.732885967940092,0.05197501741349697,0.36213797284290195,0.4171030013822019,16.703573986887932
804,13.52216666500317,16.708814015146345,0.10573299368843436,0.614585995208472,0.7234229706227779,16.797132964711636
805,13.53896989801433,16.803233011160046,0.06022700108587742,0.5046419682912529,0.5686509539373219,16.726554953493178
806,13.555701381992549,16.73148397821933,0.05226995563134551,0.3964790375903249,0.45169901568442583,16.73441199818626
807,13.572440790012479,16.739408019930124,0.05343399243429303,0.4046150133945048,0.4609089810401201,16.724823974072933
808,13.58918899501441,16.748205001931638,0.07729599019512534,0.9933760156854987,1.09984097070992,16.81208098307252
809,13.60600600199541,16.817006981000304,0.05242996849119663,0.37652498576790094,0.4318219725973904,16.809416003525257
810,13.62282041402068,16.81441202526912,0.0541119952686131,0.3409880446270108,0.3980170004069805,16.729128954466432
811,13.639554449007846,16.734034987166524,0.05297799361869693,0.3930249949917197,0.4490109859034419,16.73523196950555
812,13.656294856977183,16.740407969336957,0.052382994908839464,0.3497760044410825,0.40499703027307987,16.79663301911205
813,13.673097022983711,16.80216600652784,0.05743501242250204,0.529395998455584,0.5899459938518703,16.80073799798265
814,13.689902791986242,16.805769002530724,0.052363029681146145,0.449462968390435,0.50491897854954,16.736686986405402
815,13.7066446429817,16.741850995458663,0.05276600131765008,0.24112703977152705,0.2969240304082632,16.73443499021232
816,13.723383724980522,16.739081998821348,0.050145958084613085,0.4418480093590915,0.49469899386167526,16.777174023445696
817,13.74017536098836,16.79163600783795,0.1003279467113316,0.437996000982821,0.5581799778155982,16.882672032807022
818,13.757095990004018,16.92062901565805,0.05766702815890312,0.3973099519498646,0.4582359688356519,16.884570010006428
819,13.774009387998376,16.913397994358093,0.057702010963112116,0.5306020029820502,0.6035430124029517,16.864699020516127
820,13.790882430970669,16.87304297229275,0.05734001751989126,0.4020810010842979,0.46262703835964203,16.878504015039653
821,13.80778295797063,16.900526999961585,0.052822986617684364,0.40068902308121324,0.4567060386762023,16.7271860409528
822,13.82451534300344,16.73238503281027,0.052750983741134405,0.3473060205578804,0.4029420088045299,16.750957001931965
823,13.841272710997146,16.757367993704975,0.05565403262153268,0.3766229492612183,0.43547997483983636,16.845713020302355
824,13.858137885981705,16.865174984559417,0.05404104012995958,0.4319879808463156,0.48930500634014606,16.863611002918333
825,13.875024562003091,16.886676021385938,0.05993101513013244,0.3371229977346957,0.41163997957482934,16.72696601599455
826,13.891756163968239,16.731601965148002,0.05212804535403848,0.571354990825057,0.6264010444283485,16.766013053711504
827,13.90854410501197,16.787941043730825,0.05327403778210282,0.3699910012073815,0.42727100662887096,16.733625961933285
828,13.925282826006878,16.738720994908363,0.05232600960880518,0.4901759675703943,0.5456549697555602,16.791046014986932
829,13.942078844993375,16.796018986497074,0.13826304348185658,0.4338389844633639,0.5764680099673569,16.872423992026597
830,13.958959876967128,16.881031973753124,0.05720596527680755,0.3722580149769783,0.432618020568043,16.753831005189568
831,13.975735799991526,16.775923024397343,0.059632002376019955,0.425220001488924,0.4989720182493329,16.728300019167364
832,13.992469036020339,16.733236028812826,0.053027993999421597,0.4933060263283551,0.5492939963005483,16.807746957056224
833,14.009282059967518,16.813023947179317,0.057098979596048594,0.3504719934426248,0.4106190172024071,16.864927019923925
834,14.02616308099823,16.881021030712873,0.05686102667823434,0.49678096547722816,0.5567409680224955,16.787154017947614
835,14.042955425975379,16.792344977147877,0.05753902951255441,0.390022003557533,0.4507070407271385,16.731959010940045
836,14.059692121983971,16.736696008592844,0.0498879817314446,0.5717870080843568,0.6243649986572564,17.18654000433162
837,14.076883468020242,17.19134603627026,0.05676498403772712,0.38782000774517655,0.4477129550650716,16.729262948501855
838,14.093621277017519,16.73780899727717,0.10595901403576136,2.4435700033791363,2.5563709787093103,16.734057979192585
839,14.110364816966467,16.743539948947728,0.1280559808947146,0.3478199942037463,0.4829170065931976,16.883375006727874
840,14.127255298022646,16.89048105617985,0.08411600720137358,0.5396220367401838,0.6288249860517681,16.825246973894536
841,14.144116216979455,16.860918956808746,0.08148595225065947,0.4383630002848804,0.5372189916670322,16.839579038787633
842,14.16097870701924,16.86249003978446,0.053054012823849916,0.38913002936169505,0.44966000132262707,16.72796398634091
843,14.177711603988428,16.732896969188005,0.05256000440567732,0.40257401997223496,0.4581050015985966,16.893575026188046
844,14.194610327016562,16.898723028134555,0.05278299795463681,0.38448499981313944,0.44016895117238164,16.903651994653046
845,14.211519283009693,16.908955993130803,0.05768297705799341,0.37395802792161703,0.4348279908299446,16.7597719701007
846,14.228286405967083,16.7671229573898,0.054052972700446844,0.5198110011406243,0.5768400151282549,16.901936032809317
847,14.245207329979166,16.92092401208356,0.05684897769242525,0.48977701226249337,0.5497439997270703,16.812184010632336
848,14.262025041971356,16.817711992189288,0.10879302863031626,0.3379469853825867,0.45377103378996253,16.734021017327905
849,14.278764078975655,16.739037004299462,0.052477000281214714,0.36420003743842244,0.4196300287730992,16.728731046896428
850,14.29549746401608,16.733385040424764,0.049708993174135685,0.3901270101778209,0.4425609949976206,16.761353996116668
851,14.31228191300761,16.784448991529644,0.06250996375456452,0.34640601370483637,0.42353098979219794,16.941361012868583
852,14.329228796006646,16.94688299903646,0.05469802999868989,0.417217961512506,0.47504797112196684,16.861824959050864
853,14.346095493005123,16.866696998476982,0.05590100772678852,0.41300797602161765,0.4721579607576132,16.78809500299394
854,14.362888587987982,16.793094982858747,0.05213700933381915,0.4169550375081599,0.4719740245491266,16.72914100345224
855,14.37962250300916,16.73391502117738,0.04974100738763809,0.4874120349995792,0.5399869987741113,16.728888964280486
856,14.396356359007768,16.733855998609215,0.053762050811201334,0.41924096876755357,0.4762199823744595,16.90244796918705
857,14.413281482993625,16.92512398585677,0.056335004046559334,0.5767900147475302,0.6366990273818374,16.807203995995224
858,14.430094039009418,16.812556015793234,0.057424011174589396,0.42900198604911566,0.48953399527817965,16.831978980917484
859,14.446949249017052,16.855210007634014,0.04960701335221529,0.4561399691738188,0.5134669481776655,16.88142295461148
860,14.463841162971221,16.891913954168558,0.05731097189709544,0.40449900552630424,0.46491302782669663,16.73334202496335
861,14.480580099974759,16.738937003538013,0.049638969358056784,0.3893030225299299,0.44159701792523265,16.87675400171429
862,14.497462044993881,16.881945019122213,0.05600502481684089,0.4003949579782784,0.45953597873449326,16.82562899077311
863,14.514317755994853,16.855711000971496,0.05336897447705269,0.39497000398114324,0.46380498679354787,16.873807995580137
864,14.53121307498077,16.895318985916674,0.05298596806824207,0.42754202149808407,0.48436602810397744,16.798653989098966
865,14.548016998975072,16.80392399430275,0.057006021961569786,0.6295620114542544,0.6900470471009612,17.016693018376827
866,14.56504713196773,17.030132992658764,0.05218497244641185,0.5181889864616096,0.5731609999202192,16.879602044355124
867,14.581932072003838,16.884940036106855,0.05648803198710084,0.5997169646434486,0.6592599675059319,16.72561198938638
868,14.59866255801171,16.73048600787297,0.05150097422301769,0.3716929932124913,0.4260639543645084,16.734283010009676
869,14.615401891001966,16.739332990255207,0.05237397272139788,0.48310100100934505,0.5384269752539694,16.85073901899159
870,14.632258038967848,16.856147965881974,0.056443968787789345,0.41316100396215916,0.47268602065742016,16.726293019019067
871,14.64898928499315,16.731246025301516,0.05208299262449145,0.5461259861476719,0.6011640070937574,16.740154998842627
872,14.665734242997132,16.7449580039829,0.052660005167126656,0.27920398861169815,0.33485598396509886,16.727423993870616
873,14.682466749974992,16.732506977859885,0.05297298775985837,0.3767620073631406,0.43276703217998147,16.87683502677828
874,14.69936405599583,16.897306020837277,0.052037008572369814,0.4125630366615951,0.46773202484473586,16.88691502204165
875,14.716280809021555,16.916753025725484,0.05704199429601431,0.3725410206243396,0.4432079731486738,16.900623973924667
876,14.733190206985455,16.90939796390012,0.1029159757308662,0.4232050268910825,0.5325250094756484,16.79870003135875
877,14.749994870973751,16.804663988295943,0.06966403452679515,0.34638395300135016,0.4198499955236912,16.901527997106314
878,14.76691744098207,16.92257000831887,0.05872698966413736,0.6614140002056956,0.7235680241137743,16.734416014514863
879,14.783656890969723,16.739449987653643,0.0524190254509449,0.6782329874113202,0.7335640257224441,16.743894026149064
880,14.800405811984092,16.748921014368534,0.052911986131221056,0.3567840321920812,0.41258701821789145,16.864789999090135
881,14.817278842965607,16.873030981514603,0.05658098962157965,0.5479489918798208,0.607634021434933,16.753862029872835
882,14.83405596402008,16.777121054474264,0.0576820457354188,0.2734889858402312,0.3450519870966673,16.839218966197222
883,14.850918347015977,16.86238299589604,0.062324979808181524,0.42123900493606925,0.49813295481726527,16.76626194966957
884,14.867707777011674,16.78942999569699,0.05319004412740469,0.42420398676767945,0.4894009907729924,16.72942895675078
885,14.884442451002542,16.734673990868032,0.05487602902576327,0.5225599743425846,0.580616993829608,16.846192011144012
886,14.901311872003134,16.86942100059241,0.05309603875502944,0.6240189541131258,0.6851459620520473,16.86550601152703
887,14.918200700019952,16.88882801681757,0.053660012781620026,0.3038650029338896,0.3665589611046016,16.812165966257453
888,14.935017795010936,16.817094990983605,0.054616015404462814,0.509481003973633,0.5671419785358012,16.73803699668497
889,14.951761215983424,16.74342097248882,0.057841010857373476,0.4358540172688663,0.4976200289092958,16.89742598682642
890,14.968665772001259,16.904556017834693,0.055213982705026865,0.2882150001823902,0.346447981428355,16.735374985728413
891,14.985405850980897,16.740078979637474,0.04960503429174423,0.4660599515773356,0.5184279871173203,16.87006000429392
892,15.002281464985572,16.8756140046753,0.0563080538995564,0.8903269772417843,0.9497280116192997,16.80829602992162
893,15.019095060008112,16.81359502254054,0.05666096694767475,0.49580505583435297,0.5556080141104758,16.80153701454401
894,15.035902047995478,16.806987987365574,0.05663000047206879,0.5673629930242896,0.627177010755986,16.73455600393936
895,15.052641591988504,16.739543993026018,0.052199000492691994,0.4129200242459774,0.4680170095525682,16.7296199942939
896,15.069376532977913,16.734940989408642,0.057771976571530104,0.523491995409131,0.5843639955855906,16.88766200095415
897,15.086269696010277,16.8931630323641,0.05482899723574519,0.47480600187554955,0.5328069673851132,16.784720995929092
898,15.10305952699855,16.789830988273025,0.05800899816676974,0.537727028131485,0.59867202071473,16.80578599916771
899,15.119870437018108,16.810910019557923,0.05710800178349018,0.4443889483809471,0.5046549485996366,16.976883984170854
900,15.136852308001835,16.981870983727276,0.05269702523946762,0.3854630049318075,0.4410030087456107,16.8888209736906
901,15.153763954003807,16.911646001972258,0.05397596396505833,0.5347999976947904,0.5922779673710465,16.7293319827877
902,15.170498142018914,16.734188015107065,0.052107032388448715,0.5892339977435768,0.6442639860324562,16.893709951546043
903,15.187421933980659,16.923791961744428,0.05308701656758785,0.5017879884690046,0.5640250165015459,16.912443039473146
904,15.20436273998348,16.940806002821773,0.05741801578551531,0.49844500608742237,0.5719910259358585,16.86462201178074
905,15.221250363974832,16.887623991351575,0.0535349827259779,0.5091970087960362,0.5758460029028356,16.874226043000817
906,15.238132425991353,16.88206201652065,0.05186902126297355,0.5124700255692005,0.5670710233971477,16.92146499408409
907,15.255060107971076,16.927681979723275,0.056043965741992,0.4583510453812778,0.5172770470380783,16.915208019781858
908,15.271980515972245,16.920408001169562,0.05276297451928258,0.36235200241208076,0.4180429968982935,16.72626903746277
909,15.288711739995051,16.73122402280569,0.05134998355060816,0.3971619880758226,0.4514399915933609,16.73557498725131
910,15.305452166998293,16.740427003242075,0.05204702029004693,0.3853410016745329,0.4402149934321642,16.828913998324424
911,15.322286539012566,16.834372014272958,0.05530501948669553,0.35130296600982547,0.4097449709661305,16.84558595297858
912,15.339137404982466,16.850865969900042,0.053916999604552984,0.3826640313491225,0.43997401371598244,16.797301010228693
913,15.3559401310049,16.80272602243349,0.05722296191379428,0.5470250034704804,0.6075059645809233,16.741469968110323
914,15.372686639020685,16.746508015785366,0.052526011131703854,0.27489103376865387,0.3302629920653999,16.72784599941224
915,15.389419529004954,16.732889984268695,0.05247100489214063,0.5588179919868708,0.6142479833215475,16.915237007196993
916,15.40635788696818,16.938357963226736,0.05496799713000655,0.5487820017151535,0.6069870432838798,16.73449802910909
917,15.423096356971655,16.738470003474504,0.051009992603212595,0.2752530272118747,0.3287580329924822,16.723187000025064
918,15.439823770022485,16.727413050830364,0.050219008699059486,0.2540210261940956,0.30682998476549983,16.735799959860742
919,15.456563504005317,16.73973398283124,0.04845100920647383,0.48399099614471197,0.5348660051822662,16.7350159608759
920,15.473302027967293,16.73852396197617,0.04784198245033622,0.5121990106999874,0.5623220349662006,16.731720010284334
921,15.490037803014275,16.73577504698187,0.05131697980687022,0.27598999440670013,0.329820963088423,16.730311966966838
922,15.506772081018426,16.734278004150838,0.048546993639320135,0.22254401119425893,0.27347198920324445,16.734804958105087
923,15.523510803002864,16.738721984438598,0.048685004003345966,0.34582201624289155,0.3969449899159372,16.73207600833848
924,15.540245743002743,16.734939999878407,0.047555018682032824,0.2612919779494405,0.3112119738943875,16.99485001154244
925,15.557245364994742,16.999621991999447,0.05188497016206384,0.4909900017082691,0.5455809878185391,16.735631972551346
926,15.57398505200399,16.739687009248883,0.05082000279799104,0.27255702298134565,0.32593001378700137,16.730770003050566
927,15.59071977599524,16.734723991248757,0.04911702126264572,0.48179697478190064,0.5334059824235737,16.722968022804707
928,15.607446649984922,16.726873989682645,0.04900404019281268,0.3537969896569848,0.40520401671528816,16.76010899245739
929,15.624226756975986,16.780106991063803,0.05214702105149627,0.30304299434646964,0.3670970327220857,16.733044001739472
930,15.64096392999636,16.73717302037403,0.05204800982028246,0.3735169884748757,0.4280820139683783,16.731817973777652
931,15.657699375995435,16.735445999074727,0.04790601087734103,0.2651470131240785,0.31541200587525964,16.72413101186976
932,15.674427572987042,16.728196991607547,0.04992698086425662,0.24260598002001643,0.2950869966298342,16.72793598845601
933,15.691159434965812,16.731861978769302,0.049080990720540285,0.3704249975271523,0.42190804379060864,16.73061604378745
934,15.7078940999927,16.73466502688825,0.05034299101680517,0.32294500852003694,0.375822011847049,16.72446000156924
935,15.724622505018488,16.72840502578765,0.048340996727347374,0.23859500652179122,0.28931599808856845,16.725077002774924
936,15.741351666976698,16.72916195821017,0.05234195850789547,0.49093604320660233,0.546210038010031,16.733181022573262
937,15.758089812996332,16.73814601963386,0.0495979911647737,0.40628801798447967,0.45828300062566996,16.72475802479312
938,15.774818749981932,16.72893698560074,0.05339202471077442,0.4118069773539901,0.46799599658697844,16.725872992537916
939,15.791548477020115,16.729727038182318,0.04881300264969468,0.5571839865297079,0.608455971814692,16.72865595901385
940,15.808282056008466,16.733578988350928,0.0529709504917264,0.34604204120114446,0.40195899782702327,16.819050011690706
941,15.825105282012373,16.82322600390762,0.053608964662998915,0.4129960434511304,0.4691680078394711,16.730698000174016
942,15.841840006993152,16.734724980778992,0.050686998292803764,0.38485199911519885,0.43800799176096916,16.729600029066205
943,15.858572430966888,16.732423973735422,0.03706000279635191,0.23080798564478755,0.26958901435136795,16.729612019844353
944,15.875305494992062,16.733064025174826,0.1009170082397759,0.3595820162445307,0.4625570145435631,16.735151002649218
945,15.892043237981852,16.737742989789695,0.04026404349133372,0.4097769851796329,0.4519150243140757,16.734190983697772
946,15.90877963800449,16.7364000226371,0.03379798727110028,0.2508990000933409,0.28621999081224203,16.730991017539054
947,15.925514346978161,16.73470897367224,0.04762498429045081,0.2286260132677853,0.2784840180538595,16.72980299917981
948,15.94224679900799,16.732452029827982,0.03691500751301646,0.22674998035654426,0.2655379939824343,16.730177972931415
949,15.9589793549967,16.732555988710374,0.02925499575212598,0.304677989333868,0.3352549974806607,16.72945497557521
950,15.975712242012378,16.73288701567799,0.04283996531739831,0.22143800742924213,0.26635098038241267,16.760116966906935
951,15.992495407990646,16.78316597826779,0.06966700311750174,0.30321895610541105,0.3874999820254743,16.746999986935407
952,16.009246691013686,16.75128302304074,0.055289012379944324,0.3783080028370023,0.4364019841887057,16.732227988541126
953,16.025983106985223,16.73641597153619,0.049497990403324366,0.3897859714925289,0.44181698467582464,16.734011995140463
954,16.042721157020424,16.738050035201013,0.04886102396994829,0.4396889708004892,0.49099494935944676,16.734814969822764
955,16.059459746000357,16.73858897993341,0.04862801870331168,0.37719798274338245,0.428129977080971,16.72201801557094
956,16.076185614976566,16.725868976209313,0.05006598075851798,0.27617899468168616,0.3286279970780015,16.687101044226438
957,16.092876431997865,16.690817021299154,0.051407027058303356,0.23742299526929855,0.2912880154326558,16.721881984267384
958,16.109602287993766,16.72585599590093,0.049408001359552145,0.47562294639647007,0.5276859737932682,16.73906500218436
959,16.126346396980807,16.744108987040818,0.052405986934900284,0.3213430172763765,0.37667201831936836,16.917125030886382
960,16.143268548010383,16.922151029575616,0.0518519664183259,0.4349430091679096,0.49000297440215945,16.876290959771723
961,16.160171127994545,16.902579984162003,0.05655799759551883,0.35867304541170597,0.4191910265944898,16.79149002302438
962,16.176967489998788,16.796362004242837,0.053422991186380386,0.30731200240552425,0.36370300222188234,16.725053021218628
963,16.193697365000844,16.72987500205636,0.050050963182002306,0.3722260007634759,0.4249839694239199,16.7342450004071
964,16.210436590015888,16.739225015044212,0.05267298547551036,0.3508090157993138,0.40632596937939525,16.78702695062384
965,16.227246771974023,16.810181958135217,0.0535479630343616,0.35714299883693457,0.4141179961152375,16.790580993983895
966,16.24404262000462,16.79584803059697,0.055733020417392254,0.5164390313439071,0.5753670120611787,16.785757965408266
967,16.260833356995136,16.790736990515143,0.05589699139818549,0.5706869997084141,0.6295460043475032,16.734547971282154
968,16.277572872000746,16.739515005610883,0.05220400635153055,0.2365449909120798,0.2916569937951863,16.901680966839194
969,16.294479294971097,16.90642297035083,0.049152004066854715,0.5259870085865259,0.5779010243713856,16.73347904579714
970,16.31121787300799,16.73857803689316,0.052987015806138515,0.2520129783079028,0.3078689915128052,16.826020961161703
971,16.328049125964753,16.83125295676291,0.05963398143649101,0.36669400287792087,0.42942201253026724,16.840881027746946
972,16.34489616396604,16.84703800128773,0.06108003435656428,0.29718695441260934,0.3624800010584295,16.734922013711184
973,16.361638195987325,16.742032021284103,0.05263998173177242,0.3966139629483223,0.4521639784798026,16.73619297798723
974,16.37837935402058,16.741158033255488,0.05574297392740846,0.4478410119190812,0.5065529840067029,17.313838994596153
975,16.3956975589972,17.31820497661829,0.048429996240884066,0.49666000995785,0.5475920042954385,16.738743986934423
976,16.412441372987814,16.74381399061531,0.05253899144008756,0.5002380348742008,0.5556520191021264,16.833000991027802
977,16.429279699979816,16.838326992001384,0.05383399548009038,0.6108569796197116,0.667719985358417,16.889178019482642
978,16.44619944196893,16.91974198911339,0.05786796100437641,0.6640860228799284,0.7362660253420472,16.790904046501964
979,16.462995564972516,16.796123003587127,0.05678698653355241,0.48895797226577997,0.5488379974849522,16.743727028369904
980,16.4797439139802,16.748349007684737,0.05180801963433623,0.24433195358142257,0.29883498791605234,16.85839402489364
981,16.49662560597062,16.881691990420222,0.0531779951415956,0.237835047300905,0.29635505052283406,16.854648012667894
982,16.51349752797978,16.87192200915888,0.055540993344038725,0.43284002458676696,0.49155502347275615,16.764822998084128
983,16.530267788970377,16.770260990597308,0.05481101106852293,0.5379529902711511,0.5959520349279046,16.855337016750127
984,16.54714395198971,16.876163019333035,0.05748099647462368,0.5002989782951772,0.5620800075121224,16.868647013325244
985,16.564035757968668,16.891805978957564,0.06803800351917744,0.3345009754411876,0.41706301271915436,16.728841001167893
986,16.580769467982464,16.733710013795644,0.052642018999904394,0.543441972695291,0.5991979851387441,16.726996982470155
987,16.597501221986022,16.731754003558308,0.05216198042035103,0.25499402545392513,0.30992302345111966,16.780337027739733
988,16.614287597010843,16.78637502482161,0.056330987717956305,0.5808700225315988,0.6403590086847544,16.796449956018478
989,16.631091977993492,16.80438098264858,0.12006901670247316,1.0244139702990651,1.1512719793245196,16.801950987428427
990,16.647899079020135,16.807101026643068,0.05782395601272583,0.4089230205863714,0.469827966298908,16.736117948312312
991,16.66464019700652,16.74111798638478,0.05252397386357188,0.5184640176594257,0.5740000051446259,16.72817999497056
992,16.681372999970336,16.73280296381563,0.049769994802773,0.37009798688814044,0.4226680030114949,16.86957699712366
993,16.698268781998195,16.89578202785924,0.055006006732583046,0.3728899755515158,0.4316209815442562,16.879369970411062
994,16.715171328978613,16.902546980418265,0.05289696855470538,0.4013480502180755,0.4633720382116735,16.83032204164192
995,16.732006984006148,16.835655027534813,0.05661399336531758,0.3826530301012099,0.4423980135470629,16.81606500642374
996,16.748828338983003,16.82135497685522,0.05797401536256075,0.37044199416413903,0.43190899305045605,16.7282450129278
997,16.765561359992716,16.73302100971341,0.04923198139294982,0.6050289957784116,0.6570009863935411,16.900537011679262
998,16.78248104598606,16.91968599334359,0.052548013627529144,0.3819210105575621,0.4374980344437063,16.833394998684525
999,16.799337591975927,16.8565459898673,0.05950999911874533,0.5264370120130479,0.6006340263411403,16.882623021956533
1000,16.816245366004296,16.907774028368294,0.0541850458830595,0.38488098653033376,0.4427880048751831,16.76524698268622
1001,16.83303398801945,16.788622015155852,0.1014590379782021,0.27616298757493496,0.39194797864183784,16.828427964355797
1002,16.84986785100773,16.83386298827827,0.057489960454404354,0.2580080181360245,0.31863298499956727,16.73701300751418
1003,16.866609997989144,16.742146981414407,0.05246297223493457,0.2417700015939772,0.2971719950437546,16.88404002925381
1004,16.883514968969394,16.904970980249345,0.05586404586210847,0.36599597660824656,0.4250570200383663,16.83596702059731
1005,16.900373985990882,16.8590170214884,0.05576101830229163,0.6167760002426803,0.6853869999758899,16.820419987197965
1006,16.9172148219659,16.8408359750174,0.05303596844896674,0.4133160109631717,0.46987703535705805,16.84795500477776
1007,16.93408180901315,16.866987047251314,0.05640700692310929,0.40302902925759554,0.46274298802018166,16.73722395207733
1008,16.95082420296967,16.742393956519663,0.05307502578943968,0.47505798283964396,0.5315300077199936,16.765871027018875
1009,16.967613245011307,16.789042041637003,0.10297197150066495,0.4671380156651139,0.5845639971084893,16.90465398132801
1010,16.98452882800484,16.915582993533462,0.057679018937051296,0.41037797927856445,0.4712339723482728,16.731326992157847
1011,17.001264756021556,16.73592801671475,0.05503796273842454,0.52098702872172,0.578783976379782,16.834919981192797
1012,17.01810507598566,16.8403199641034,0.0567450188100338,0.40133000584319234,0.46126701636239886,16.906885022763163
1013,17.035017201968003,16.91212598234415,0.05374400643631816,0.5101379938423634,0.5669730016961694,16.802263038698584
1014,17.051824263005983,16.80706103798002,0.05198694998398423,0.25522802025079727,0.30997698195278645,16.727784008253366
1015,17.06855705496855,16.732791962567717,0.051749986596405506,0.5091929924674332,0.5637900321744382,16.733013035263866
1016,17.085294971999247,16.737917030695826,0.05258101737126708,0.5998479900881648,0.655314011964947,16.8018409749493
1017,17.102102052012924,16.807080013677478,0.12103200424462557,0.4194000503048301,0.5435110069811344,18.009460996836424
1018,17.120120197010692,18.018144997768104,0.1121099921874702,0.34873303957283497,0.46731700422242284,16.734837961848825
1019,17.136863916006405,16.743718995712698,0.11802400695160031,0.7392639527097344,0.8645649650134146,16.740771010518074
1020,17.15361394296633,16.75002695992589,0.11925195576623082,0.5481110420078039,0.6741460529156029,16.907612036447972
1021,17.17052753001917,16.91358705284074,0.06635399768128991,0.5992169608362019,0.6693069590255618,16.9008529628627
1022,17.187433286977466,16.90575695829466,0.05422602407634258,0.35783398197963834,0.41502900421619415,16.840848024003208
1023,17.204295650008135,16.862363030668348,0.05461997352540493,0.3741830005310476,0.43267797445878386,16.88207098050043
1024,17.22120161197381,16.905961965676397,0.058282981626689434,0.3802630235441029,0.45322603546082973,16.89866802189499
1025,17.23810566397151,16.904051997698843,0.05469599273055792,0.5218200385570526,0.5797000485472381,16.8031650246121
1026,17.254914059012663,16.808395041152835,0.05567300831899047,0.3792420029640198,0.43807097245007753,16.849934007041156
1027,17.27178621100029,16.87215198762715,0.0521130277775228,0.25112897856161,0.3075969871133566,16.923788003623486
1028,17.288715116970707,16.928905970416963,0.05132198566570878,0.3630190039984882,0.41722803143784404,16.728112008422613
1029,17.305448010971304,16.732894000597298,0.05082401912659407,0.7014279835857451,0.7551460294052958,16.784876002930105
1030,17.322261085966602,16.81307499529794,0.055217999033629894,0.22632500622421503,0.28625904815271497,16.845580015797168
1031,17.339113262016326,16.85217604972422,0.06497401045635343,0.4758979775942862,0.5452399491332471,16.733887954615057
1032,17.35585216601612,16.738903999794275,0.051197013817727566,0.4116389900445938,0.46573596773669124,16.901678987778723
1033,17.372771735012066,16.919568995945156,0.05603599129244685,0.3849610220640898,0.4441969795152545,16.734776960220188
1034,17.389511490997393,16.739755985327065,0.050050963182002306,0.30243705259636045,0.3553340211510658,16.763883992098272
1035,17.406280366005376,16.768875007983297,0.05279103061184287,0.4811389953829348,0.5367890116758645,16.86282898299396
1036,17.423172048991546,16.891682986170053,0.0555499573238194,0.29397703474387527,0.3624960081651807,16.824670019559562
1037,17.440003382973373,16.8313339818269,0.07391604594886303,0.4543119575828314,0.5328209954313934,16.735855024307966
1038,17.456744062015787,16.74067904241383,0.05266902735456824,0.238909968174994,0.2948679612018168,16.797970980405807
1039,17.47354706301121,16.803000995423645,0.04972401075065136,0.28130802093073726,0.3339269896969199,18.553339003119618
1040,17.492104966018815,18.55790300760418,0.05074200453236699,0.22880698088556528,0.2821959787979722,16.900505986995995
1041,17.50901017297292,16.90520695410669,0.051295035518705845,0.78400201164186,0.8380270446650684,16.83073304593563
1042,17.525846324977465,16.836152004543692,0.05532399518415332,0.2749740378931165,0.3334610373713076,16.734673990868032
1043,17.54258705000393,16.740725026465952,0.05783600499853492,0.40589296258985996,0.46773196663707495,16.7280730092898
1044,17.55932009901153,16.73304900759831,0.05193502875044942,0.558950996492058,0.61372498748824,16.931389982346445
1045,17.576256741012912,16.936642001383007,0.05454104393720627,0.47621497651562095,0.5338899791240692,16.868732986040413
1046,17.593130980967544,16.874239954631776,0.05365500692278147,0.3290589665994048,0.38555701030418277,16.796778014395386
1047,17.609932684979867,16.80170401232317,0.05212001269683242,0.47372595872730017,0.5287519888952374,16.90610102377832
1048,17.626843703968916,16.911018989048898,0.05057599628344178,0.35656499676406384,0.4099610378034413,16.728822025470436
1049,17.64357735699741,16.73365302849561,0.050781003665179014,0.572921009734273,0.6265930132940412,16.836231981869787
1050,17.660420113999862,16.842757002450526,0.04923599772155285,0.4186449805274606,0.4705669707618654,16.836160968523473
1051,17.67728577996604,16.865665966179222,0.055173004511743784,0.807387987151742,0.8718500030227005,16.870799008756876
1052,17.694172740972135,16.88696100609377,0.09123602649196982,0.43454201659187675,0.5447080475278199,16.726993024349213
1053,17.710904281004332,16.73154003219679,0.05112797953188419,0.3906469792127609,0.44470897410064936,16.73833397217095
1054,17.727647998020984,16.743717016652226,0.054729986004531384,0.3966040094383061,0.4544789553619921,16.73000695882365
1055,17.744383406999987,16.735408979002386,0.0552469864487648,0.5844390252605081,0.6430679932236671,16.84498297981918
1056,17.761236377991736,16.852970991749316,0.05589600186794996,0.5321509670466185,0.5912409978918731,16.733333992306143
1057,17.777974552998785,16.738175007048994,0.05093001527711749,0.37698796950280666,0.4308649804443121,16.728853981476277
1058,17.794708463014103,16.733910015318543,0.051944050937891006,0.5390639998950064,0.5939420079812407,16.73439098522067
1059,17.811447825981304,16.739362967200577,0.05153397796675563,0.39308698615059257,0.44754298869520426,16.795950010418892
1060,17.82825404498726,16.806219005957246,0.055562995839864016,0.42340904474258423,0.4820250323973596,16.79120399057865
1061,17.845050234987866,16.796190000604838,0.05766598042100668,0.3616110188886523,0.42220501927658916,16.81253098649904
1062,17.86186775896931,16.817523981444538,0.05327799590304494,0.4245750023983419,0.4808300291188061,16.733076015952975
1063,17.878605905978475,16.738147009164095,0.05079299444332719,0.2655260032042861,0.3192580188624561,16.728624003008008
1064,17.895339436014183,16.7335300357081,0.05237600998952985,0.4464699886739254,0.5017259973101318,16.82963699568063
1065,17.912191876966972,16.85244095278904,0.05174294346943498,0.5183000466786325,0.5794890457764268,16.93470001919195
1066,17.929131578013767,16.939701046794653,0.05174399120733142,0.3759170067496598,0.4306769696995616,16.726039990317076
1067,17.945862688007765,16.73110999399796,0.053563970141112804,0.4027800168842077,0.45976898400112987,16.729093971662223
1068,17.962596718978602,16.73403097083792,0.05169998621568084,0.5323479999788105,0.5869860178790987,16.751009039580822
1069,17.97937474399805,16.77802501944825,0.07025501690804958,0.295179954264313,0.38276996929198503,16.807926003821194
1070,17.996187993965577,16.813249967526644,0.11069804895669222,0.36910298513248563,0.48284203512594104,16.86589902965352
1071,18.01306076499168,16.872771026100963,0.057846016716212034,0.5112260114401579,0.5722250207327306,16.86828298261389
1072,18.029952242970467,16.891477978788316,0.051769951824098825,0.5054380162619054,0.5623630131594837,16.736503050196916
1073,18.04669378499966,16.741542029194534,0.05123799201101065,0.32786402152851224,0.38211600622162223,16.76479901652783
1074,18.0634638100164,16.770025016739964,0.054584990721195936,0.5249980022199452,0.5826909909956157,16.83904998935759
1075,18.080333404999692,16.86959498329088,0.08600199362263083,0.5316149909049273,0.6368319736793637,16.918957990128547
1076,18.097275245003402,16.94184000371024,0.05122902803122997,0.6240810034796596,0.6815280066803098,17.375708965118974
1077,18.11465560598299,17.38036097958684,0.050476985052227974,0.43412100058048964,0.48733700532466173,16.738340025767684
1078,18.131398947967682,16.74334198469296,0.05227501969784498,0.5204179906286299,0.5754870362579823,16.772386035881937
1079,18.14817718800623,16.778240038547665,0.05950400372967124,0.6010860088281333,0.6646779947914183,16.798752010799944
1080,18.164981035981327,16.803847975097597,0.053521012887358665,0.5284689832478762,0.5849319859407842,16.79840899305418
1081,18.181784815969877,16.80377998854965,0.05630298983305693,0.3716879873536527,0.4312189994379878,16.734228003770113
1082,18.19852387800347,16.739062033593655,0.05091400817036629,0.42697100434452295,0.4807820077985525,16.75280899507925
1083,18.215281647979282,16.757769975811243,0.05194701952859759,0.683037971612066,0.7379860035143793,16.765205014962703
1084,18.232070115976967,16.788467997685075,0.05491997580975294,0.30021602287888527,0.36099902354180813,16.727895010262728
1085,18.248803102993406,16.732987016439438,0.05149701610207558,0.3989599645137787,0.4534099716693163,16.72988699283451
1086,18.265538024017587,16.73492102418095,0.05142897134646773,0.36755698965862393,0.4219169495627284,16.736524004954845
1087,18.282279576989822,16.741552972234786,0.05181698361411691,0.36092300433665514,0.4156969953328371,16.86442701611668
1088,18.29916716000298,16.88758301315829,0.05841098027303815,0.3539469907991588,0.4267949843779206,16.800321987830102
1089,18.315972968004644,16.805808001663536,0.05552597576752305,0.44808402890339494,0.5068180034868419,16.921495960559696
1090,18.332899422966875,16.92645496223122,0.051802024245262146,0.4893919685855508,0.5440560053102672,16.857003036420792
1091,18.34977691899985,16.877496032975614,0.05538802361115813,0.4465910024009645,0.5063670105300844,16.981096006929874
1092,18.366763199970592,16.986280970741063,0.05355500616133213,0.5053789936937392,0.5619670264422894,16.859658004250377
1093,18.383640178013593,16.876978043001145,0.05503196734935045,0.4063650267198682,0.4644779837690294,16.880369978025556
1094,18.40052551496774,16.885336954146624,0.05141901783645153,0.5893899942748249,0.6437930278480053,16.936078027356416
1095,18.417466629995033,16.941115027293563,0.051960989367216825,0.4443060024641454,0.49931497778743505,16.900436021387577
1096,18.434371947019827,16.905317024793476,0.05139998393133283,0.3965540090575814,0.45082898577675223,16.87578298151493
1097,18.45126522600185,16.89327898202464,0.05055696237832308,0.5708539974875748,0.6243119714781642,16.89363201148808
1098,18.4681644240045,16.89919800264761,0.05655799759551883,0.5645009805448353,0.6242109811864793,16.89188100863248
1099,18.48506160400575,16.8971800012514,0.05735503509640694,0.4593359772115946,0.5197469727136195,16.726939007639885
1100,18.501793542993255,16.73193898750469,0.051567971240729094,0.23589999182149768,0.29042299138382077,16.734796983655542
1101,18.51853411598131,16.740572988055646,0.05146500188857317,0.4347549984231591,0.4891050048172474,16.72676601447165
1102,18.5352658519987,16.731736017391086,0.05042902193963528,0.41479297215119004,0.4680909914895892,16.907226003240794
1103,18.552202940976713,16.93708897801116,0.056285993196070194,0.8576170075684786,0.9227640111930668,16.821758006699383
1104,18.569030037964694,16.82709698798135,0.05963898729532957,0.4789200029335916,0.5418620421551168,16.872882028110325
1105,18.58593188098166,16.901843016967177,0.05564297316595912,0.3802700084634125,0.44055801117792726,16.736586985643953
1106,18.602673341985792,16.741461004130542,0.05172198871150613,0.3978739841841161,0.4525359836407006,16.730073024518788
1107,18.61940827302169,16.734931035898626,0.05170004442334175,0.47903601080179214,0.5336879985406995,16.84123696759343
1108,18.636268399015535,16.86012599384412,0.0512810074724257,0.44998800149187446,0.5041999975219369,16.856903966981918
1109,18.65314623201266,16.877832997124642,0.05520501872524619,0.44631597120314837,0.5049199680797756,16.799427976366132
1110,18.66995102202054,16.80479000788182,0.056378019507974386,0.44433597940951586,0.5038069793954492,16.790886991657317
1111,18.686746907013003,16.79588499246165,0.05314400186762214,0.47392904525622725,0.5299740005284548,16.7283839546144
1112,18.703480166965164,16.73325995216146,0.05132402293384075,0.4837680025957525,0.5380530492402613,16.77233900409192
1113,18.720266927964985,16.786760999821126,0.05094002699479461,0.45954197412356734,0.5133870290592313,16.872697044163942
1114,18.737162211968098,16.895284003112465,0.05295302253216505,0.6943829939700663,0.7505320245400071,16.88632502919063
1115,18.75407169898972,16.909487021621317,0.05232496187090874,0.4828760283999145,0.5553310038521886,16.877154004760087
1116,18.77097909996519,16.9074009754695,0.05569600034505129,0.4952269955538213,0.5580310244113207,16.728583024814725
1117,18.787712585006375,16.733485041186213,0.051706971134990454,0.2673680428415537,0.32203301088884473,16.728263988625258
1118,18.804445470974315,16.732885967940092,0.04857900785282254,0.39451499469578266,0.4458510084077716,16.833072993904352
1119,18.821306857978925,16.86138700461015,0.06504898192360997,0.49135397421196103,0.5744019872508943,16.826142033096403
1120,18.83813872700557,16.831869026646018,0.10500103235244751,0.42714300798252225,0.5470470059663057,16.79534901631996
1121,18.85493926797062,16.80054096505046,0.05655101267620921,0.46995701268315315,0.5296420422382653,16.903127019759268
1122,18.87184730399167,16.908036021050066,0.051340030040591955,0.4137739888392389,0.46811799984425306,16.732082003727555
1123,18.88858445599908,16.73715200740844,0.051799986977130175,0.3106229705736041,0.36540196742862463,16.73049497185275
1124,18.90532046597218,16.736009973101318,0.05381501978263259,0.5018410156480968,0.5587700288742781,16.731335024815053
1125,18.922056719020475,16.736253048293293,0.053845986258238554,0.3852200461551547,0.44196099042892456,16.863307973835617
1126,18.938943414017558,16.886694997083396,0.06063701584935188,0.3935729619115591,0.4708679625764489,16.802863974589854
1127,18.955751537985634,16.80812396807596,0.05550700007006526,0.29251695377752185,0.35111798206344247,16.728546004742384
1128,18.972484799975064,16.733261989429593,0.050354981794953346,0.4702110309153795,0.5234490381553769,16.789376037195325
1129,18.989316376973875,16.831576998811215,0.05269801476970315,0.5813179886899889,0.6508330116048455,16.866257996298373
1130,19.006190876010805,16.8744990369305,0.055750017054378986,0.360458972863853,0.41932298336178064,16.791987989563495
1131,19.022988233016804,16.797357005998492,0.055635988246649504,0.5426930147223175,0.6014870014041662,16.817800991702825
1132,19.03981147496961,16.82324195280671,0.05729898111894727,0.25871797697618604,0.3193040029145777,16.728248039726168
1133,19.056544656981714,16.733182012103498,0.05137902917340398,0.5324969533830881,0.5868609878234565,16.737580997869372
1134,19.073287562001497,16.742905019782484,0.05545897874981165,0.4342890460975468,0.4929120186716318,16.887299017980695
1135,19.09018407401163,16.896512010134757,0.054594012908637524,0.49293501069769263,0.550655007828027,16.804265964310616
1136,19.106993242981844,16.80916897021234,0.05132198566570878,0.5949960323050618,0.6491580279543996,16.87679102178663
1137,19.1238841220038,16.890879021957517,0.05528697511181235,0.43723004637286067,0.4956590128131211,16.730126983020455
1138,19.140619892976247,16.735770972445607,0.05748396506533027,0.2643819898366928,0.3259980003349483,16.85463299509138
1139,19.15749761101324,16.877718036994338,0.05172000965103507,0.38321298779919744,0.44557597720995545,16.759020974859595
1140,19.174262381973676,16.76477096043527,0.055353972129523754,0.36504899617284536,0.42355700861662626,16.816113027743995
1141,19.19108383997809,16.821458004415035,0.05654897540807724,0.3842000151053071,0.4466830287128687,16.902832023333758
1142,19.20801058097277,16.926740994676948,0.054750998970121145,0.5756320315413177,0.6338170496746898,16.83301100274548
1143,19.22486633597873,16.855755005963147,0.05118502303957939,0.49633003072813153,0.5622770404443145,16.728023008909076
1144,19.24159894901095,16.73261303221807,0.048486050218343735,0.3479539882391691,0.3991289995610714,16.73604396637529
1145,19.258340228989255,16.7412799783051,0.052367046009749174,0.6528279627673328,0.7081599906086922,16.871911997441202
1146,19.275240599992685,16.900371003430337,0.05162699380889535,0.5211139796301723,0.5878789816051722,16.886956989765167
1147,19.29214391001733,16.90331002464518,0.055356009397655725,0.3791889757849276,0.43747597374022007,17.15273200534284
1148,19.309301379020326,17.15746900299564,0.05031202454119921,0.5652069812640548,0.6184419617056847,16.99201896553859
1149,19.32629839197034,16.997012950014323,0.05171896191313863,0.37793401861563325,0.43252401519566774,16.78455900400877
1150,19.343091122980695,16.792731010355055,0.05379400681704283,0.37786399479955435,0.4350310191512108,16.78683503996581
1151,19.359882909979206,16.79178699851036,0.051193987019360065,0.5117279943078756,0.5658650188706815,16.72723499359563
1152,19.376615092973225,16.73218299401924,0.051362032536417246,0.4563870024867356,0.5106290336698294,16.737615049351007
1153,19.39335804397706,16.742951003834605,0.05523301661014557,0.370213994756341,0.4286110051907599,16.801786026917398
1154,19.410164984001312,16.80694002425298,0.055191980209201574,0.5196770071052015,0.5779499770142138,16.869560990016907
1155,19.42706472298596,16.89973898464814,0.05713396240025759,0.47440099297091365,0.5442139809019864,16.72837499063462
1156,19.443798110994976,16.73338800901547,0.051085022278130054,0.39483397267758846,0.44885999523103237,16.734783013816923
1157,19.460537948994897,16.739837999921292,0.054947042372077703,0.37553696893155575,0.4334439872764051,16.748998023103923
1158,19.477292163006496,16.75421401159838,0.05532300565391779,0.45440002577379346,0.5127679905854166,16.892504005227238
1159,19.494189674966037,16.89751195954159,0.05162495654076338,0.3876330447383225,0.4421950434334576,16.84233802370727
1160,19.511046636966057,16.85696200001985,0.053844996728003025,0.424546014983207,0.4814190324395895,16.729500028304756
1161,19.52778150397353,16.73486700747162,0.051987997721880674,0.3669409779831767,0.42183900950476527,16.72768802382052
1162,19.54451383900596,16.732335032429546,0.049053982365876436,0.4537390195764601,0.5058330134488642,16.76382397999987
1163,19.561282983981073,16.769144975114614,0.05311600398272276,0.5123289884068072,0.568550021853298,16.88382204156369
1164,19.57817802397767,16.895039996597916,0.056555960327386856,0.5371160223148763,0.5968210170976818,16.918425040785223
1165,19.595101376995444,16.92335301777348,0.054731033742427826,0.41014794260263443,0.4678539698943496,16.806894971523434
1166,19.611913237022236,16.811860026791692,0.05005201091989875,0.5014410126022995,0.5542029975913465,16.91676798509434
1167,19.628835336014163,16.92209899192676,0.05278200842440128,0.41595601942390203,0.4718999844044447,16.728294955100864
1168,19.645568626991007,16.733290976844728,0.05137198604643345,0.5204490153118968,0.5747710238210857,16.902304021641612
1169,19.6624885390047,16.91991201369092,0.05221302853897214,0.44653197983279824,0.5017819930799305,16.861548996530473
1170,19.67935850401409,16.869965009391308,0.05422398680821061,0.5161160370334983,0.573405995965004,16.925948963034898
1171,19.69629548100056,16.936976986471564,0.04941702354699373,0.38004800444468856,0.43230701703578234,17.08757900632918
1172,19.713387693976983,17.09221297642216,0.05233101546764374,0.46458799624815583,0.51982601871714,16.864932025782764
1173,19.730257941992022,16.87024801503867,0.05237804725766182,0.36948896013200283,0.42503298027440906,16.802620026282966
1174,19.747065846982878,16.807904990855604,0.05909003084525466,0.5937209934927523,0.6563420174643397,16.872579988557845
1175,19.76395043102093,16.884584038052708,0.056498043704777956,0.5575009854510427,0.6171619752421975,16.815942944958806
1176,19.780771662015468,16.821230994537473,0.05557399708777666,0.4058720078319311,0.4646150046028197,18.330566002987325
1177,19.79910718096653,18.335518951062113,0.05171098746359348,0.4898069892078638,0.5444670096039772,16.828563006129116
1178,19.815958774008323,16.851593041792512,0.06600696360692382,0.5674000130966306,0.6481609889306128,16.87604998005554
1179,19.832858223002404,16.899448994081467,0.06888702046126127,0.3315290086902678,0.414979993365705,16.91259501967579
1180,19.84977617202094,16.917949018534273,0.054746982641518116,0.5433170008473098,0.6012119702063501,16.72863296698779
1181,19.86650975799421,16.733585973270237,0.05201599560678005,0.43134798761457205,0.4862779751420021,16.7467930004932
1182,19.883261881012004,16.752123017795384,0.05559797864407301,0.3720989916473627,0.43097196612507105,16.790869005490094
1183,19.90005802299129,16.796141979284585,0.0586259993724525,0.5584200262092054,0.6201980286277831,16.83009002590552
1184,19.916911098000128,16.85307500883937,0.056033022701740265,0.40334596997126937,0.4742249730043113,16.83171500917524
1185,19.93376411596546,16.853017965331674,0.051570998039096594,0.5118499975651503,0.5673080449923873,16.867242055013776
1186,19.95063915097853,16.875035013072193,0.05741498898714781,0.44086697744205594,0.5021590040996671,16.729397990275174
1187,19.967373585968744,16.73443499021232,0.05176698323339224,0.5459900130517781,0.6006300100125372,16.8787160073407
1188,19.98428116500145,16.907579032704234,0.055236974731087685,0.3452399978414178,0.40633598109707236,16.859932977240533
1189,20.00116430496564,16.883139964193106,0.05252496339380741,0.4503180389292538,0.5142750451341271,16.799318022094667
1190,20.01796905498486,16.804750019218773,0.056002987548708916,0.40990201523527503,0.46916602877900004,16.786815016530454
1191,20.034760862006806,16.791807021945715,0.05246000364422798,0.4670280031859875,0.5226979847066104,16.738483973313123
1192,20.05150458298158,16.74372097477317,0.05199899896979332,0.4835670115426183,0.5383820389397442,16.72701898496598
1193,20.068236495018937,16.731912037357688,0.05057803355157375,0.4198669921606779,0.4733449895866215,16.73109398689121
1194,20.0849725449807,16.736049961764365,0.050427974201738834,0.3903239849023521,0.443639000877738,16.87837502686307
1195,20.10186552297091,16.892977990210056,0.05652004620060325,0.27406495064496994,0.3337319940328598,16.725855006370693
1196,20.118596273998264,16.730751027353108,0.05002599209547043,0.4136660136282444,0.4665880114771426,16.729091003071517
1197,20.135330287972465,16.734013974200934,0.05071400664746761,0.525843002833426,0.5795450415462255,17.76770903961733
1198,20.153105934965424,17.775646992959082,0.09852304356172681,0.4764549667015672,0.5809040158055723,16.732186020817608
1199,20.169846509001218,16.740574035793543,0.10994903277605772,2.241765963844955,2.3578539839945734,16.739200975280255
1200,20.186597271007486,16.750762006267905,0.13473996659740806,0.3690500161610544,0.511005986481905,16.77767897490412
1201,20.203397911973298,16.80064096581191,0.13715302338823676,0.5207760259509087,0.6666250410489738,16.838231007568538
1202,20.220263752969913,16.86584099661559,0.05817698547616601,0.3806140157394111,0.4434120492078364,16.819329001009464
1203,20.237090942973737,16.82719000382349,0.057130993809551,0.3558759926818311,0.41626300662755966,16.8016460374929
1204,20.25389800197445,16.807059000711888,0.056984019465744495,0.43190200813114643,0.4920700448565185,16.7284450144507
1205,20.27063135599019,16.733354015741497,0.05118298577144742,0.40850904770195484,0.4625780275091529,16.842522018123418
1206,20.287482557003386,16.85120101319626,0.05223503103479743,0.4106209962628782,0.4657719982787967,16.796640993561596
1207,20.304283912002575,16.801354999188334,0.04916399484500289,0.3791289636865258,0.43100997572764754,16.85018796706572
1208,20.321139318984933,16.855406982358545,0.05558802513405681,0.5010219756513834,0.5597919807769358,16.886326018720865
1209,20.338040940987412,16.90162200247869,0.05622999742627144,0.4165730206295848,0.4759840085171163,16.86287601478398
1210,20.354926953965332,16.886012977920473,0.05455903010442853,0.4536169581115246,0.5245700012892485,16.80137001676485
1211,20.37173360097222,16.806647006887943,0.051337003242224455,0.321455008815974,0.37591304862871766,16.73311204649508
1212,20.388471940997988,16.738340025767684,0.05454296479001641,0.42642001062631607,0.48396497732028365,16.873690008651465
1213,20.405353008012753,16.881067014764994,0.055468990467488766,0.4268159973435104,0.48545398749411106,16.900171991437674
1214,20.422275421966333,16.922413953579962,0.0512779806740582,0.6856429972685874,0.7478980114683509,16.82270603487268
1215,20.439121065021027,16.845643054693937,0.08882198017090559,0.523376977071166,0.6314019556157291,16.728896996937692
1216,20.455854990985245,16.733925964217633,0.05173898534849286,0.4349959781393409,0.4897229955531657,16.726481029763818
1217,20.472586415999103,16.731425013858825,0.04854402504861355,0.4162129480391741,0.4676149692386389,16.730465984437615
1218,20.489322211011313,16.735795012209564,0.054544012527912855,0.3969320096075535,0.45465800212696195,16.96122996509075
1219,20.506288776989095,16.96656597778201,0.05392899038270116,0.483096984680742,0.5401269881986082,16.88613003352657
1220,20.523180603981018,16.891826991923153,0.05549995694309473,0.40432304376736283,0.46299403766170144,16.88949199160561
1221,20.540095789998304,16.915186017286032,0.062462990172207355,0.4281449946574867,0.49394997768104076,16.868386999703944
1222,20.5569788129651,16.88302296679467,0.05264801438897848,0.958908989559859,1.0146370041184127,16.91962400218472
1223,20.573905371013097,16.926558047998697,0.056222022976726294,1.2867979821749032,1.3461799826472998,16.728229995351285
1224,20.590638538997155,16.733167984057218,0.050681992433965206,0.3151750424876809,0.36874902434647083,16.732637013774365
1225,20.607376066967845,16.73752797069028,0.050901027861982584,0.7199359824880958,0.773727020714432,16.879465023521334
1226,20.624284035991877,16.907969024032354,0.053333002142608166,0.418235023971647,0.47831900883466005,16.794112976640463
1227,20.64108352601761,16.799490025732666,0.056218006648123264,0.4922960069961846,0.5543609731830657,16.906848002690822
1228,20.65800895600114,16.925429983530194,0.051141949370503426,0.4934510216116905,0.5475709913298488,16.737338970415294
1229,20.674751168000512,16.742211999371648,0.0514150015078485,0.34043099731206894,0.39468600880354643,16.73452596878633
1230,20.691490661993157,16.739493992645293,0.05132501246407628,0.411281012929976,0.46560500049963593,16.899398004170507
1231,20.708396775007714,16.906113014556468,0.05199498264119029,0.43466297211125493,0.4895589663647115,16.92660799017176
1232,20.725329014996532,16.932239988818765,0.05158298881724477,0.39361300878226757,0.44806802179664373,16.849950014147907
1233,20.742198585008737,16.86957001220435,0.056307995691895485,0.37918996531516314,0.4395169671624899,16.796423005871475
1234,20.759000330988783,16.80174598004669,0.055092968977987766,0.46111003030091524,0.5193260149098933,16.892442014068365
1235,20.77589808596531,16.897754976525903,0.052478048019111156,0.5656459834426641,0.6210980354808271,16.87975600361824
1236,20.792794217995834,16.896132030524313,0.052732008043676615,0.3865629551000893,0.4422459751367569,16.883296018932015
1237,20.809686760010663,16.892542014829814,0.05065201548859477,0.39353600004687905,0.447037979029119,16.73423999454826
1238,20.82642591302283,16.739153012167662,0.05174899706616998,0.5310840206220746,0.5858169752173126,16.755366988945752
1239,20.843186639016494,16.760725993663073,0.056218006648123264,0.5725019727833569,0.6318959640339017,16.73395198304206
1240,20.859925507975277,16.738868958782405,0.05145499017089605,0.5114889936521649,0.5658880108967423,16.72589499503374
1241,20.876656439970247,16.730931994970888,0.05177402636036277,0.3428559866733849,0.3975630388595164,16.73360902350396
1242,20.89339518098859,16.738741018343717,0.05157198756933212,0.46382297296077013,0.5183109897188842,16.70093898428604
1243,20.91010073001962,16.705549031030387,0.051799986977130175,0.5295670125633478,0.583982968237251,16.91594097064808
1244,20.92702158796601,16.920857946388423,0.05218596197664738,0.5360030336305499,0.591198040638119,16.735632030759007
1245,20.94376363500487,16.74204703886062,0.05515100201591849,0.37971697747707367,0.43847697088494897,16.72862598206848
1246,20.960497252992354,16.73361798748374,0.05192100070416927,0.5715960287488997,0.6264760158956051,16.751664981711656
1247,20.977268040995114,16.770788002759218,0.05546602187678218,0.4785399651154876,0.5371539737097919,16.79410901851952
1248,20.994067316991277,16.799275996163487,0.06427400512620807,0.5429739831015468,0.6103669875301421,16.826394014060497
1249,21.01091686700238,16.84955001110211,0.05290098488330841,0.38591702468693256,0.4509050049819052,16.94157300516963
1250,21.027863599010743,16.94673200836405,0.054766947869211435,0.5752300494350493,0.6331760087050498,16.729478957131505
1251,21.044598242966458,16.734643955715,0.05144497845321894,0.5737870233133435,0.6281790556386113,16.737227037083358
1252,21.061340411019046,16.742168052587658,0.05194399273023009,0.344357977155596,0.3991769626736641,16.88966597430408
1253,21.078235330001917,16.894918982870877,0.052543007768690586,0.44960499508306384,0.505364965647459,16.801849007606506
1254,21.09504221600946,16.806886007543653,0.05571998190134764,0.389872002415359,0.4485449753701687,16.851083957590163
1255,21.111903958022594,16.861742013134062,0.051526003517210484,0.5493040080182254,0.6037249695509672,16.8326809653081
1256,21.128759447019547,16.855488996952772,0.0696469796821475,0.3707919968292117,0.45501295244321227,16.864729986991733
1257,21.145647799014114,16.88835199456662,0.05594297545030713,0.3481479943729937,0.4079049685969949,16.736702993512154
1258,21.162389817996882,16.74201898276806,0.06060494342818856,0.45980303548276424,0.5235690041445196,16.873290005605668
1259,21.179277659975924,16.887841979041696,0.05738402251154184,0.5244429921731353,0.5850280285812914,16.911710030399263
1260,21.1962038630154,16.926203039474785,0.05111296195536852,0.39953598752617836,0.45350095024332404,16.80846995441243
1261,21.213017286965623,16.813423950225115,0.05212804535403848,0.5581440054811537,0.6131960544735193,16.82572701247409
1262,21.229865899018478,16.84861205285415,0.06101600592955947,0.39112597005441785,0.46688696602359414,16.877894988283515
1263,21.246754635008983,16.888735990505666,0.05576602416113019,0.2617299905978143,0.3206169931218028,16.758503974415362
1264,21.26351803401485,16.76339900586754,0.053009018301963806,0.3594229929149151,0.41534798219799995,16.727532958611846
1265,21.280250803974923,16.73276996007189,0.05570100620388985,0.3827310283668339,0.44156803051009774,16.889804042875767
1266,21.297169248980936,16.918445006012917,0.0758440000936389,0.4011630080640316,0.49509102245792747,16.725741035770625
1267,21.313899917993695,16.73066901275888,0.05067500751465559,0.3823359729722142,0.43586897663772106,16.735440003685653
1268,21.330640026018955,16.74010802526027,0.04783400800079107,0.32540998654440045,0.3759149694815278,16.731882002204657
1269,21.347376863996033,16.736837977077812,0.052706978749483824,0.4555110353976488,0.5115380045026541,16.902307979762554
1270,21.364290935976896,16.91407198086381,0.05557900294661522,0.6813880172558129,0.7400470203720033,16.799228033050895
1271,21.381095081975218,16.804145998321474,0.05189201328903437,0.5780569626949728,0.6328150047920644,16.895015025511384
1272,21.397996724990662,16.90164301544428,0.05459901876747608,0.5581380100920796,0.6159020122140646,16.933527018409222
1273,21.41493512596935,16.93840097868815,0.051664013881236315,0.3029879881069064,0.3576450399123132,16.87733002472669
1274,21.43181719799759,16.882072028238326,0.049358000978827477,0.5346640245988965,0.5869099986739457,16.899187001399696
1275,21.44872372597456,16.90652797697112,0.0559259788133204,0.5974009982310236,0.6565040093846619,18.37081101257354
1276,21.46709903900046,18.37531302589923,0.04993099719285965,0.29130501206964254,0.34396100090816617,16.84837299399078
1277,21.483970506000333,16.87146699987352,0.052750983741134405,0.5388929857872427,0.6050349911674857,16.728467016946524
1278,21.500704082020093,16.73357601976022,0.051896029617637396,0.2663079649209976,0.32127596205100417,16.768747998867184
1279,21.517495366977528,16.791284957434982,0.05202199099585414,0.34113001311197877,0.40410400833934546,16.75850700121373
1280,21.53425916301785,16.76379604032263,0.05575898103415966,0.4726389888674021,0.531633966602385,16.85913495020941
1281,21.55112390301656,16.86473999870941,0.05640997551381588,0.5536250537261367,0.6139570032246411,16.827555955387652
1282,21.56795684399549,16.8329409789294,0.05498796235769987,0.537355022970587,0.5956279928795993,16.84044802095741
1283,21.5848151500104,16.85830601491034,0.048990012146532536,0.6270409794524312,0.6790959741920233,16.732369957026094
1284,21.601552715990692,16.737565980292857,0.0543509959243238,0.49701600801199675,0.5544070154428482,16.730180010199547
1285,21.618288043013308,16.73532702261582,0.05513499490916729,0.3706230199895799,0.4288569907657802,16.795593954157084
1286,21.63509061699733,16.802573984023184,0.04946300759911537,0.39684103103354573,0.4491130239330232,16.72963600140065
1287,21.65182511898456,16.734501987230033,0.04942901432514191,0.43755199294537306,0.4899050109088421,16.72559103462845
1288,21.66855547798332,16.730358998756856,0.047775974962860346,0.3498760052025318,0.40035200072452426,16.736274992581457
1289,21.68529692600714,16.74144802382216,0.0518549932166934,0.6274229963310063,0.6821799906902015,16.79657999193296
1290,21.702098721987568,16.801795980427414,0.055449025239795446,0.3646329860202968,0.4232070059515536,16.805100021883845
1291,21.718908648006618,16.80992601905018,0.05410902667790651,0.48698397586122155,0.5439869710244238,16.729048977140337
1292,21.735642725019716,16.734077013097703,0.05174096440896392,0.2652049879543483,0.31997094629332423,16.732677002437413
1293,21.752380357007496,16.737631987780333,0.051447947043925524,0.6180000491440296,0.6725990097038448,16.86831098049879
1294,21.76926695299335,16.886595985852182,0.05048199091106653,0.6949710077606142,0.7484600064344704,16.798526979982853
1295,21.786070905975066,16.803952981717885,0.11124700540676713,0.4214579821564257,0.5359150236472487,16.85314899077639
1296,21.802936474967282,16.86556899221614,0.05083699943497777,0.5542930448427796,0.6080590537749231,16.802084050141275
1297,21.819743408006616,16.80693303933367,0.05123199662193656,0.4988100263290107,0.5528799956664443,16.72808500006795
1298,21.83647642598953,16.733017982915044,0.05143397720530629,0.3960810136049986,0.4503870150074363,16.80915802717209
1299,21.853295744978823,16.819318989291787,0.05527399480342865,0.7549120346084237,0.813294027466327,16.820084012579173
1300,21.870121227984782,16.82548300595954,0.11192797683179379,0.5014759954065084,0.6176549941301346,16.800076991785318
1301,21.886926603969187,16.805375984404236,0.055642041843384504,0.3903819597326219,0.4492530133575201,16.796345997136086
1302,21.903728241974022,16.801638004835695,0.05557597614824772,0.4376710276119411,0.4964570398442447,16.726974048651755
1303,21.92046011297498,16.731871000956744,0.05149299977347255,0.3703350084833801,0.42475800728425384,16.908445046283305
1304,21.937373641994782,16.91352901980281,0.05081604467704892,0.5410569719970226,0.5948159960098565,16.786679974757135
1305,21.954165622999426,16.791981004644185,0.056280987337231636,0.4884990048594773,0.5481779808178544,16.789278015494347
1306,21.970959799014963,16.794176015537232,0.05140103166922927,0.44963095569983125,0.503903953358531,16.878518974408507
1307,21.98785528400913,16.8954849941656,0.055128009989857674,0.4962949897162616,0.554649974219501,16.85523201012984
1308,22.00472121196799,16.865927958860993,0.04922598600387573,0.5394580075517297,0.5916170193813741,16.73741702688858
1309,22.021463662968017,16.74245100002736,0.051961978897452354,0.4152760375291109,0.4701210418716073,16.839932999573648
1310,22.03830868197838,16.845019010361284,0.051085022278130054,0.3662609960883856,0.42029202450066805,16.734199016354978
1311,22.05504754697904,16.738865000661463,0.053586962167173624,0.45803003013134,0.5143440212123096,16.7894980404526
1312,22.07184241997311,16.79487299406901,0.05608698120340705,0.4372560069896281,0.4964320105500519,16.736563004087657
1313,22.088583901000675,16.741481027565897,0.051336013711988926,0.3949779784306884,0.4493289743550122,16.729402996134013
1314,22.105318175978027,16.73427497735247,0.05048804450780153,0.6209139828570187,0.6742830155417323,16.727162001188844
1315,22.122050511999987,16.73233602195978,0.05241797771304846,0.48059900291264057,0.5359459901228547,16.870049003046006
1316,22.13894158601761,16.891074017621577,0.05165603943169117,0.6341039552353323,0.6888109492138028,16.737248981371522
1317,22.155683945980854,16.74235996324569,0.051723967771977186,0.3137280000373721,0.3686909913085401,16.732293006498367
1318,22.172421302006114,16.737356025259942,0.051897019147872925,0.30656601302325726,0.36131800152361393,16.806776984594762
1319,22.18924454099033,16.823238984216005,0.051033974159508944,0.4422430065460503,0.4962949897162616,16.89426100347191
1320,22.206144127994776,16.899587004445493,0.05606899503618479,0.4056449979543686,0.46484702033922076,16.781837970484048
1321,22.22293141699629,16.787289001513273,0.056186981964856386,0.3946630167774856,0.4540120135061443,16.740521998144686
1322,22.239676515979227,16.745098982937634,0.04765600897371769,0.44552801409736276,0.49593602307140827,16.728546004742384
1323,22.256409952009562,16.733436030335724,0.05232199328020215,0.4318889696151018,0.48722897190600634,16.881034011021256
1324,22.273299201973714,16.88924996415153,0.055325974244624376,0.6428200285881758,0.7013020222075284,16.897290013730526
1325,22.290201499010436,16.902297036722302,0.05066202720627189,0.43094699503853917,0.4844869836233556,16.87571796355769
1326,22.30708360602148,16.882107011042535,0.055840995628386736,0.4126080311834812,0.47380197793245316,16.96648698998615
1327,22.324055266974028,16.971660952549428,0.057236000429838896,0.4713899688795209,0.5316850147210062,16.875596018508077
1328,22.340959498018492,16.904231044463813,0.05313998553901911,0.4667509929277003,0.5358299822546542,16.739441954996437
1329,22.357703862013295,16.74436399480328,0.0509080127812922,0.3127490053884685,0.3665579715743661,16.73412398668006
1330,22.37444294197485,16.739079961553216,0.05097797838971019,0.38871902506798506,0.4426570376381278,16.86760800657794
1331,22.39131545496639,16.872512991540134,0.051035021897405386,0.4667359753511846,0.5205830093473196,16.9089570408687
1332,22.4082293100073,16.913855040911585,0.04831998376175761,0.4860709886997938,0.5372309824451804,16.89004700165242
1333,22.425124384986702,16.895074979402125,0.053345051128417253,0.4095189506188035,0.46582898357883096,16.742601001169533
1334,22.44187153998064,16.74715499393642,0.04758901195600629,0.40957500459626317,0.4598870291374624,16.729928029235452
1335,22.458606555999722,16.73501601908356,0.05173799581825733,0.4223529831506312,0.47707598423585296,16.738222970161587
1336,22.475349729997106,16.743173997383565,0.05074299406260252,0.45827601570636034,0.5119160050526261,16.732844000216573
1337,22.492090539017227,16.74080902012065,0.05046598380431533,0.2324989764019847,0.28571096481755376,16.847351973410696
1338,22.508943203021772,16.85266400454566,0.055195007007569075,0.449316983576864,0.5075239459984004,16.73458598088473
1339,22.52568258199608,16.73937897430733,0.048411020543426275,0.46473200200125575,0.5158850108273327,16.73014200059697
1340,22.54241806396749,16.735481971409172,0.055153039284050465,0.4501909716054797,0.5091290222480893,16.833714034873992
1341,22.559256988985,16.83892501750961,0.054656993597745895,0.4679380217567086,0.5256420117802918,16.933423990849406
1342,22.576195888977963,16.938899992965162,0.055563985370099545,0.392746995203197,0.45156199485063553,16.837566043250263
1343,22.593038409017026,16.842520039062947,0.054652977269142866,0.4386240034364164,0.4961069789715111,16.797506948933005
1344,22.609841173980385,16.80276496335864,0.05545903695747256,0.5426819552667439,0.6013319944031537,16.737870988436043
1345,22.626584051002283,16.742877021897584,0.05168799543753266,0.24251302238553762,0.2971370122395456,16.72674500150606
1346,22.64331623201724,16.73218101495877,0.05591800436377525,0.7283189916051924,0.787396973464638,16.876120993401855
1347,22.660236404975876,16.920172958634794,0.055940006859600544,0.4159079981036484,0.48896903172135353,16.79071004036814
1348,22.677032038976904,16.795634001027793,0.05101505666971207,0.40796096436679363,0.46190700959414244,16.872041043825448
1349,22.693909726978745,16.877688001841307,0.05629798397421837,0.42390701128169894,0.4833760322071612,16.729739028960466
1350,22.710644438979216,16.73471200047061,0.051889976020902395,0.4116580239497125,0.4665980231948197,16.737855039536953
1351,22.727387198014185,16.742759034968913,0.050435017328709364,0.3631750005297363,0.41653000516816974,16.925333999097347
1352,22.74434143397957,16.954235965386033,0.060421007219702005,0.38886599941179156,0.46384503366425633,16.873382031917572
1353,22.761230372998398,16.88893901882693,0.05564099410548806,0.5227220244705677,0.5815830081701279,16.909422003664076
1354,22.778144854004495,16.91448100609705,0.054186966735869646,0.38147298619151115,0.438515970017761,16.900545975659043
1355,22.795050802989863,16.905948985368013,0.05725398659706116,0.46573998406529427,0.5259099998511374,16.8722239905037
1356,22.811953165975865,16.902362986002117,0.05283299833536148,0.3593309666030109,0.43018499854952097,16.72907400643453
1357,22.82868768996559,16.734523989725858,0.05231203977018595,0.22522598737850785,0.28068904066458344,16.894033004064113
1358,22.845586798968725,16.899109003134072,0.051821989472955465,0.3899799776263535,0.4447330138646066,16.886751051060855
1359,22.862478622002527,16.89182303380221,0.054619042202830315,0.47101196832954884,0.5287019885145128,16.813968017231673
1360,22.8793102990021,16.831676999572664,0.051176000852137804,0.7992580067366362,0.8533279760740697,16.734942968469113
1361,22.896050097013358,16.739798011258245,0.05257700104266405,0.4121079691685736,0.46754395589232445,16.804691986180842
1362,22.912860041018575,16.809944005217403,0.05523103754967451,0.4124799743294716,0.4708669730462134,16.728335001971573
1363,22.929593519016635,16.733477998059243,0.055545009672641754,0.5068289465270936,0.5654489505104721,16.735952987801284
1364,22.946334787993692,16.74126897705719,0.05470798350870609,0.41839201003313065,0.4768699873238802,16.804345010314137
1365,22.963144883979112,16.81009598542005,0.05696096923202276,0.5137320258654654,0.573821016587317,16.86853403225541
1366,22.980030430015177,16.885546036064625,0.051687005907297134,0.4255819949321449,0.4803799674846232,16.79004600737244
1367,22.996825415990315,16.794985975138843,0.051081995479762554,0.2339400234632194,0.28798700077459216,16.890069004148245
1368,23.01372079999419,16.895384003873914,0.05172903183847666,0.40123501094058156,0.4561070236377418,16.872936976142228
1369,23.03059902996756,16.878229973372072,0.05415902705863118,0.3831039648503065,0.44034101301804185,16.7328980169259
1370,23.047336884017568,16.737854050006717,0.050401955377310514,0.5014050402678549,0.5547309992834926,16.79366797907278
1371,23.06413579598302,16.798911965452135,0.05601299926638603,1.0596689535304904,1.1187639902345836,16.88909303629771
1372,23.081049275991973,16.91348000895232,0.05653704283758998,0.42066798778250813,0.4807210061699152,16.796073003206402
1373,23.09785046300385,16.801187011878937,0.05503802094608545,0.5386730190366507,0.5966990138404071,16.898242989555
1374,23.11475381499622,16.903351992368698,0.05174602847546339,0.3596539609134197,0.41430798592045903,16.998114995658398
1375,23.131756745977327,17.002930981107056,0.0505860080011189,0.34048297675326467,0.3937759902328253,16.72962703742087
1376,23.148491595988162,16.734850010834634,0.05543301813304424,0.3515389980748296,0.4107360146008432,16.898584028240293
1377,23.165395902993623,16.904307005461305,0.052032992243766785,0.4493839805945754,0.5044739809818566,16.90177497221157
1378,23.182318519975524,16.92261698190123,0.05156401311978698,0.2779870410449803,0.3332380438223481,17.27688603568822
1379,23.199604153982364,17.285634006839246,0.12088799849152565,0.8100119885057211,0.938470009714365,16.733466007281095
1380,23.216348733985797,16.74458000343293,0.236226012930274,1.3984179822728038,1.6419339808635414,16.79564901860431
1381,23.23315012396779,16.801389981992543,0.1230830093845725,0.6491279928013682,0.7758820429444313,17.486809054389596
1382,23.25064162397757,17.491500009782612,0.05155301187187433,0.40786201134324074,0.4622560227289796,16.746598994359374
1383,23.267393814981915,16.75219100434333,0.05578401032835245,0.3946250071749091,0.45346503611654043,16.851645021233708
1384,23.284251158998813,16.857344016898423,0.052130024414509535,0.45867799781262875,0.513961014803499,16.735903976950794
1385,23.30099204997532,16.740890976507217,0.05135801620781422,0.43010199442505836,0.4843960050493479,17.448121041525155
1386,23.318445053009782,17.45300303446129,0.05160999717190862,0.6407600012607872,0.6952729891054332,16.856242960784584
1387,23.335306790017057,16.861737007275224,0.05278299795463681,0.2876119688153267,0.3435469698160887,16.934315965045244
1388,23.352247014991008,16.940224973950535,0.06290001329034567,0.6326609873212874,0.6997740129008889,16.787570028100163
1389,23.36903944797814,16.79243298713118,0.055637035984545946,0.5412430036813021,0.599755032453686,16.728796006646007
1390,23.385773214977235,16.73376699909568,0.051099981646984816,0.2959800185635686,0.3499810118228197,16.727771027944982
1391,23.402505711012054,16.732496034819633,0.04896603059023619,0.3726179711520672,0.4242659779265523,16.780869977083057
1392,23.419291902973782,16.786191961728036,0.055935001000761986,0.3849279601126909,0.44393399730324745,16.898438043426722
1393,23.436214660992846,16.92275801906362,0.05665904609486461,0.4155689966864884,0.47562201507389545,16.926161013543606
1394,23.453161626006477,16.946965013630688,0.055262004025280476,0.4560729721561074,0.5144939641468227,16.90251799300313
1395,23.470069537987,16.90791198052466,0.05804601823911071,0.3083659685216844,0.3695699851959944,16.790603986009955
1396,23.48686506197555,16.795523988548666,0.05176296690478921,0.3888900391757488,0.4435910377651453,16.728506016079336
1397,23.50359831796959,16.73325599404052,0.048448971938341856,0.4022379871457815,0.4534510080702603,16.72974502434954
1398,23.520333268970717,16.73495100112632,0.051336013711988926,1.3323460007086396,1.3868160312995315,16.908895049709827
1399,23.537247452011798,16.914183041080832,0.05489698378369212,0.6021509761922061,0.6601719651371241,16.73778600525111
1400,23.553988982981537,16.74153096973896,0.04924897802993655,0.31848298385739326,0.3704089904204011,16.787493019364774
1401,23.57078133302275,16.792350041214377,0.05118199624121189,0.4253400256857276,0.47943799290806055,16.731772979255766
1402,23.5875166580081,16.735324985347688,0.04600797547027469,0.4201630363240838,0.46866899356245995,16.730495961382985
1403,23.604251458018553,16.73480001045391,0.05037197843194008,0.29774202266708016,0.35081198439002037,16.73319097608328
1404,23.620988705020864,16.73724700231105,0.05031202454119921,0.3195969620719552,0.37256896030157804,16.78855495993048
1405,23.637782980978955,16.79427595809102,0.05513499490916729,0.2614940167404711,0.3196480101905763,16.73881703754887
1406,23.654525904974435,16.74292399547994,0.050408008974045515,0.358447025064379,0.4114790353924036,16.79341000271961
1407,23.671323415997904,16.79751102346927,0.05327502731233835,0.38872199365869164,0.44474401511251926,16.72975899418816
1408,23.68805738899391,16.73397299600765,0.05234300624579191,0.42523397132754326,0.4801659961231053,16.734419972635806
1409,23.704795592988376,16.73820399446413,0.05018297815695405,0.2582320012152195,0.31093601137399673,16.73564699012786
1410,23.72153594798874,16.740355000365525,0.04799599992111325,0.44641998829320073,0.4971289890818298,16.735880984924734
1411,23.73827548197005,16.73953398130834,0.047331966925412416,0.23658503778278828,0.2863420522771776,16.73426805064082
1412,23.75501354096923,16.738058999180794,0.051309994887560606,0.32411899883300066,0.3782639978453517,16.735400015022606
1413,23.77175295597408,16.739415004849434,0.04960800288245082,0.41316100396215916,0.46537001617252827,16.729235998354852
1414,23.788485090015456,16.732134041376412,0.03369699697941542,0.35265099722892046,0.3878879942931235,16.746496956329793
1415,23.805247953976505,16.762863961048424,0.04946999251842499,0.49249205039814115,0.5519360420294106,16.730322036892176
1416,23.821982224006206,16.734270029701293,0.047497975174337626,0.31725503504276276,0.36708900006487966,16.73135400051251
1417,23.838717158010695,16.734934004489332,0.04620797699317336,0.2776970504783094,0.32600300619378686,16.79874397814274
1418,23.855519463017117,16.802305006422102,0.046787026803940535,0.26494800113141537,0.3139610053040087,16.733389988075942
1419,23.872255022986792,16.735559969674796,0.029454997275024652,0.2587300259619951,0.28955203015357256,16.72929699998349
1420,23.88898651098134,16.731487994547933,0.027747999411076307,0.24475599639117718,0.27386099100112915,16.797018004581332
1421,23.905788376985583,16.801866004243493,0.05051004700362682,0.280126987490803,0.33349101431667805,16.731063020415604
1422,23.922523343004286,16.734966018702835,0.04977500066161156,0.4865869996137917,0.5388680147007108,16.733822994865477
1423,23.939261797000654,16.738453996367753,0.048896006774157286,0.40298199746757746,0.45461300760507584,16.85547101078555
1424,23.95612111396622,16.859316965565085,0.047406996600329876,0.29376999009400606,0.34404901089146733,16.73575403401628
1425,23.972875570994802,16.754457028582692,0.06006803596392274,0.23131800116971135,0.30393002089112997,16.73900702735409
1426,23.989619344007224,16.743773012422025,0.04892499418929219,0.26741198962554336,0.3190889838151634,16.75635896390304
1427,24.006379693979397,16.76034997217357,0.05009397864341736,0.3867149935103953,0.43943600030615926,16.78202103357762
1428,24.02316660596989,16.786911990493536,0.050660979468375444,0.25449699023738503,0.30804501147940755,16.784688050393015
1429,24.039956326014362,16.789720044471323,0.05156401311978698,0.3307100269012153,0.38509699515998363,16.747213958296925
1430,24.056707118987106,16.75079297274351,0.046859029680490494,0.4085460095666349,0.4577740328386426,16.723954991903156
1431,24.073435521975625,16.72840298851952,0.049574009608477354,0.4904289962723851,0.5426640273071826,16.71749004162848
1432,24.090157756989356,16.722235013730824,0.04874099977314472,0.440829957369715,0.4924199893139303,16.79611997678876
1433,24.106957819021773,16.800062032416463,0.10909303091466427,0.39622996700927615,0.5079069524072111,16.749579983297735
1434,24.123711380991153,16.753561969380826,0.048178015276789665,0.2555549726821482,0.3062739851884544,16.728335991501808
1435,24.140443878015503,16.73249702434987,0.0503439805470407,0.38411904824897647,0.4373010015115142,16.731237003114074
1436,24.15717910102103,16.735223005525768,0.04988099681213498,0.33775699557736516,0.3902039607055485,16.797112999483943
1437,24.173981547995936,16.80244697490707,0.055871030781418085,0.4889809642918408,0.5479669780470431,16.731169016566128
1438,24.19071689900011,16.735351004172117,0.049954978749156,0.27156301075592637,0.3241520025767386,16.730875009670854
1439,24.207451861002482,16.734962002374232,0.049803988076746464,0.32680004369467497,0.3792520146816969,16.71231398358941
1440,24.224169121996965,16.717260994482785,0.05202600732445717,0.3216430195607245,0.3765230067074299,16.73037401633337
1441,24.24090366397286,16.73454197589308,0.049979949835687876,0.2879660460166633,0.34057104494422674,16.735985002014786
1442,24.257643699995242,16.74003602238372,0.05009002052247524,0.31928298994898796,0.3718910156749189,16.730465984437615
1443,24.274377916997764,16.7342170025222,0.050055969040840864,0.30243099899962544,0.3549599787220359,16.7194259702228
1444,24.291101461974904,16.72354497713968,0.05023501580581069,0.2825140254572034,0.3353900392539799,16.784050036221743
1445,24.307890439988114,16.78897801321,0.051603012252599,0.2664540079422295,0.3209320129826665,16.73198799835518
1446,24.324626352987252,16.735912999138236,0.047940993681550026,0.28033601120114326,0.330718990880996,16.73668099101633
1447,24.341365749016404,16.739396029151976,0.04574400372803211,0.3083269693888724,0.3563689533621073,16.879287955816835
1448,24.35825136298081,16.88561396440491,0.05337403854355216,0.49105496145784855,0.5473429919220507,16.7319510364905
1449,24.37498730799416,16.73594501335174,0.04794896813109517,0.2701840130612254,0.3206490073353052,16.725517984014004
1450,24.391716642014217,16.72933402005583,0.04787900252267718,0.2658090088516474,0.3161219647154212,16.731420007999986
1451,24.408451861992944,16.7352199787274,0.04877400351688266,0.30430598417297006,0.3555460134521127,16.722570988349617
1452,24.425178418983705,16.72655699076131,0.05111400969326496,0.3136100131087005,0.367304019164294,16.744212014600635
1453,24.441926427010912,16.748008027207106,0.0493330298922956,0.36131497472524643,0.4131149617023766,16.726544010452926
1454,24.458672217966523,16.745790955610573,0.05008798325434327,0.3196769976057112,0.372797017917037,16.73106604721397
1455,24.47540693101473,16.734713048208505,0.05223904736340046,0.44136500218883157,0.49608800327405334,16.71899895882234
1456,24.49213009601226,16.72316499752924,0.05309900734573603,0.5242439801804721,0.5800589569844306,16.742024978157133
1457,24.508876344014425,16.746248002164066,0.051054987125098705,0.29751803958788514,0.3511440008878708,16.724065004382282
1458,24.525604635011405,16.728290996979922,0.05222595063969493,0.23969000903889537,0.2945619635283947,16.72627596417442
1459,24.54233500798,16.730372968595475,0.05001801764592528,0.3990299883298576,0.4520200309343636,16.80266798939556
1460,24.5591428889893,16.807881009299308,0.05571800284087658,0.2852810430340469,0.3441140288487077,16.789696004707366
1461,24.575937455985695,16.794566996395588,0.05151302320882678,0.4045710084028542,0.45893603237345815,16.732591029722244
1462,24.5926739720162,16.7365160305053,0.0480199814774096,0.24970498634502292,0.30014896765351295,16.732550982851535
1463,24.60941128397826,16.73731196206063,0.04870397970080376,0.3003359888680279,0.3517880104482174,16.90278499154374
1464,24.62632332200883,16.91203803056851,0.04975998308509588,0.25894399732351303,0.31129398848861456,16.72980497824028
1465,24.643057299021166,16.733977012336254,0.04888797411695123,0.23180898278951645,0.28317695250734687,16.824036953039467
1466,24.659886247012764,16.828947991598397,0.051170994993299246,0.5441199755296111,0.5982049624435604,16.734617995098233
1467,24.676624841988087,16.738594975322485,0.04937098128721118,0.2673910348676145,0.3194250166416168,16.72781101660803
1468,24.69335646700347,16.731625015381724,0.04681700374931097,0.2994990209117532,0.348731002304703,16.756208962760866
1469,24.710116864007432,16.76039700396359,0.050991016905754805,0.4137179930694401,0.46718399971723557,16.78694796282798
1470,24.726908646989614,16.791782982181758,0.049569993279874325,0.42747199768200517,0.4797860165126622,16.703660017810762
1471,24.743615871993825,16.707225004211068,0.047291978262364864,0.22761401487514377,0.27753901667892933,16.731330018956214
1472,24.76035125402268,16.735382028855383,0.04885700764134526,0.4562339745461941,0.5077239475212991,16.737567959353328
1473,24.777095353987534,16.744099964853376,0.06098701851442456,0.4590689786709845,0.5230520037002861,16.75099798012525
1474,24.79385000799084,16.754654003307223,0.04904798697680235,0.44773402623832226,0.49916800344362855,16.72946900362149
1475,24.81058198597748,16.731977986637503,0.03415299579501152,0.3699750523082912,0.4057350452058017,16.72831003088504
1476,24.827314382011537,16.732396034058183,0.04758400609716773,0.3101290203630924,0.3601509961299598,16.725761000998318
1477,24.844060176983476,16.745794971939176,0.06191700231283903,0.2966970205307007,0.3710720338858664,16.852568020112813
1478,24.860941388003994,16.881211020518094,0.05616701673716307,0.4720250144600868,0.5357890040613711,16.72881399281323
1479,24.877674322982784,16.73293497879058,0.04968099528923631,0.37656398490071297,0.42882998241111636,16.921365982852876
1480,24.894600057974458,16.92573499167338,0.04912802251055837,0.35848096013069153,0.41034299647435546,16.732143994886428
1481,24.911335762008093,16.735704033635557,0.0471300445497036,0.36385300336405635,0.4133050097152591,16.765751992352307
1482,24.928116306022275,16.78054401418194,0.049780996050685644,0.3084329655393958,0.3678499488160014,16.74454496242106
1483,24.94486613298068,16.74982695840299,0.05705596413463354,0.2710380358621478,0.3317100345157087,16.729279013816267
1484,24.96159781096503,16.731677984353155,0.030768977012485266,0.2756289904937148,0.3078450099565089,16.733592026866972
1485,24.97833501797868,16.737207013648003,0.04684604937210679,0.37896097637712955,0.428171013481915,16.732510004658252
1486,24.995070119970478,16.73510199179873,0.03918103175237775,0.21461996948346496,0.2555740065872669,16.72980800503865
1487,25.011802213964984,16.732093994505703,0.030533992685377598,0.19050901755690575,0.22246805019676685,16.73085504444316
1488,25.028535200981423,16.732987016439438,0.02843898255378008,0.4041470238007605,0.4338810103945434,16.730868024751544
1489,25.045269520021975,16.73431904055178,0.04587200237438083,0.3836810356006026,0.43183600064367056,16.73341594869271
1490,25.062006346997805,16.7368269758299,0.045584049075841904,0.4067839472554624,0.4547389689832926,16.730129020288587
1491,25.078738861018792,16.732514020986855,0.03498198930174112,0.21404901053756475,0.2507379977032542,16.74259698484093
1492,25.095483461976983,16.74460095819086,0.028868031222373247,0.2982989535667002,0.3284339909441769,16.73461904283613
1493,25.112219952978194,16.736491001211107,0.02653198316693306,0.3028690116479993,0.33057702239602804,16.730566043406725
1494,25.128952512983233,16.732560005038977,0.026040012016892433,0.33763196552172303,0.36487699253484607,16.73421502346173
1495,25.145690114004537,16.737601021304727,0.047546986024826765,0.21935603581368923,0.2695840084925294,16.758786980062723
1496,25.16245299699949,16.762882994953543,0.04711601650342345,0.44869998237118125,0.4982929676771164,16.721779014915228
1497,25.17917860497255,16.725607973057777,0.050014001317322254,0.39770297007635236,0.45024300925433636,16.734255012124777
1498,25.195916919969022,16.73831499647349,0.050362024921923876,0.30304398387670517,0.3560500335879624,16.731894051190466
1499,25.212652629008517,16.735709039494395,0.0999929616227746,0.5004850099794567,0.6028959760442376,16.74741500755772
1500,25.22940487397136,16.752244962844998,0.05085300654172897,0.4188729799352586,0.47256500693038106,16.693485027644783
1501,25.246102467004675,16.69759303331375,0.04995201015844941,0.22632296895608306,0.2788269775919616,16.744210966862738
1502,25.262850367987994,16.747900983318686,0.047024048399180174,0.3183639491908252,0.36773597821593285,16.723165987059474
1503,25.279577690002043,16.727322014048696,0.052328978199511766,0.8986699976958334,0.9537739679217339,16.730031988117844
1504,25.29631182498997,16.734134987927973,0.04952301969751716,0.30262599466368556,0.3546799998730421,16.730331000871956
1505,25.313046307011973,16.73448202200234,0.04888098919764161,0.37646101554855704,0.4278359701856971,16.807036998216063
1506,25.329858006967697,16.81169995572418,0.04883500514551997,0.5061710253357887,0.5576970288529992,16.74990204628557
1507,25.346613672969397,16.755666001699865,0.04761602031067014,0.37363998126238585,0.42402499821037054,16.7221010196954
1508,25.36333968298277,16.726010013371706,0.04740204894915223,0.35416497848927975,0.4040030180476606,16.736864985432476
1509,25.380080514994916,16.74083201214671,0.049893977120518684,0.2565610338933766,0.3089900128543377,16.735445999074727
1510,25.396819767018314,16.739252023398876,0.04924001405015588,0.2906919689849019,0.34244597190991044,16.725545981898904
1511,25.41356320801424,16.743440995924175,0.050295027904212475,0.3003509482368827,0.3534279530867934,16.730205970816314
1512,25.430297993007116,16.734784992877394,0.05041796248406172,0.25750702479854226,0.31069800024852157,16.730519011616707
1513,25.44703236897476,16.734375967644155,0.04746898775920272,0.3074989654123783,0.3574430011212826,16.812985995784402
1514,25.463850215019193,16.817846044432372,0.05144195165485144,0.5149570060893893,0.5693509592674673,16.72600896563381
1515,25.480580493982416,16.7302789632231,0.05394703475758433,0.45260199112817645,0.5093470099382102,16.735426033847034
1516,25.497320440015756,16.739946033339947,0.04692998481914401,0.4160639946348965,0.4654229851439595,16.79938699817285
1517,25.5141246849671,16.804244951345026,0.05146401235833764,0.25217398069798946,0.3065920318476856,16.78872504271567
1518,25.530918292992283,16.79360802518204,0.05208299262449145,0.36106602055951953,0.4160190001130104,16.733857977669686
1519,25.547655950998887,16.73765800660476,0.048171961680054665,0.34484604839235544,0.39575202390551567,16.729104972910136
1520,25.564389389008284,16.733438009396195,0.05023699486628175,0.39570702938362956,0.4486030084080994,16.7129950132221
1521,25.581106434983667,16.71704597538337,0.05028600571677089,0.4488829872570932,0.5017429939471185,16.74292399547994
1522,25.597869634977542,16.763199993874878,0.06141996709629893,0.42615103302523494,0.5009710439480841,16.722536995075643
1523,25.61459598899819,16.726354020647705,0.047810026444494724,0.5473169730976224,0.5976149695925415,16.73057401785627
1524,25.631330845993944,16.734856995753944,0.05018699448555708,0.44366001384332776,0.49645500257611275,16.802300000563264
1525,25.648137799988035,16.8069539940916,0.05047896411269903,0.3437860286794603,0.3970530233345926,16.736155026592314
1526,25.664877852017526,16.74005202949047,0.047877023462206125,0.35115296486765146,0.40151894791051745,16.730748990084976
1527,25.681612509011757,16.734656994231045,0.04740100121125579,0.2751760184764862,0.325075990986079,16.727145004551858
1528,25.698344530013856,16.732021002098918,0.05302100908011198,0.4718929994851351,0.5277839954942465,16.735129000153393
1529,25.715083795017563,16.73926500370726,0.050960981752723455,0.24580099852755666,0.301537977065891,16.736611956730485
1530,25.731824223999865,16.740428982302547,0.04752795211970806,0.4094160394743085,0.45951601350679994,16.73633902100846
1531,25.748565256013535,16.74103201366961,0.04841800546273589,0.38003799272701144,0.4315569531172514,16.737150959670544
1532,25.765305917011574,16.740660998038948,0.04731002263724804,0.41306798812001944,0.46275899512693286,16.728909977246076
1533,25.782038689998444,16.73277298687026,0.04825601354241371,0.3036700072698295,0.3543610218912363,16.756355005782098
1534,25.798798942996655,16.76025299821049,0.04952598828822374,0.4294280079193413,0.48140500439330935,16.729836002923548
1535,25.815532619017176,16.73367602052167,0.04711595829576254,0.41031703585758805,0.4597739898599684,17.603155982214957
1536,25.83314221596811,17.609596950933337,0.07464899681508541,0.29989704489707947,0.3783920546993613,16.731644049286842
1537,25.849878099979833,16.7358840117231,0.052795978263020515,0.24865299928933382,0.3045169869437814,16.734845004975796
1538,25.866616704966873,16.738604987040162,0.08050003089010715,0.39286597166210413,0.47965400153771043,16.729546012356877
1539,25.883348931965884,16.73222699901089,0.03108999226242304,0.3918709699064493,0.42454100912436843,16.72975200926885
1540,25.90008269198006,16.73376001417637,0.04821602487936616,0.41224295273423195,0.4629869945347309,16.74525998532772
1541,25.916831456008367,16.74876402830705,0.04722696030512452,0.5008210428059101,0.5505600129254162,16.7280450114049
1542,25.933563688013237,16.73223200486973,0.04985998384654522,0.4263260052539408,0.47876295866444707,16.732107964344323
1543,25.950299713003915,16.736024990677834,0.050393049605190754,0.4301289445720613,0.4834659630432725,16.735397977754474
1544,25.967039134004153,16.739421000238508,0.051911978516727686,0.44508202699944377,0.4995560157112777,16.725283989217132
1545,25.983768230013084,16.729096008930355,0.04714098758995533,0.37388503551483154,0.4235460073687136,16.72980998409912
1546,26.000502298993524,16.734068980440497,0.05083100404590368,0.3180310013704002,0.37142500514164567,16.734083008486778
1547,26.01724016701337,16.737868019845337,0.0465599587187171,0.4516970366239548,0.5007419968023896,16.729399969335645
1548,26.03397384501295,16.73367799958214,0.04695699317380786,0.3901869640685618,0.4396679578348994,16.730000963434577
1549,26.050707958987914,16.734113974962384,0.047501991502940655,0.37335901288315654,0.4233230138197541,16.736418998334557
1550,26.06744825100759,16.740292019676417,0.047403969801962376,0.41418703040108085,0.4640319966711104,16.72232599230483
1551,26.08417460299097,16.726351983379573,0.04969298606738448,0.4217380192130804,0.47405302757397294,16.735406999941915
1552,26.100914039998315,16.73943700734526,0.050336995627731085,0.41687197517603636,0.46973099233582616,16.72923198202625
1553,26.1176473859814,16.73334598308429,0.04692398943006992,0.31287100864574313,0.36227202508598566,16.727294016163796
1554,26.134378677990753,16.731292009353638,0.04702695878222585,0.39010902401059866,0.4396630101837218,16.719304025173187
1555,26.15110196301248,16.723285021726042,0.047901005018502474,0.27853803476318717,0.32913300674408674,16.713774006348103
1556,26.16781950497534,16.717541962862015,0.04646898014470935,0.419203017372638,0.4682280123233795,16.722335014492273
1557,26.18454579700483,16.72629202948883,0.04933099262416363,0.3417489933781326,0.3937029978260398,16.731982002966106
1558,26.20128213299904,16.736335994210094,0.04971801536157727,0.5642059841193259,0.6166489911265671,16.729045019019395
1559,26.2180168479681,16.734714969061315,0.06526499055325985,0.3180470084771514,0.38703804602846503,16.72999805305153
1560,26.234755427984055,16.73858001595363,0.104663020465523,0.32732501858845353,0.43835502583533525,17.34372798819095
1561,26.25210809201235,17.352664028294384,0.12444599997252226,1.0456430027261376,1.1773479636758566,16.73641399247572
1562,26.268849977990612,16.74188597826287,0.07811601972207427,0.42108597699552774,0.504051975440234,16.732142015825957
1563,26.28558600397082,16.73602598020807,0.051292998250573874,0.48883300041779876,0.5427169962786138,16.728160029742867
1564,26.302317016001325,16.731012030504644,0.032144016586244106,0.2679359749890864,0.3017369890585542,16.783972969278693
1565,26.319105045986362,16.7880299850367,0.04963099490851164,0.5808930145576596,0.6331379991024733,16.732643998693675
1566,26.335841749969404,16.73670398304239,0.05225697532296181,0.4693010123446584,0.5241500330157578,16.735451004933566
1567,26.352580986975227,16.73923700582236,0.0485299970023334,0.4072260344401002,0.4587460425682366,16.72422100091353
1568,26.369309052999597,16.72806602437049,0.04762801108881831,0.5370539729483426,0.5871509783901274,16.736808989662677
1569,26.386050033965148,16.74098096555099,0.052732997573912144,0.469423015601933,0.5247220396995544,16.80746505735442
1570,26.40286254498642,16.812511021271348,0.05144800525158644,0.4016730235889554,0.45596802374348044,16.72264898661524
1571,26.419589110009838,16.726565023418516,0.046922010369598866,0.378509983420372,0.42790197767317295,16.730723960790783
1572,26.43632377497852,16.73466496868059,0.048461020924150944,0.4587569856084883,0.5096980021335185,16.737503989133984
1573,26.453065241978038,16.741466999519616,0.05207600770518184,0.30223396606743336,0.3568640095181763,16.73653704347089
1574,26.46980426099617,16.73901901813224,0.03363698488101363,0.3951099934056401,0.4302969900891185,16.730693983845413
1575,26.486537268967368,16.733007971197367,0.02857600338757038,0.3198999911546707,0.34968002000823617,16.728813003282994
1576,26.50326980696991,16.73253800254315,0.04542700480669737,0.39286399260163307,0.44052302837371826,16.732022049836814
1577,26.520005882019177,16.73607504926622,0.050522037781775,0.4568559816107154,0.509955978486687,16.72979799332097
1578,26.536739000992384,16.73311897320673,0.047757988795638084,0.25637802900746465,0.30628900276497006,16.729073016904294
1579,26.55347092001466,16.731919022276998,0.03367796307429671,0.3938500303775072,0.42934599332511425,16.73133997246623
1580,26.570205896976404,16.734976961743087,0.04624301800504327,0.4218429676257074,0.4703640006482601,16.731500043533742
1581,26.58694107097108,16.73517399467528,0.10704400483518839,0.41621201671659946,0.5255270516499877,16.741324041504413
1582,26.603686216985807,16.745146014727652,0.047735986299812794,0.36549801006913185,0.41575502837076783,16.722184023819864
1583,26.620412744989153,16.726528003346175,0.05474599311128259,0.44452998554334044,0.5022169789299369,16.74644200829789
1584,26.637164507992566,16.751763003412634,0.05572201916947961,0.23080699611455202,0.28962502256035805,16.731924028135836
1585,26.653901154990308,16.736646997742355,0.048591988161206245,0.2171079977415502,0.268207979388535,16.72867202432826
1586,26.67063397698803,16.732821997720748,0.05069997860118747,0.4311450175009668,0.4844579962082207,16.73250098247081
1587,26.687370111001655,16.736134013626724,0.04700303543359041,0.2744719968177378,0.3238299977965653,16.78262697532773
1588,26.70415771397529,16.78760297363624,0.053060008212924004,0.3837529802694917,0.4397470038384199,16.868407023139298
1589,26.72103060997324,16.872895997948945,0.05042302655056119,0.4380290047265589,0.49107003724202514,16.722708009183407
1590,26.737757092982065,16.72648300882429,0.049493974074721336,0.40775700472295284,0.4597660154104233,16.721819003578275
1591,26.754482780990656,16.725688008591533,0.04972098395228386,0.25888701202347875,0.31149399001151323,16.741101979278028
1592,26.771232740022242,16.749959031585604,0.05011900793761015,0.4235649830661714,0.47620595432817936,16.79873198736459
1593,26.78803636797238,16.803627950139344,0.05357200279831886,0.2791419974528253,0.3355840453878045,16.806549043394625
1594,26.804847282997798,16.81091502541676,0.053311989177018404,0.46225404366850853,0.5183640168979764,16.7356799938716
1595,26.821586609003134,16.739326005335897,0.049152993597090244,0.37968397373333573,0.43124897638335824,16.72928500920534
1596,26.838319977978244,16.733368975110352,0.04854804137721658,0.28084596851840615,0.33197400625795126,16.782227030489594
1597,26.855108856980223,16.788879001978785,0.031217990908771753,0.2286860253661871,0.26169902412220836,16.7284450144507
1598,26.871840158011764,16.73130103154108,0.0284109846688807,0.39834599010646343,0.4280599532648921,16.733267984818667
1599,26.888586062006652,16.745903994888067,0.0745400320738554,0.20667799981310964,0.28706900775432587,16.731111973058432
1600,26.905320596997626,16.73453499097377,0.04603702109307051,0.45493600191548467,0.5032310145907104,16.73519500764087
1601,26.922070647007786,16.75005001015961,0.09869696805253625,0.23114500800147653,0.3392379730939865,16.732259013224393
1602,26.938806064019445,16.735417011659592,0.043511041440069675,0.22511696442961693,0.2706899540498853,16.730750969145447
1603,26.955539234972093,16.733170952647924,0.03423204179853201,0.3886949853040278,0.42467802995815873,16.73355500679463
1604,26.9722833079868,16.744073014706373,0.030451978091150522,0.3461230080574751,0.3844359889626503,16.73037197906524
1605,26.98901780700544,16.734499018639326,0.050215981900691986,0.4561649984680116,0.5089769838377833,16.729219001717865
1606,27.005749772011768,16.73196500632912,0.03501999890431762,0.25815103435888886,0.29482098761945963,16.701641958206892
1607,27.02246308501344,16.71331300167367,0.04094303585588932,0.3556679585017264,0.405220955144614,16.728392976801842
1608,27.039195353980176,16.73226896673441,0.04517502384260297,0.24843902792781591,0.29603904113173485,16.728594026062638
1609,27.055926488013938,16.73113403376192,0.032630981877446175,0.34119997872039676,0.37538696778938174,16.72938995761797
1610,27.072659661003854,16.733172989916056,0.0451699597761035,0.41991600301116705,0.4672929644584656,16.692439967300743
1611,27.089357053977437,16.69739297358319,0.051238981541246176,0.5431150202639401,0.597252044826746,16.728599031921476
1612,27.106091682973783,16.734628996346146,0.05235301796346903,0.5324910162016749,0.5874460330232978,16.731341020204127
1613,27.122826706967317,16.735023993533105,0.046917994040995836,0.30659802723675966,0.3558780299499631,16.728033020626754
1614,27.139558581984602,16.731875017285347,0.047152978368103504,0.4752990207634866,0.524908013176173,16.73396199475974
1615,27.15629642800195,16.73784601734951,0.048198970034718513,0.5168319912627339,0.5676699802279472,16.987392969895154
1616,27.173288471996784,16.992043994832784,0.05005300045013428,0.43722998816519976,0.49004098400473595,16.733543016016483
1617,27.190026146010496,16.737674013711512,0.050914997700601816,0.47663802979514003,0.5302019999362528,16.722869011573493
1618,27.206752863014117,16.72671700362116,0.04830199759453535,0.3259279765188694,0.37676998181268573,16.729545954149216
1619,27.223486397997476,16.733534983359277,0.1393190468661487,0.37936196895316243,0.5210409872233868,16.72852400224656
1620,27.240218834020197,16.73243602272123,0.04664604784920812,0.391398963984102,0.44048496056348085,16.80674299132079
1621,27.25703053100733,16.811696987133473,0.05151098594069481,0.39698200998827815,0.4513579769991338,16.817744995933026
1622,27.2738524019951,16.821870987769216,0.049776979722082615,0.5130110075697303,0.5653679836541414,16.735288023483008
1623,27.290591412980575,16.739010985475034,0.047851994168013334,0.4477519541978836,0.49809098709374666,16.732507036067545
1624,27.307327954971697,16.736541991122067,0.050201022531837225,0.2759979688562453,0.32882101368159056,16.745830012951046
1625,27.32407868700102,16.750732029322535,0.05487300222739577,0.43380301212891936,0.4912890144623816,16.722837986890227
1626,27.34080433897907,16.725651978049427,0.045806984417140484,0.28978200862184167,0.3380380221642554,16.726916015613824
1627,27.357549662992824,16.745324013754725,0.05051604239270091,0.28882798505946994,0.342231011018157,16.73593302257359
1628,27.374290250008926,16.740587016101927,0.048175978008657694,0.3672110033221543,0.4181379918009043,16.735584009438753
1629,27.391029635968152,16.739385959226638,0.04797300789505243,0.8006349671632051,0.8511000196449459,16.739617043640465
1630,27.407787799020298,16.75816305214539,0.05815899930894375,0.3772890195250511,0.438254966866225,16.731925948988646
1631,27.424523554975167,16.73575595486909,0.05451403558254242,0.2906189765781164,0.34761300776153803,16.73062302870676
1632,27.441257936996408,16.73438202124089,0.0507709919475019,0.41751202661544085,0.4708570195361972,16.72940602293238
1633,27.457991543982644,16.733606986235827,0.04984904080629349,0.4075099714100361,0.45995600521564484,16.813850030303
1634,27.474810332001653,16.818788019008934,0.05207199137657881,0.42292202124372125,0.4778800066560507,16.72994700493291
1635,27.491544154006988,16.73382200533524,0.04760199226438999,0.4068409907631576,0.4568879958242178,16.73455600393936
1636,27.508283893985208,16.739739978220314,0.055450014770030975,0.3646609839051962,0.42315199971199036,16.724800982046872
1637,27.525024842005223,16.740948020014912,0.04897400503978133,0.37953798891976476,0.4317059647291899,16.73771598143503
1638,27.541765219997615,16.740377992391586,0.04293298115953803,0.40423200698569417,0.4495590110309422,16.730588977225125
1639,27.558499664999545,16.73444500193,0.04995102062821388,0.44724601320922375,0.49978902097791433,16.78604300832376
1640,27.575315574009437,16.815909009892493,0.03849097993224859,0.39653899148106575,0.4426699597388506,16.728930990211666
1641,27.592048313992564,16.73273998312652,0.049954978749156,0.2363789826631546,0.28869498055428267,16.734796983655542
1642,27.608785498014186,16.737184021621943,0.036632001865655184,0.27924502501264215,0.31766900792717934,16.730114992242306
1643,27.62551770498976,16.732206975575536,0.02901296829804778,0.3948670346289873,0.42523402953520417,16.73029299126938
1644,27.642250835022423,16.733130032662302,0.04263198934495449,0.21495501277968287,0.25950197596102953,16.727838956285268
1645,27.658982705965172,16.731870942749083,0.049399968702346087,0.4534870386123657,0.5054960492998362,16.78571105003357
1646,27.67577315500239,16.790449037216604,0.049124995712190866,0.5781860090792179,0.6300960085354745,16.730788978748024
1647,27.692507778003346,16.734623000957072,0.04765699850395322,0.4140809760428965,0.46414497774094343,16.733985976316035
1648,27.70924582699081,16.738048987463117,0.052979972679167986,0.44804002391174436,0.5036439979448915,16.7263500043191
1649,27.725976333022118,16.730506031308323,0.049957947339862585,0.4921050276607275,0.5446649738587439,16.814589966088533
1650,27.74279489502078,16.818561998661608,0.05132704973220825,0.35047699930146337,0.40524499490857124,16.723209992051125
1651,27.75952216796577,16.727272944990546,0.049946014769375324,0.455105968285352,0.5076680099591613,16.731787007302046
1652,27.776259113976266,16.736946010496467,0.05146698094904423,0.461762014310807,0.516057014465332,16.903750016354024
1653,27.793167788011488,16.90867403522134,0.05511404015123844,0.5805949913337827,0.6387369940057397,16.906064993236214
1654,27.8100791570032,16.91136899171397,0.05691900150850415,0.3932960098609328,0.4532950115390122,16.805930994451046
1655,27.82689040596597,16.811248962767422,0.05528697511181235,0.3330340259708464,0.391557055991143,16.736192046664655
1656,27.84363126999233,16.740864026360214,0.048596004489809275,0.3566590021364391,0.4079790087416768,16.893138992600143
1657,27.860540402005427,16.909132013097405,0.048102985601872206,0.39817701326683164,0.4492049920372665,16.7365949600935
1658,27.877281982975546,16.741580970119685,0.0487819779664278,0.6007920019328594,0.6525079952552915,16.832733002956957
1659,27.894137313007377,16.855330031830817,0.04880403866991401,0.40188897401094437,0.4620649851858616,16.873802000191063
1660,27.911016215977725,16.878902970347553,0.04849996184930205,0.4339120350778103,0.4851710400544107,16.89305598847568
1661,27.927926033968106,16.90981799038127,0.05149003118276596,1.5461189905181527,1.6005280194804072,16.733292024582624
1662,27.944663925969508,16.737892001401633,0.04936801269650459,0.4133500042371452,0.46569103142246604,16.73269603634253
1663,27.961401583976112,16.73765800660476,0.05088403122499585,0.41459297062829137,0.46834099339321256,16.86652103671804
1664,27.97828366199974,16.8820780236274,0.05497201345860958,0.37151703145354986,0.4296160186640918,17.434882989618927
1665,27.995723102008924,17.43944000918418,0.05385000258684158,0.25973195442929864,0.3164669615216553,16.725955007132143
1666,28.012454156007152,16.731053998228163,0.05211797542870045,0.45250699622556567,0.5075999652035534,16.710905998479575
1667,28.029170548019465,16.71639201231301,0.056025979574769735,0.4419009783305228,0.5013849586248398,16.87920599943027
1668,28.046078149985988,16.907601966522634,0.05185598274692893,0.3062860341742635,0.3748360322788358,16.796534997411072
1669,28.062880211975425,16.80206198943779,0.056165968999266624,0.42818201472982764,0.4875530139543116,16.729468014091253
1670,28.079614554008003,16.734342032577842,0.05089404294267297,0.25968695990741253,0.313491967972368,16.730137984268367
1671,28.096349750994705,16.73519698670134,0.056882970966398716,0.7185330032370985,0.778582994826138,16.79407001938671
1672,28.11314905801555,16.799307020846754,0.052960996981710196,0.2719470066949725,0.32784498762339354,16.9080329942517
1673,28.130080130009446,16.931071993894875,0.05151500226929784,0.43310399632900953,0.5120629793964326,16.7564699659124
1674,28.146859792992473,16.779662983026356,0.059932004660367966,0.3249659785069525,0.3982139751315117,16.73058798769489
1675,28.163595349004027,16.735556011553854,0.05186302587389946,0.5321470089256763,0.5869430024176836,16.7400729842484
1676,28.18034079897916,16.745449975132942,0.05345698446035385,0.4895040183328092,0.5460820393636823,16.830176988150924
1677,28.197191250976175,16.850451997015625,0.05186401540413499,0.36006199661642313,0.41551003232598305,16.91459200810641
1678,28.214110911008902,16.919660032726824,0.0522850314155221,0.4667139728553593,0.5219369777478278,16.894733998924494
1679,28.23103408497991,16.92317397100851,0.0724109704606235,0.5128899938426912,0.6032050005160272,16.84360799845308
1680,28.247882633993868,16.84854901395738,0.051587994676083326,0.4272430087439716,0.48188900109380484,16.73230598680675
1681,28.264619637979195,16.737003985326737,0.04860805347561836,0.43290399480611086,0.48420403618365526,16.857862996403128
1682,28.28149357199436,16.873934015166014,0.05178700666874647,0.4315339610911906,0.48633397091180086,16.744502005167305
1683,28.298260898969602,16.767326975241303,0.05181296728551388,0.4287700285203755,0.4912990261800587,16.892384039238095
1684,28.315160440979525,16.899542009923607,0.05612196400761604,0.3691660240292549,0.4285380127839744,16.82796300156042
1685,28.331993627012707,16.833186033181846,0.05551299545913935,0.6089119706302881,0.6676229531876743,16.78747800178826
1686,28.348785960988607,16.792333975899965,0.05175598198547959,0.47059101052582264,0.5255329888314009,16.87313901493326
1687,28.365680195973255,16.894234984647483,0.05218503065407276,0.5768999690189958,0.6328250165097415,16.850570042151958
1688,28.38254392996896,16.863733995705843,0.051736016757786274,0.4816039581783116,0.5363840027712286,16.788482025731355
1689,28.399347070022486,16.803140053525567,0.05016499198973179,0.3745940048247576,0.42784196557477117,16.733217984437943
1690,28.416084975004196,16.737904981710017,0.052009010687470436,0.3887389902956784,0.4477009642869234,16.783892002422363
1691,28.432873860001564,16.78888499736786,0.054455013014376163,0.4227960016578436,0.4802370094694197,16.729771974496543
1692,28.44960869802162,16.734838020056486,0.052336021326482296,0.34146098187193274,0.39671396370977163,16.731956973671913
1693,28.466345329012256,16.736630990635604,0.04817696753889322,0.4322640015743673,0.48317096661776304,16.90761698409915
1694,28.48325816099532,16.91283198306337,0.05505001172423363,0.559395004529506,0.6174889858812094,16.875026980414987
1695,28.500153174973093,16.895013977773488,0.055284996051341295,0.4964120453223586,0.5548990448005497,16.807678039185703
1696,28.5169658769737,16.812702000606805,0.05185999907553196,0.3790159826166928,0.43383799493312836,16.73652301542461
1697,28.53370734100463,16.74146403092891,0.05093700019642711,0.3570709959603846,0.41091296589002013,16.842485987581313
1698,28.550577387970407,16.870046965777874,0.0522180343978107,0.3368459874764085,0.39385503623634577,16.758111014496535
1699,28.567340834008064,16.76344603765756,0.05163298919796944,0.258800049778074,0.3135270089842379,16.904253978282213
1700,28.58425355696818,16.91272296011448,0.051215989515185356,0.5184400361031294,0.5726850358769298,16.87277405289933
1701,28.60115624399623,16.902687028050423,0.054804026149213314,0.6250949809327722,0.6978249875828624,16.89801597967744
1702,28.618082768982276,16.926524986047298,0.054879055824130774,0.3710849559865892,0.44894899474456906,16.87640999443829
1703,28.63497896096669,16.896191984415054,0.05594699177891016,0.5073909997008741,0.5667020450346172,16.913428029511124
1704,28.65189775201725,16.918791050557047,0.05660398164764047,0.2707800013013184,0.3307379665784538,16.728320973925292
1705,28.66863106098026,16.73330896301195,0.050896022003144026,0.47892500879243016,0.5327130202203989,16.937192005570978
1706,28.685573263966944,16.942202986683697,0.05159096326678991,0.4076340119354427,0.46207901323214173,16.903769050259143
1707,28.702482122986112,16.90885901916772,0.05081400740891695,0.4783240146934986,0.5320570198819041,16.859002993442118
1708,28.719363912008703,16.881789022590965,0.05408999277278781,0.23797404719516635,0.3069560043513775,16.98098797351122
1709,28.736369065009058,17.005153000354767,0.05533697549253702,0.47901400830596685,0.5379199865274131,16.86586596770212
1710,28.75325823901221,16.88917400315404,0.05664897616952658,0.556782993953675,0.6228889687918127,16.725589986890554
1711,28.769988826999906,16.73058798769489,0.0515489955432713,0.543585978448391,0.5980929709039629,16.868086997419596
1712,28.78686214296613,16.873315966222435,0.05867704749107361,0.4372799885459244,0.49921503523364663,16.905670054256916
1713,28.803790563018993,16.928420052863657,0.06011402001604438,0.5934959626756608,0.6683629471808672,16.725499997846782
1714,28.820520616020076,16.730053001083434,0.0500950263813138,0.21490897051990032,0.26780396001413465,16.77035097964108
1715,28.83729770500213,16.7770889820531,0.055473006796091795,0.5738879553973675,0.6326019647531211,16.872258973307908
1716,28.85418425599346,16.886550991330296,0.05163199966773391,0.3546319785527885,0.40930300019681454,16.877326008398086
1717,28.871078018972185,16.893762978725135,0.0580810010433197,0.5063900025561452,0.567810027860105,16.799942997749895
1718,28.88788315997226,16.80514100007713,0.05527801113203168,0.5340339848771691,0.5923390272073448,16.729374008718878
1719,28.90461740497267,16.7342450004071,0.05123298615217209,0.40661002276465297,0.46093104174360633,16.728709044400603
1720,28.921350960968994,16.733555996324867,0.05185301415622234,0.5075649823993444,0.5623420001938939,16.87198504805565
1721,28.938230036001187,16.879075032193214,0.05497300298884511,0.5776549805887043,0.6357469828799367,16.834484005812556
1722,28.955069776973687,16.839740972500294,0.11123198783025146,0.4868769901804626,0.6017140112817287,16.849445004481822
1723,28.971942196018063,16.87241904437542,0.06303697591647506,0.4890990094281733,0.5666529759764671,16.734183998778462
1724,28.988681256014388,16.739059996325523,0.051593000534921885,0.37408998468890786,0.42859098175540566,16.871141968294978
1725,29.005562417965848,16.881161951459944,0.054638017900288105,0.4826340009458363,0.5404410185292363,16.735776036512107
1726,29.022303561971057,16.741144005209208,0.05521101411432028,0.35563501296564937,0.41398004395887256,16.80625102017075
1727,29.039115117979236,16.81155600817874,0.05540001438930631,0.34808594500645995,0.4069969872944057,16.84828702127561
1728,29.055991986009758,16.87686803052202,0.06847002077847719,0.5438129883259535,0.6303919944912195,16.729597002267838
1729,29.07272664096672,16.734654956962913,0.05139398854225874,0.5583080346696079,0.6126580410636961,16.73846901394427
1730,29.089470013976097,16.743373009376228,0.05106005119159818,0.49615598982200027,0.5501190316863358,16.83628000319004
1731,29.10632906202227,16.859048046171665,0.051283976063132286,0.4296210245229304,0.4886629758402705,16.933465958572924
1732,29.12327451701276,16.94545499049127,0.05386403063312173,0.3042600001208484,0.3612569998949766,16.899618960451335
1733,29.140199931978714,16.925414965953678,0.051174021791666746,0.4660559934563935,0.5207950016483665,16.837953007780015
1734,29.157043436018284,16.84350403957069,0.11399696813896298,0.5372100276872516,0.6549719837494195,16.764275962486863
1735,29.17381294001825,16.769503999967128,0.05513604264706373,0.3984319628216326,0.4566519637592137,16.716139973141253
1736,29.190534205001313,16.7212649830617,0.050619011744856834,0.35250402288511395,0.40607101982459426,16.72601100290194
1737,29.20726527599618,16.73107099486515,0.050390022806823254,0.44351001270115376,0.4970440058968961,16.73335599480197
1738,29.224003479990643,16.73820399446413,0.05163904279470444,0.3925070050172508,0.44706702465191483,16.85770502081141
1739,29.240866092965007,16.86261297436431,0.05127699114382267,0.2886669826693833,0.3429640200920403,17.236282001249492
1740,29.25811001600232,17.243923037312925,0.09538198355585337,0.4568940494209528,0.55704201804474,17.993715999182314
1741,29.27611264999723,18.002633994910866,0.10861002374440432,0.5073570064269006,0.6221410003490746,16.73329499317333
1742,29.29285654000705,16.74389000982046,0.14880800154060125,0.5570349749177694,0.714499969035387,16.748836962506175
1743,29.309615965990815,16.75942598376423,0.12091000098735094,0.5503069842234254,0.6790700135752559,16.910962003748864
1744,29.326551271020435,16.935305029619485,0.059676996897906065,0.43306697625666857,0.4965309635736048,16.892034967895597
1745,29.343449766980484,16.89849596004933,0.07227901369333267,0.3104920033365488,0.38664700696244836,16.80840499466285
1746,29.360265563998837,16.815797018352896,0.05675596185028553,0.43050298700109124,0.4904479719698429,16.78140996955335
1747,29.377051869989373,16.786305990535766,0.05421898094937205,0.36806100979447365,0.4251520149409771,16.811710025649518
1748,29.39386889396701,16.81702397763729,0.05546200554817915,0.2549510099925101,0.3135910374112427,16.729641007259488
1749,29.410603630996775,16.7347370297648,0.051784038078039885,0.402275996748358,0.45696902088820934,16.860322968568653
1750,29.427486717002466,16.88308600569144,0.05604297621175647,0.4441399942152202,0.5147549672983587,16.831811983138323
1751,29.444324526994023,16.83780999155715,0.055154028814285994,0.43183000525459647,0.4900430212728679,16.89454697770998
1752,29.461224958999082,16.900432005058974,0.05589204374700785,0.42732199653983116,0.4863190115429461,16.877226007636636
1753,29.478118460974656,16.8935019755736,0.05095300730317831,0.37827197229489684,0.4322869936004281,16.820248041767627
1754,29.49494359997334,16.825138998683542,0.05088199395686388,0.40192599408328533,0.4555610357783735,16.876987006980926
1755,29.511843550018966,16.89995004562661,0.05211198003962636,0.4932430456392467,0.5527519970200956,16.73670596210286
1756,29.528585246996954,16.741696977987885,0.05169899668544531,0.3408310003578663,0.3955300198867917,16.726560017559677
1757,29.54531680297805,16.73155598109588,0.05206698551774025,0.4416969604790211,0.49720698734745383,16.849916020873934
1758,29.56217180402018,16.855001042131335,0.05163601599633694,0.5315539892762899,0.5860659875907004,16.793415998108685
1759,29.578970496018883,16.798691998701543,0.05496997619047761,0.3861800068989396,0.44427497778087854,17.07737398101017
1760,29.596052933018655,17.082436999771744,0.05720299668610096,0.6188200204633176,0.6789519684389234,16.79479394806549
1761,29.612853051978163,16.800118959508836,0.05607696948572993,0.5528260371647775,0.6120640318840742,16.73185999970883
1762,29.62959020299604,16.737151017878205,0.054701988119632006,0.4284200258553028,0.4861699999310076,16.770332003943622
1763,29.646365672990214,16.775469994172454,0.051567971240729094,0.3455280093476176,0.40004600305110216,16.90116000827402
1764,29.66327184799593,16.90617500571534,0.05110795609652996,0.3904449986293912,0.4445639788173139,16.83746400522068
1765,29.680114577990025,16.842729994095862,0.055567012168467045,0.47275901306420565,0.5315130110830069,16.799926990643144
1766,29.696919424983207,16.804846993181854,0.054432020988315344,0.39469299372285604,0.4520899965427816,16.88085199566558
1767,29.71383026096737,16.910835984162986,0.06507098441943526,0.503718969412148,0.5878329975530505,16.733731026761234
1768,29.73056896898197,16.73870801459998,0.05147000774741173,0.3488230286166072,0.4031910211779177,16.736610035877675
1769,29.747310529986862,16.74156100489199,0.05118199624121189,0.33468398032709956,0.38900598883628845,16.72793203033507
1770,29.76404359098524,16.73306099837646,0.060327001847326756,0.3489059745334089,0.41244999738410115,19.069469009991735
1771,29.78311803599354,19.074445008300245,0.051781942602247,0.3941040486097336,0.4487520200200379,16.784453007858247
1772,29.799907545966562,16.789509973023087,0.054612988606095314,0.5279509932734072,0.5855740164406598,16.736387042328715
1773,29.816649320011493,16.741774044930935,0.05163002060726285,0.3864130121655762,0.4410159890539944,16.745567962061614
1774,29.83339992800029,16.750607988797128,0.05169399082660675,0.3660679794847965,0.4206959856674075,16.760766971856356
1775,29.850191309989896,16.791381989605725,0.06562896305695176,0.5232600378803909,0.6178240291774273,16.797155025415123
1776,29.86699371697614,16.802406986244023,0.055123004131019115,0.3072440158575773,0.3654350293800235,16.736115037929267
1777,29.883734781004023,16.741064027883112,0.05125300958752632,0.5174059770070016,0.5716239684261382,16.73557999311015
1778,29.90047535597114,16.740574967116117,0.05212100222706795,0.5724980146624148,0.6274870247580111,17.155857000034302
1779,29.917635935009457,17.160579038318247,0.051167968194931746,0.37582102231681347,0.42992900125682354,16.801621997728944
1780,29.93444298801478,16.807053005322814,0.054849020671099424,0.3804099978879094,0.4383570048958063,16.80028298869729
1781,29.951251077989582,16.808089974801987,0.057515979278832674,0.3769159666262567,0.43806497706100345,16.826463979668915
1782,29.968082870997023,16.831793007440865,0.055409036576747894,0.5342289805412292,0.5955660017207265,16.726493020541966
1783,29.984814193972852,16.731322975829244,0.04891795106232166,0.2284720540046692,0.2800880465656519,16.72756002517417
1784,30.001546768005937,16.732574033085257,0.05132600199431181,0.3738959785550833,0.4281419678591192,16.772675968240947
1785,30.01832483400358,16.778065997641534,0.054703967180103064,0.25010702665895224,0.3079359885305166,16.912454972043633
1786,30.035243819991592,16.918985988013446,0.05389103898778558,0.5186449852772057,0.5757129983976483,16.860381001606584
1787,30.05211116297869,16.8673429870978,0.05060998955741525,0.36543398164212704,0.4190090112388134,16.792420006822795
1788,30.068908630986698,16.797468008007854,0.054194009862840176,0.5404260009527206,0.5975610110908747,16.790241992566735
1789,30.08570495597087,16.796324984170496,0.05184998735785484,0.29129598988220096,0.34598400816321373,16.73257304355502
1790,30.102442513976712,16.73755800584331,0.05167501512914896,0.3884439938701689,0.4431030247360468,16.829864005558193
1791,30.119285727967508,16.843213990796357,0.05496398080140352,0.43652800377458334,0.49470202066004276,16.90327300457284
1792,30.13619440299226,16.908675024751574,0.052689050789922476,0.5591089720837772,0.6150080007500947,16.86648902250454
1793,30.153068722982425,16.87431999016553,0.058308010920882225,0.49549899995326996,0.5571970250457525,16.725535038858652
1794,30.169799019000493,16.730296018067747,0.048084999434649944,0.3693860489875078,0.4201700212433934,16.729869006667286
1795,30.186534009000752,16.73499000025913,0.051543989684432745,0.36100903525948524,0.415501999668777,16.80225896416232
1796,30.20334135601297,16.807347012218088,0.05148100899532437,0.5102040013298392,0.5646069766953588,16.794861992821097
1797,30.220150511013344,16.80915500037372,0.07564295083284378,0.36197504960000515,0.45682600466534495,16.902795003261417
1798,30.237066635978408,16.916124965064228,0.05886697908863425,0.37623202661052346,0.4383660270832479,16.87110704369843
1799,30.25396612600889,16.89949003048241,0.0545390066690743,0.531447003595531,0.6015499820932746,16.917594999540597
1800,30.27090704301372,16.940917004831135,0.05540699930861592,0.4053160082548857,0.46383996959775686,16.851732973009348
1801,30.287763766013086,16.856722999364138,0.05087902536615729,0.5559019627980888,0.6097529549151659,16.93033700576052
1802,30.30469938198803,16.935615974944085,0.05495903315022588,0.45671197585761547,0.514780986122787,16.730354982428253
1803,30.321434670011513,16.735288023483008,0.05197001155465841,0.37477200385183096,0.4297459963709116,16.794114955700934
1804,30.33823377400404,16.799103992525488,0.05532603245228529,0.4319609724916518,0.49036997370421886,16.866949968971312
1805,30.355105662019923,16.871888015884906,0.05416700150817633,0.4113450413569808,0.46870799269527197,16.832477995194495
1806,30.371943458972964,16.837796953041106,0.05551299545913935,0.3890169900842011,0.44773000990971923,16.7279290035367
1807,30.388676228001714,16.732769028749317,0.0510259997099638,0.5249590030871332,0.5790319992229342,16.72496896935627
1808,30.405406175996177,16.729947994463146,0.05096697714179754,0.4812780534848571,0.5352200241759419,16.860586998518556
1809,30.422285937995184,16.879761999007314,0.053641037084162235,0.3482690081000328,0.4051420255564153,16.93755597807467
1810,30.439231185009703,16.945247014518827,0.053194991778582335,0.3238680073991418,0.3801030106842518,16.79144101217389
1811,30.456027572974563,16.796387964859605,0.051058013923466206,0.3577980096451938,0.41183503344655037,16.90071204211563
1812,30.472942378022708,16.914805048145354,0.05093700019642711,0.5105690215714276,0.5644069751724601,16.809977998491377
1813,30.489757674979046,16.81529695633799,0.05506101297214627,0.5285249790176749,0.5868140142410994,16.728496993891895
1814,30.50649123999756,16.73356501851231,0.05079101538285613,0.47468801494687796,0.5283550126478076,16.81681099580601
1815,30.5233135339804,16.822293982841074,0.056657008826732635,0.4662770079448819,0.5260260077193379,16.81907702004537
1816,30.540137952018995,16.824418038595468,0.10691402712836862,1.792672963347286,1.9083079532720149,16.78616798017174
1817,30.556929034995846,16.791082976851612,0.05205103661864996,0.32963999547064304,0.3849110216833651,16.914933978114277
1818,30.573849403008353,16.920368012506515,0.05305203376337886,0.34635199699550867,0.4027090035378933,16.73391100484878
1819,30.590588226972613,16.73882396426052,0.050829024985432625,0.7150189485400915,0.7687369943596423,16.85026503400877
1820,30.60744315199554,16.85492502292618,0.052243995014578104,0.5334870074875653,0.5888380110263824,16.72569802030921
1821,30.624191946990322,16.748794994782656,0.0743109849281609,0.4484680248424411,0.5408900324255228,16.893642023205757
1822,30.641100178996567,16.90823200624436,0.05169602809473872,0.38096599746495485,0.43556600576266646,16.890151018742472
1823,30.658015402965248,16.915223968680948,0.04865700611844659,0.366140971891582,0.4182020202279091,16.87918702373281
1824,30.67490468098549,16.88927802024409,0.05397002678364515,0.32261997694149613,0.3793580108322203,16.73348998883739
1825,30.691643094993196,16.738414007704705,0.05086499731987715,0.38037996273487806,0.43411797378212214,16.751746006775647
1826,30.708399745984934,16.756650991737843,0.05218299338594079,0.5192839889787138,0.5743880174122751,16.868580016307533
1827,30.72527336102212,16.87361503718421,0.05143799353390932,0.5016340292058885,0.5560269928537309,16.73106395173818
1828,30.74200942798052,16.736066958401352,0.04905700916424394,0.38139696698635817,0.4336999845691025,16.79345703450963
1829,30.75880812999094,16.79870201041922,0.05577900446951389,0.4980979720130563,0.5569949862547219,16.72825700370595
1830,30.77554132899968,16.733199008740485,0.051359995268285275,0.467555015347898,0.5219050217419863,16.735148965381086
1831,30.79228161496576,16.740285966079682,0.055071956012398005,0.716561044100672,0.7746310438960791,16.795258037745953
1832,30.80908181599807,16.800201032310724,0.11876900680363178,0.424024008680135,0.5457790102809668,16.79346401942894
1833,30.82588052196661,16.798705968540162,0.05592801608145237,0.7896309834904969,0.848716008476913,16.734158038161695
1834,30.842619856994133,16.73933502752334,0.051980954594910145,0.2360660000704229,0.29108597664162517,16.728068003430963
1835,30.859352794010192,16.732937016058713,0.052009010687470436,0.3895850386470556,0.44451100984588265,16.875242989044636
1836,30.876237433985807,16.884639975614846,0.05279801553115249,0.41233800584450364,0.46835001558065414,16.79691200843081
1837,30.893039653019514,16.802219033706933,0.05755398888140917,0.409152009524405,0.4698089906014502,16.805709979962558
1838,30.909850783995353,16.81113097583875,0.058699981309473515,0.39512099465355277,0.45689998660236597,16.727846988942474
1839,30.926583604014013,16.732820018660277,0.051404000259935856,0.405785976909101,0.4601779510267079,16.736585996113718
1840,30.943325352971442,16.74174895742908,0.05308096297085285,0.27798302471637726,0.3343950374983251,16.864548029843718
1841,30.960210690973327,16.88533800188452,0.05145499017089605,0.3871170338243246,0.4422740312293172,16.82747999439016
1842,30.977061234007124,16.850543033797294,0.05957804387435317,0.3709089942276478,0.44512300519272685,16.79038198199123
1843,30.993856693967246,16.79545996012166,0.052315008360892534,0.3043129690922797,0.3596600145101547,16.73380204010755
1844,31.010595109022688,16.7384150554426,0.04802900366485119,0.43648999417200685,0.4873009747825563,16.870563966222107
1845,31.027470282977447,16.875173954758793,0.04818796878680587,0.49547699745744467,0.5464240093715489,16.783611034043133
1846,31.04427376599051,16.80348301306367,0.055496988352388144,0.47155097126960754,0.5303429788909853,16.819590993691236
1847,31.06109854602255,16.82478003203869,0.12078601866960526,0.611487019341439,0.7353969849646091,16.869539977051318
1848,31.077997929009143,16.89938298659399,0.05533796502277255,0.43621601071208715,0.4970309673808515,16.89430995611474
1849,31.094897263974417,16.899334965273738,0.0525499926880002,0.5135060055181384,0.5690070101991296,16.733369033318013
1850,31.111635726003442,16.73846202902496,0.05244003841653466,0.36275997990742326,0.41817198507487774,16.734858974814415
1851,31.12837552797282,16.739801969379187,0.04869501572102308,0.38309296360239387,0.43463200563564897,16.720379993785173
1852,31.14510052697733,16.7249990045093,0.057299970649182796,0.36081502912566066,0.4212530329823494,16.72685204539448
1853,31.161832202982623,16.731676005292684,0.05042704287916422,0.4894279991276562,0.5427580326795578,18.264847982209176
1854,31.180101692967582,18.269489984959364,0.05264399806037545,0.24429202312603593,0.29980402905493975,16.818667005281895
1855,31.19692582997959,16.824137012008578,0.05701399641111493,0.3092620172537863,0.3695160266943276,16.73683401895687
1856,31.213667641975917,16.74181199632585,0.05158100975677371,0.4211830091662705,0.4759930307045579,16.7282170150429
1857,31.230400762986392,16.73312101047486,0.05133898230269551,0.4660059930756688,0.52020198199898,16.823704005219042
1858,31.24724066001363,16.839897027239203,0.05112896906211972,0.2752810250967741,0.32940099481493235,16.864984994754195
1859,31.264121429005172,16.880768991541117,0.05509104812517762,0.4424889921210706,0.5008020089007914,16.862630960531533
1860,31.28101436601719,16.892937012016773,0.04893000004813075,0.5817309720441699,0.6400809506885707,16.876348992809653
1861,31.297904175997246,16.88980998005718,0.055607990361750126,0.5013610352762043,0.5601770244538784,16.853172972332686
1862,31.314776857965626,16.872681968379766,0.05153100937604904,0.25149801513180137,0.30602002516388893,16.88786002341658
1863,31.33169318101136,16.916323045734316,0.05914003122597933,0.35248801577836275,0.429667008575052,16.727293957956135
1864,31.348424999974668,16.731818963307887,0.04938896745443344,0.3346780431456864,0.3871270455420017,16.879261005669832
1865,31.36531996598933,16.894966014660895,0.05263404455035925,0.5275949952192605,0.5833220202475786,16.953794984146953
1866,31.38227914099116,16.959175001829863,0.05448900628834963,0.4895259626209736,0.5470369942486286,16.96026202989742
1867,31.39924484997755,16.965708986390382,0.0536720035597682,0.40949799586087465,0.4663750296458602,16.878615017049015
1868,31.416129095014185,16.884245036635548,0.05186704220250249,0.3434679820202291,0.39821298560127616,16.913197992835194
1869,31.433047125989106,16.91803097492084,0.05433196201920509,0.605620036367327,0.6629250128753483,17.07954000448808
1870,31.45013169699814,17.084571009036154,0.05143298767507076,1.010555017273873,1.064879004843533,16.818860021885484
1871,31.46695589798037,16.82420098222792,0.05606497870758176,0.475027016364038,0.5345550016500056,16.890457016415894
1872,31.48385150101967,16.895603039301932,0.05157600389793515,0.2341790241189301,0.2886549918912351,16.728401998989284
1873,31.500584747991525,16.733246971853077,0.05232600960880518,0.37912698462605476,0.43443997856229544,16.73631399171427
1874,31.517326212022454,16.74146403092891,0.05203095497563481,0.5413060425780714,0.5962669965811074,16.872561944182962
1875,31.534217953972984,16.89174195053056,0.055122014600783587,0.6523019983433187,0.7106300326995552,16.846474027261138
1876,31.55106984998565,16.851896012667567,0.11767400428652763,0.4298610147088766,0.550994009245187,16.781641985289752
1877,31.567856238980312,16.78638899466023,0.0490810489282012,0.5334579618647695,0.5852809990756214,16.72846800647676
1878,31.584589705977123,16.73346699681133,0.05169596988707781,0.28870004462078214,0.3432510420680046,16.737269004806876
1879,31.601332089980133,16.742384003009647,0.05389901343733072,0.4013679572381079,0.4582719993777573,16.87530701747164
1880,31.61821329902159,16.881209041457623,0.05648902151733637,0.5301340133883059,0.589695991948247,16.80219196714461
1881,31.63502043299377,16.807133972179145,0.051526003517210484,0.47974102199077606,0.5341380019672215,16.79525402141735
1882,31.651820774015505,16.80034102173522,0.05200604209676385,0.5353909800760448,0.5903529818169773,16.73498295713216
1883,31.66856076399563,16.739989980123937,0.05120801506564021,0.21816696971654892,0.27233397122472525,16.732567979488522
1884,31.685298639000393,16.737875004764646,0.05564402090385556,0.8727029780857265,0.9314719936810434,16.851224994752556
1885,31.70217154501006,16.87290600966662,0.054912001360207796,0.45344402315095067,0.5115719977766275,16.787072992883623
1886,31.71896366297733,16.792117967270315,0.05593703826889396,0.3901719464920461,0.4489659913815558,16.728181042708457
1887,31.735696455987636,16.732793010305613,0.04798901500180364,0.35219796700403094,0.40288298623636365,16.727738024201244
1888,31.75242887798231,16.73242199467495,0.04874198930338025,0.32478501088917255,0.3765650326386094,16.86239498667419
1889,31.76930873497622,16.879856993909925,0.05587097257375717,0.4868989926762879,0.5460529937408864,16.797031043097377
1890,31.786110738001298,16.802003025077283,0.054006988648325205,0.4022879875265062,0.4593079793266952,16.72640797914937
1891,31.802841814991552,16.731076990254223,0.050246017053723335,0.3618299961090088,0.41479698847979307,16.72527502523735
1892,31.819571916013956,16.730101022403687,0.0529260141775012,0.25044899666681886,0.3063629847019911,16.738360980525613
1893,31.836315240012482,16.74332399852574,0.051220995374023914,0.3926509525626898,0.44676795369014144,16.88758295495063
1894,31.85321449197363,16.899251961149275,0.051830022130161524,0.6339920219033957,0.6887190393172204,16.85547799570486
1895,31.870113544980995,16.899053007364273,0.05531596252694726,0.5154120153747499,0.5809650174342096,16.903985990211368
1896,31.88702252699295,16.90898201195523,0.05181203596293926,0.3581260098144412,0.412853027228266,16.732642019633204
1897,31.903760176966898,16.737649973947555,0.05155598046258092,0.4634549841284752,0.5178870051167905,16.72592101385817
1898,31.92049089097418,16.730714007280767,0.050484028179198503,0.39251596899703145,0.44592301128432155,16.745494038332254
1899,31.937241625972092,16.75073499791324,0.055800017435103655,0.4083679523319006,0.467328995000571,16.866935999132693
1900,31.95411915401928,16.877528047189116,0.052310002502053976,0.4170609754510224,0.47261896543204784,16.72556297853589
1901,31.9708496289677,16.730474948417395,0.05036697257310152,0.41902303928509355,0.47238304978236556,16.728032031096518
1902,31.987582301022485,16.732672054786235,0.049450958613306284,0.3283990081399679,0.38064795080572367,16.743393964134157
1903,32.00433049397543,16.74819295294583,0.04883401561528444,0.5456979852169752,0.5972760263830423,16.827331040985882
1904,32.02117850200739,16.84800803195685,0.08988898480311036,0.5609050276689231,0.6697300123050809,16.926812008023262
1905,32.03811050398508,16.93200197769329,0.05605700425803661,0.37763803265988827,0.43683702824637294,16.789835004601628
1906,32.054905074008275,16.794570023193955,0.049147987738251686,0.3570939879864454,0.4090429865755141,16.735882963985205
1907,32.07164588099113,16.74080698285252,0.05116104148328304,0.24922197917476296,0.30340300872921944,16.72917400719598
1908,32.08837971498724,16.73383399611339,0.048497982788830996,0.3534269635565579,0.40464597987011075,16.851152991876006
1909,32.1052520640078,16.87234902055934,0.05142804002389312,0.6056199781596661,0.6607479881495237,16.795186966191977
1910,32.122052681981586,16.800617973785847,0.11289201211184263,0.5305800004862249,0.6465640035457909,16.796712996438146
1911,32.1388547969982,16.80211501661688,0.054955948144197464,0.46205800026655197,0.520119967404753,16.728634014725685
1912,32.15558931196574,16.734514967538416,0.05669298116117716,0.5790430004708469,0.6394130177795887,16.741750005166978
1913,32.172336356015876,16.74704405013472,0.05213799886405468,0.41950895683839917,0.47486094990745187,16.900696966331452
1914,32.189243966015056,16.90760999917984,0.05562702426686883,0.48551999498158693,0.5442519905045629,16.789776971563697
1915,32.20603910298087,16.795136965811253,0.05959998816251755,0.36609097151085734,0.42882899288088083,16.85516198631376
1916,32.222908550000284,16.86944701941684,0.05057803355157375,0.4766399506479502,0.5300939665175974,16.9104149681516
1917,32.23984350898536,16.934958985075355,0.05529896588996053,0.4766249912790954,0.5355909815989435,16.733277996536344
1918,32.256581489986274,16.73798100091517,0.048246991354972124,0.5238000303506851,0.5747110117226839,16.875315981451422
1919,32.27346175798448,16.880267998203635,0.05203101318329573,0.451450003311038,0.506376032717526,17.641038983128965
1920,32.2911092020222,17.64744403772056,0.08000398520380259,0.30465901363641024,0.38880796637386084,16.732137999497354
1921,32.30784976598807,16.740563965868205,0.10551000013947487,3.1801709556020796,3.2914819894358516,16.739210986997932
1922,32.32459864200791,16.748876019846648,0.12990302639082074,0.40596199687570333,0.5429949960671365,16.735748969949782
1923,32.3413405760075,16.741933999583125,0.06923999171704054,0.2591859665699303,0.332510971929878,16.87260397011414
1924,32.3582414870034,16.90091099590063,0.06878800923004746,0.9046950144693255,0.9915539994835854,16.793930961284786
1925,32.37504061101936,16.799124015960842,0.12609001714736223,0.3726590075530112,0.5018839729018509,16.848146973643452
1926,32.39190888800658,16.868276987224817,0.05623098695650697,0.572805991396308,0.6323379930108786,16.740962979383767
1927,32.408654874016065,16.745986009482294,0.05174300167709589,0.4246680182404816,0.4793370026163757,16.727556998375803
1928,32.42538739799056,16.73252397449687,0.05136500112712383,0.3750190371647477,0.42922102147713304,16.868907026946545
1929,32.442261350981425,16.873952990863472,0.05001999670639634,0.4671600181609392,0.5200220039114356,16.876810987014323
1930,32.45914345100755,16.882100026123226,0.05595100810751319,0.3534589777700603,0.4125639679841697,16.93516899831593
1931,32.47610278602224,16.959335014689714,0.055164971854537725,0.3606090322136879,0.4189839819446206,16.788455948699266
1932,32.492896114010364,16.793327988125384,0.05207501817494631,0.38171495543792844,0.4368209629319608,16.727732960134745
1933,32.509628509986214,16.732395975850523,0.0505829812027514,0.4415379953570664,0.49490900710225105,16.89389703096822
1934,32.52653376100352,16.905251017306,0.051619019359350204,0.38244796451181173,0.43691997416317463,16.736131976358593
1935,32.543275479984004,16.74171898048371,0.05697598680853844,0.3866549814119935,0.44735800474882126,16.896763001568615
1936,32.56019344198285,16.917961998842657,0.048129993956536055,0.3811689675785601,0.4331819945946336,16.866833029780537
1937,32.57706547196722,16.872029984369874,0.05474500358104706,0.6388710462488234,0.6968570523895323,16.81496005039662
1938,32.59388586500427,16.820393037050962,0.05455000791698694,0.5311539862304926,0.5888309678994119,16.728642978705466
1939,32.61061954399338,16.733678989112377,0.05211198003962636,0.2476890222169459,0.30277599580585957,16.744330001529306
1940,32.62736904097255,16.749496979173273,0.05480903200805187,0.3292749752290547,0.3871460212394595,16.865125042386353
1941,32.64423920196714,16.870160994585603,0.051239971071481705,0.5456699873320758,0.5998520064167678,16.886640049051493
1942,32.66113557398785,16.89637202071026,0.05262898048385978,0.35125500289723277,0.40695001371204853,16.88373100478202
1943,32.678033108008094,16.897534020245075,0.056491000577807426,0.3951059770770371,0.4545159754343331,16.733661002945155
1944,32.69477147300495,16.738364996854216,0.049991998821496964,0.32489001750946045,0.3776649828068912,16.726683999877423
1945,32.711504360020626,16.73288701567799,0.050788046792149544,0.3815859672613442,0.43528596870601177,18.594745954032987
1946,32.73010588798206,18.60152796143666,0.0872509554028511,0.34097302705049515,0.43308601016178727,16.816763032693416
1947,32.74692916998174,16.82328199967742,0.07253699004650116,0.399999029468745,0.47732703387737274,16.795060015283525
1948,32.76372984901536,16.800679033622146,0.05595199763774872,0.5066450103186071,0.5659059970639646,16.728724003769457
1949,32.780463753966615,16.733904951252043,0.05134299863129854,0.35118998493999243,0.4054190358147025,16.787526023108512
1950,32.79726874100743,16.804987040814012,0.05247496301308274,0.5801810184493661,0.6358739919960499,16.819824988488108
1951,32.81409375596559,16.825014958158135,0.05527498433366418,0.5148620111867785,0.5732080317102373,16.740451043006033
1952,32.83083961799275,16.74586202716455,0.056560966186225414,0.28827699134126306,0.3481549792923033,16.7311149998568
1953,32.84757574397372,16.73612598096952,0.05103595321998,0.5027520237490535,0.5566300242207944,16.88485499471426
1954,32.86446582298959,16.890079015865922,0.05528604378923774,0.37254398921504617,0.43091701809316874,16.876304987818003
1955,32.88135948497802,16.89366198843345,0.05527096800506115,0.36711699794977903,0.4255480016581714,16.789228015113622
1956,32.89815401897067,16.79453399265185,0.05576503463089466,0.41405996307730675,0.47292199451476336,16.82564604561776
1957,32.914984720991924,16.830702021252364,0.052149989642202854,0.4678830155171454,0.5230000242590904,16.72805700218305
1958,32.9317173549789,16.732633986975998,0.04826701479032636,0.5445030401460826,0.595462042838335,16.733281023334712
1959,32.94845594401704,16.738589038141072,0.05383498501032591,0.4169680178165436,0.4743669996969402,16.85866597108543
1960,32.96533777297009,16.88182895304635,0.052894989494234324,0.454997003544122,0.5176060367375612,16.84894401114434
1961,32.98220664297696,16.868870006874204,0.051318027544766665,0.400703982450068,0.4555199993774295,16.865192039404064
1962,32.99907937797252,16.872734995558858,0.057913013733923435,0.3952049883082509,0.45622600009664893,16.838575014844537
1963,33.015941013989504,16.86163601698354,0.05455099744722247,0.3833640366792679,0.4507640260271728,16.92355697741732
1964,33.032869143993594,16.928130004089326,0.0500729656778276,0.5475929938256741,0.600381987169385,16.728074988350272
1965,33.04960215999745,16.733016003854573,0.05137303378432989,0.30613300623372197,0.3604050143621862,16.737407015170902
1966,33.066344518971164,16.742358973715454,0.05149299977347255,2.228996017947793,2.2833840339444578,16.729045019019395
1967,33.083078348019626,16.733829048462212,0.0524289789609611,0.5510479677468538,0.6062179454602301,16.81563095189631
1968,33.099899580003694,16.82123198406771,0.05976599641144276,2.4030570057220757,2.4661310017108917,16.73453999683261
1969,33.11663908197079,16.73950196709484,0.05088798934593797,0.24731800658628345,0.30088203493505716,16.724380024243146
1970,33.13336826401064,16.729182039853185,0.051121984142810106,0.4904029774479568,0.5444379639811814,16.875021974556148
1971,33.15026963897981,16.901374969165772,0.0568219693377614,1.9449620158411562,2.0062060211785138,16.90790301654488
1972,33.16718259098707,16.912952007260174,0.05151599179953337,0.47843100037425756,0.5330279818736017,16.823610989376903
1973,33.18401156796608,16.828976979013532,0.055190990678966045,0.5324759986251593,0.5909070023335516,16.895911016035825
1974,33.20092279999517,16.91123202908784,0.0559229520149529,1.9552269950509071,2.0142829744145274,16.72823599074036
1975,33.21765593200689,16.733132011722773,0.05163101013749838,0.3649930004030466,0.4195409710519016,16.73003501491621
1976,33.234390951984096,16.7350199772045,0.04951702430844307,0.47810201067477465,0.5305490340106189,16.766040993388742
1977,33.25116268900456,16.77173702046275,0.11364294914528728,1.993107027374208,2.114548988174647,16.806648985948414
1978,33.267974432965275,16.81174396071583,0.055101001635193825,0.3831100184470415,0.4412390408106148,16.847907041665167
1979,33.28484074998414,16.86631701886654,0.05520903505384922,0.5155839608050883,0.5739789921790361,16.73059002496302
1980,33.301576517987996,16.7357680038549,0.05234300624579191,2.0986510207876563,2.1539090084843338,16.736597986891866
1981,33.31831850501476,16.741987026762217,0.05466601578518748,0.31252700136974454,0.3702599788084626,16.84491097694263
1982,33.33518670900958,16.868203994818032,0.05216000135987997,0.40384603198617697,0.46681100502610207,16.910895996261388
1983,33.35210310801631,16.916399006731808,0.05532603245228529,2.052148978691548,2.1109309745952487,16.803682956378907
1984,33.36891221697442,16.80910895811394,0.05650200182572007,0.39563700556755066,0.4552930477075279,16.874135995749384
1985,33.385814627981745,16.90241100732237,0.05422596586868167,0.5389730213209987,0.5985620082356036,16.894504020456225
1986,33.402719968988094,16.905341006349772,0.05580199649557471,2.0136850071139634,2.072651986964047,16.732725023757666
1987,33.419457437004894,16.73746801679954,0.04823802737519145,0.5402980023063719,0.5912510096095502,16.7830329737626
1988,33.43626225297339,16.804815968498588,0.056558987125754356,0.4114449839107692,0.47137599904090166,16.794449998997152
1989,33.45306209102273,16.799838049337268,0.12157403398305178,0.5490409675985575,0.6737879593856633,16.929970995988697
1990,33.469999704975635,16.93761395290494,0.05599501309916377,0.4416390438564122,0.5007650470361114,16.85314200585708
1991,33.48687570699258,16.876002016942948,0.060523045249283314,0.4652269999496639,0.5400180234573781,16.733483993448317
1992,33.50361447298201,16.73876598943025,0.05336699541658163,0.39851496694609523,0.4550259909592569,16.73351600766182
1993,33.52035328600323,16.738813021220267,0.05428696749731898,0.3802190185524523,0.437623995821923,16.72563998727128
1994,33.537083583010826,16.730297007597983,0.0485870405100286,0.505662988871336,0.5587399937212467,16.79528597742319
1995,33.55388425796991,16.80067495908588,0.05549401976168156,0.4888399853371084,0.5478360108099878,16.800445038825274
1996,33.57068950496614,16.805246996227652,0.0498400186188519,0.5022119730710983,0.5549470079131424,16.74019603524357
1997,33.58743469999172,16.74519502557814,0.05167699418962002,0.4460299969650805,0.5005869898013771,16.755373973865062
1998,33.604218941007275,16.7842410155572,0.057263998314738274,0.3598339972086251,0.43501099571585655,16.805914987344295
1999,33.621029739966616,16.8107989593409,0.05024799611419439,0.3530130488798022,0.40614005411043763,16.876825015060604
2000,33.63791858102195,16.888841055333614,0.05383498501032591,0.3558759926818311,0.41291496017947793,16.728299960959703
2001,33.654651705001015,16.733123979065567,0.05147402407601476,0.25511597050353885,0.30952098313719034,16.733654018025845
2002,33.67139035597211,16.738650971092284,0.04839198663830757,0.3784329746849835,0.42962399311363697,16.875141009222716
2003,33.68828449700959,16.89414103748277,0.04969298606738448,1.9952720031142235,2.0480469684116542,16.820804972667247
2004,33.70511046197498,16.825964965391904,0.05545903695747256,0.6089559756219387,0.6675010081380606,16.863271011970937
2005,33.72199777001515,16.887308040168136,0.05454395432025194,0.7844470092095435,0.8422659593634307,16.887960955500603
2006,33.73891440097941,16.91663096426055,0.049385998863726854,2.148885978385806,2.2065539960749447,16.73888904042542
2007,33.75565815001028,16.74374903086573,0.05230301758274436,0.3642849624156952,0.4198259557597339,16.923932009376585
2008,33.77260312798899,16.944977978710085,0.055679003708064556,1.9273670041002333,1.9862040062434971,16.8663960066624
2009,33.78947628301103,16.87315502204001,0.051546026952564716,0.34655199851840734,0.40098599856719375,16.749756992794573
2010,33.80623799096793,16.761707956902683,0.05602097371593118,0.39905402809381485,0.458256050478667,16.928146011196077
2011,33.82318938296521,16.951391997281462,0.05567801417782903,1.6554860048927367,1.7146080499514937,16.89088303828612
2012,33.84008525899844,16.895876033231616,0.05186599446460605,0.3771220217458904,0.4345219931565225,16.92363800248131
2013,33.85701416700613,16.928908007685095,0.05294696893543005,0.32245501643046737,0.3786089946515858,16.931271995417774
2014,33.87395070696948,16.936539963353425,0.05411397432908416,0.43575698509812355,0.4927529953420162,16.860522038768977
2015,33.89082712499658,16.876418027095497,0.05446100840345025,0.3933559637516737,0.4509519785642624,16.732466989196837
2016,33.90756426501321,16.737140016630292,0.05063501885160804,0.4091199953109026,0.46250398736447096,16.735520970541984
2017,33.92430550797144,16.74124295823276,0.0524259521625936,0.437591050285846,0.49307604786008596,16.80461602518335
2018,33.941115455003455,16.80994703201577,0.054432020988315344,0.5735650192946196,0.6310140015557408,16.87958399998024
2019,33.95800032198895,16.88486698549241,0.05657394649460912,0.4603820270858705,0.520461006090045,16.81078103138134
2020,33.974815999972634,16.815677983686328,0.05252298433333635,0.36663300124928355,0.4220400005578995,16.73505804501474
2021,33.99155549501302,16.73949504038319,0.04759203875437379,0.24781498359516263,0.29802299104630947,16.965124988928437
2022,34.00852548901457,16.969994001556188,0.05071400664746761,0.5159610300324857,0.5695639993064106,16.731368959881365
2023,34.025260464986786,16.73497597221285,0.04695099778473377,0.40148396510630846,0.45071798376739025,16.738671984057873
2024,34.042003720998764,16.743256011977792,0.047519977670162916,0.3211040166206658,0.3710649907588959,16.89167198492214
2025,34.0588994359714,16.89571497263387,0.049739028327167034,0.24835398653522134,0.3006720216944814,16.721538035199046
2026,34.07562502997462,16.725594003219157,0.05066697485744953,0.2649209927767515,0.3182860091328621,16.730730014387518
2027,34.092359632020816,16.734602046199143,0.04955899203196168,0.43437903514131904,0.48643199261277914,16.801142948679626
2028,34.10916479397565,16.805161954835057,0.05031202454119921,0.5664399941451848,0.6193300359882414,16.77795103751123
2029,34.12594749202253,16.782698046881706,0.05023198900744319,0.42855599895119667,0.48148498171940446,16.91818394465372
2030,34.142870965006296,16.923472983762622,0.05507300375029445,0.4148170119151473,0.47339301090687513,16.72345498809591
2031,34.15959841897711,16.727453970815986,0.04797795554623008,0.35938603105023503,0.40982302743941545,16.730085015296936
2032,34.17633252800442,16.734109027311206,0.048035988584160805,0.4527019918896258,0.5031999899074435,16.787870961707085
2033,34.19312516198261,16.792633978184313,0.05051400512456894,0.5915180081501603,0.6449680076912045,16.73550298437476
2034,34.20986424101284,16.73907903023064,0.04740903386846185,1.8098739674314857,1.8596099689602852,16.733281954657286
2035,34.22660159197403,16.737350961193442,0.049339025281369686,0.23173895897343755,0.2836179919540882,16.73728902824223
2036,34.24334240501048,16.740813036449254,0.046940986067056656,0.22249302128329873,0.2717750030569732,16.806753003038466
2037,34.260154152987525,16.811747977044433,0.051408016588538885,1.810615009162575,1.864941034000367,16.733571013901383
2038,34.276891615998466,16.7374630109407,0.04799198359251022,0.24323997786268592,0.2937649842351675,16.721827967558056
2039,34.29361755796708,16.725941968616098,0.05213695112615824,0.24285702966153622,0.2975580282509327,16.729976050555706
2040,34.310351712978445,16.734155011363328,0.0477550202049315,1.8400689586997032,1.8902739975601435,16.739876999054104
2041,34.32709536899347,16.74365601502359,0.04742096643894911,0.40707504376769066,0.45703601790592074,16.805279010441154
2042,34.34390541497851,16.810045985039324,0.05182396853342652,0.44893904123455286,0.503912044223398,16.746079025324434
2043,34.360655374999624,16.74996002111584,0.047622015699744225,2.031512965913862,2.081487968098372,16.73092698911205
2044,34.377390303998254,16.734928998630494,0.04764297045767307,0.32534298952668905,0.3754969802685082,16.707060975022614
2045,34.394101304002106,16.71100000385195,0.04730198998004198,0.22484699729830027,0.27465500170364976,16.73593500163406
2046,34.410841154982336,16.739850980229676,0.050225004088133574,2.004343958105892,2.057051984593272,16.734587028622627
2047,34.42757936997805,16.738214995712042,0.04993000766262412,0.24150899844244123,0.29399001505225897,16.729497991036624
2048,34.44431288796477,16.73351798672229,0.047684996388852596,2.084839972667396,2.134867012500763,16.734381031710654
2049,34.461051357968245,16.738470003474504,0.05246000364422798,0.4024279769510031,0.45756500912830234,16.725729044992477
2050,34.47778093296802,16.729574999772012,0.04742899909615517,0.47497800551354885,0.5248290253803134,16.734469041693956
2051,34.49451944400789,16.738511039875448,0.04757195711135864,2.082023012917489,2.132067980710417,16.734487959183753
2052,34.51125875802245,16.73931401455775,0.048866961151361465,0.5855670315213501,0.6372759817168117,16.778624965809286
2053,34.52804217301309,16.783414990641177,0.1245460007339716,0.49518299056217074,0.6224769749678671,16.786210995633155
2054,34.54483327199705,16.791098983958364,0.05237699951976538,0.3965750220231712,0.4522110102698207,16.739591024816036
2055,34.561576597974636,16.74332597758621,0.049592985305935144,0.5199220031499863,0.5719250184483826,16.745807020924985
2056,34.57836000499083,16.78340701619163,0.049024005420506,0.3991450066678226,0.45367900747805834,16.73251303145662
2057,34.59509616601281,16.73616102198139,0.04752201493829489,0.3622290096245706,0.4121069796383381,16.704905952792615
2058,34.611816332966555,16.72016695374623,0.047062989324331284,0.3663530224002898,0.415843038354069,16.737284022383392
2059,34.6285735850106,16.757252044044435,0.0675810151733458,0.5262250197120011,0.6070300005376339,16.812891990412027
2060,34.64539124100702,16.81765599641949,0.050035014282912016,0.38076896453276277,0.4332169773988426,16.70815097168088
2061,34.66211542201927,16.724181012250483,0.04702596925199032,0.40348904440179467,0.45303499791771173,16.737408994231373
2062,34.67885672301054,16.74130099127069,0.047181034460663795,0.3496119752526283,0.3992249839939177,16.74933300819248
2063,34.69561078998959,16.75406697904691,0.049633963499218225,2.1299970103427768,2.18239298556,16.73347200267017
2064,34.71234820497921,16.737414989620447,0.0476530403830111,0.5324009689502418,0.5826010019518435,16.79642900126055
2065,34.72914962598588,16.80142100667581,0.051238981541246176,0.683559977915138,0.7376089924946427,16.760484024416655
2066,34.7459141809959,16.764555010013282,0.050841947086155415,1.9481730414554477,2.001859014853835,16.73944597132504
2067,34.76265751902247,16.74333802657202,0.0491960090585053,0.5713249556720257,0.6231469451449811,16.76090096589178
2068,34.779422067978885,16.764548956416547,0.048960966523736715,0.5296930321492255,0.5811240407638252,16.738359990995377
2069,34.796164237021,16.742169042117894,0.049318012315779924,2.059979015029967,2.1116359857842326,16.732466989196837
2070,34.81290053698467,16.73629996366799,0.05234195850789547,0.5307270330376923,0.5856460193172097,16.86526503181085
2071,34.82979778200388,16.89724501920864,0.06892497185617685,2.019456005655229,2.103268983773887,16.73180697252974
2072,34.84653276100289,16.73497899901122,0.047103967517614365,0.45566802145913243,0.505067000631243,16.75683696521446
2073,34.863291857007425,16.759096004534513,0.029708025977015495,0.44786499347537756,0.4790989914909005,16.73258701339364
2074,34.880035703012254,16.74384600482881,0.06128795212134719,1.8900400027632713,1.9585489644668996,16.734298958908767
2075,34.8967732610181,16.73755800584331,0.043086009100079536,0.3988289972767234,0.4439199692569673,16.741857980377972
2076,34.91352794697741,16.754685959313065,0.04535302286967635,0.5305749946273863,0.5783390370197594,16.75118802813813
2077,34.93029225897044,16.76431199302897,0.05344301462173462,1.9098409684374928,1.971509016584605,16.731100040487945
2078,34.947025265020784,16.733006050344557,0.030032999347895384,0.35975599894300103,0.39129797369241714,16.720141982659698
2079,34.963756365992595,16.73110097181052,0.04939100472256541,0.5956039531156421,0.6524819764308631,16.728303977288306
2080,34.98048697802005,16.730612027458847,0.02672401024028659,1.906334946397692,1.9343329477123916,16.733960947021842
2081,34.99722432001727,16.73734199721366,0.045109016355127096,0.5452879704535007,0.59272296493873,16.734665958210826
2082,35.01396135601681,16.73703599954024,0.03275595372542739,0.5121470312587917,0.5464479909278452,16.73056895378977
2083,35.03069390996825,16.73255395144224,0.02599897561594844,2.104747050907463,2.1318720537237823,16.70721999835223
2084,35.04741432698211,16.720417013857514,0.06684899562969804,0.4882289795204997,0.5642810137942433,16.68421400245279
2085,35.06410063098883,16.68630400672555,0.02615799894556403,0.5283540231175721,0.55580900516361,16.731259995140135
2086,35.0808355769841,16.73494599526748,0.048309972044080496,2.1589089883491397,2.2096019820310175,16.734616016037762
2087,35.09757370699663,16.738130012527108,0.04579604137688875,0.4232499632053077,0.4713829839602113,16.73571701394394
2088,35.11431339598494,16.739688988309354,0.04977203207090497,0.5366759723983705,0.5889949970878661,16.798669996205717
2089,35.13111446500989,16.801069024950266,0.03492098767310381,2.1306430571712554,2.1671460126526654,16.729497001506388
2090,35.14784658100689,16.73211599700153,0.03192300209775567,0.35478995414450765,0.3885139594785869,16.72170596430078
2091,35.164572349982336,16.725768975447863,0.04969601286575198,2.1609289688058197,2.213191008195281,16.729990020394325
2092,35.181305233971216,16.73288398887962,0.03824697341769934,0.577785016503185,0.6177730392664671,16.7301400215365
2093,35.198039521987084,16.734288015868515,0.05232001421973109,0.4833510029129684,0.5381780210882425,16.72931801294908
2094,35.2147715750034,16.73205301631242,0.028642010875046253,2.038103004451841,2.068129018880427,16.728615970350802
2095,35.231502405018546,16.730830015148968,0.026736990548670292,0.3999699838459492,0.42794697219505906,16.725450986996293
2096,35.24823220696999,16.729801951441914,0.050099974032491446,0.6183439982123673,0.6710360175929964,16.89161703689024
2097,35.265127952967305,16.895745997317135,0.05265104118734598,2.400850993581116,2.4561030440963805,16.80996804498136
2098,35.281943178968504,16.815226001199335,0.05517795216292143,0.36339304642751813,0.4216350498609245,16.73123601358384
2099,35.298678483988624,16.735305020119995,0.0500250025652349,0.39082998409867287,0.4435050068423152,16.72267698450014
2100,35.315405305009335,16.726821020711213,0.051573035307228565,2.40899994969368,2.4632549611851573,16.697657003533095
2101,35.3321128069656,16.707501956261694,0.12356298975646496,0.6379930418916047,0.768649042584002,16.73387800110504
2102,35.34885445400141,16.74164703581482,0.11366500984877348,0.5554219824261963,0.6754630012437701,16.73968299292028
2103,35.365601402008906,16.74694800749421,0.11126295430585742,2.0912220352329314,2.2088050027377903,16.737371974159032
2104,35.38234213000396,16.74072799505666,0.04905503010377288,0.396032992284745,0.44753600377589464,16.73175796167925
2105,35.39907746302197,16.735333018004894,0.055746990256011486,0.4260929999873042,0.4842279595322907,16.798882978037
2106,35.41588058101479,16.80311799282208,0.053874042350798845,2.301533007994294,2.3582190042361617,16.747632005717605
2107,35.43264454300515,16.763961990363896,0.054840988013893366,0.39389298763126135,0.4594319616444409,16.73599996138364
2108,35.44938390702009,16.739364014938474,0.04575098864734173,0.4774940316565335,0.525392999406904,16.72250300180167
2109,35.46612333797384,16.739430953748524,0.0578259932808578,0.34284702269360423,0.41171303018927574,16.770389047451317
2110,35.48289747297531,16.774135001469404,0.049243972171097994,0.3930280217900872,0.44484902173280716,16.72957302071154
2111,35.49963051901432,16.733046039007604,0.038794009014964104,0.4131849855184555,0.4537359927780926,16.7269769590348
2112,35.51636024401523,16.729725000914186,0.02943800063803792,0.5724169895984232,0.6031999946571887,16.73365500755608
2113,35.53309805196477,16.737807949539274,0.05059095565229654,0.7401100010611117,0.793309009168297,16.739095037337393
2114,35.549841269967146,16.743218002375215,0.05135801620781422,0.397602969314903,0.4520490183494985,16.737177036702633
2115,35.56658227799926,16.741008032113314,0.0476309796795249,0.43102202471345663,0.48109301133081317,16.724671993870288
2116,35.58331164397532,16.729365976061672,0.04953600000590086,0.5089209880679846,0.5612680106423795,16.85399399138987
2117,35.6001758609782,16.864217002876103,0.05812599556520581,0.49234897596761584,0.5536120152100921,16.73703402047977
2118,35.616916741011664,16.740880033466965,0.049110036343336105,0.43371296487748623,0.48553996020928025,16.73786499304697
2119,35.6336748629692,16.758121957536787,0.06066099740564823,0.6140019977465272,0.687713036313653,16.742893029004335
2120,35.650421811966226,16.746948997024447,0.05072203930467367,0.5279829492792487,0.5812780000269413,16.727083013392985
2121,35.667153875983786,16.732064017560333,0.050355971325188875,0.43161201756447554,0.48482901183888316,16.72276301542297
2122,35.683880708995275,16.72683301148936,0.04986196290701628,0.5955030210316181,0.6479590083472431,16.74003602238372
2123,35.700625544996,16.744836000725627,0.04864297807216644,0.3921440220437944,0.4434279981069267,16.731839976273477
2124,35.71736124396557,16.735698969569057,0.04722102312371135,0.4293549573048949,0.4790190141648054,16.784493054728955
2125,35.73415057401871,16.789330053143203,0.10761100566014647,0.4526220145635307,0.5629669758491218,16.785834974143654
2126,35.75094048801111,16.789913992397487,0.05137000698596239,0.5226699868217111,0.5770709831267595,16.731705982238054
2127,35.7676761749899,16.73568697879091,0.04698801785707474,0.39413897320628166,0.4435720038600266,16.722575994208455
2128,35.784402552992105,16.726378002204,0.04769896622747183,0.36431499756872654,0.4144689883105457,16.698057996109128
2129,35.801104492973536,16.70193998143077,0.04802597686648369,0.675974995829165,0.7263830048032105,16.72875101212412
2130,35.817837490991224,16.73299801768735,0.051709008403122425,0.358029967173934,0.4123779945075512,16.72475802479312
2131,35.834566258999985,16.728768008761108,0.04744098987430334,0.37668703589588404,0.42653101263567805,16.72841201070696
2132,35.85129861999303,16.732360993046314,0.04755199188366532,0.5472440388984978,0.5972380167804658,16.75392600009218
2133,35.86807119700825,16.772577015217394,0.055818993132561445,0.42071205098181963,0.489038007799536,16.7380619677715
2134,35.88482595002279,16.754753014538437,0.06256101187318563,0.4140610108152032,0.4865999799221754,16.74620999256149
2135,35.901582112011965,16.75616198917851,0.029477989301085472,0.41748100193217397,0.448681996203959,16.73078100429848
2136,35.91831474599894,16.732633986975998,0.026201014406979084,0.40962296770885587,0.4371299874037504,16.729062015656382
2137,35.93504732201109,16.732576012145728,0.04696199903264642,0.5438700318336487,0.59295300161466,16.729308990761638
2138,35.95177931000944,16.73198799835518,0.03935105632990599,0.4390239482745528,0.4804639611393213,16.72871597111225
2139,35.96851046598749,16.731155978050083,0.027075991965830326,0.44552702456712723,0.47397101297974586,16.732465010136366
2140,35.985254724975675,16.74425898818299,0.036586017813533545,0.3949729725718498,0.43908500811085105,16.786488995421678
2141,36.00204609701177,16.79137203609571,0.05395099287852645,0.5571949877776206,0.614020973443985,16.79634297033772
2142,36.018847427971195,16.801330959424376,0.052037008572369814,0.3409740165807307,0.3959120367653668,16.80186699377373
2143,36.035654329985846,16.806902014650404,0.05227600922808051,0.472069950774312,0.5273789865896106,16.72649901593104
2144,36.05238582100719,16.7314910213463,0.05029997555539012,0.43847301276400685,0.4916529869660735,16.728870978113264
2145,36.0691188260098,16.73300500260666,0.05239702295511961,0.6302680121734738,0.6852690130472183,16.72598801087588
2146,36.08584858401446,16.729758004657924,0.047478009946644306,0.4382449551485479,0.48819195944815874,16.736609977670014
2147,36.10258891101694,16.740327002480626,0.04876998718827963,0.4369820235297084,0.48809597501531243,16.76872296957299
2148,36.119361597986426,16.77268696948886,0.04980998346582055,0.5754900048486888,0.627889996394515,16.736738034524024
2149,36.13610234798398,16.740749997552484,0.048410031013190746,0.47790101962164044,0.5287810345180333,16.796151001472026
2150,36.15290309500415,16.800747020170093,0.04888500552624464,0.5905319703742862,0.6424909806810319,16.731833980884403
2151,36.169638968014624,16.73587301047519,0.049668014980852604,0.6148340180516243,0.6669579888693988,16.723532986361533
2152,36.186366553010885,16.727584996260703,0.05095097003504634,0.4467130056582391,0.500282971188426,16.73890498932451
2153,36.203124538005795,16.757984994910657,0.05847198190167546,0.43225003173574805,0.5030540050938725,16.78763999370858
2154,36.219917192007415,16.792654001619667,0.05154695827513933,0.6712389877066016,0.7256199605762959,16.748664958868176
2155,36.23666992998915,16.752737981732935,0.05033501656726003,0.6011729710735381,0.6541750044561923,16.73130103154108
2156,36.25340532499831,16.735395009163767,0.04918099148198962,0.42463099816814065,0.47642498975619674,16.772596980445087
2157,36.27018331596628,16.777990967966616,0.05622400203719735,0.4569609882310033,0.5162670277059078,16.73190505243838
2158,36.2869190860074,16.735770041123033,0.04783703479915857,0.5792859592474997,0.6295829662121832,16.797660966403782
2159,36.30372048699064,16.801400983240455,0.04849501419812441,0.5901750409975648,0.6410240312106907,16.722179017961025
2160,36.32044668699382,16.726200003176928,0.0504140043631196,0.5536930402740836,0.6066280184313655,16.73020899761468
2161,36.337181050970685,16.734363976866007,0.046590983401983976,0.6041619926691055,0.6531730177812278,16.86659804545343
2162,36.354059391014744,16.87834004405886,0.05378795322030783,0.5587060004472733,0.6156909512355924,16.729749972000718
2163,36.37079289800022,16.733506985474378,0.04755798727273941,0.5901959957554936,0.6401549908332527,16.723192995414138
2164,36.38752013101475,16.72723301453516,0.048967020120471716,0.679227989166975,0.7308649946935475,16.732162970583886
2165,36.40425633400446,16.736202989704907,0.04988600267097354,0.5291010020300746,0.5815610056743026,16.74738700967282
2166,36.42100768000819,16.75134600372985,0.04800298484042287,0.4233060171827674,0.4737399867735803,16.741956991609186
2167,36.43775357899722,16.74589898902923,0.04924897802993655,0.4572170437313616,0.5090070189908147,16.73385500907898
2168,36.45448991202284,16.736333025619388,0.035972974728792906,0.44078700011596084,0.47838897444307804,16.731825948227197
2169,36.47122405201662,16.734139993786812,0.02864398993551731,0.31339196721091866,0.3434429527260363,16.722531989216805
2170,36.487969352980144,16.745300963521004,0.0571979908272624,0.5340990028344095,0.6066010100767016,16.731351031921804
2171,36.504704286984634,16.734934004489332,0.0459380098618567,0.5149450153112411,0.5632960237562656,16.729739028960466
2172,36.521438236988615,16.73395000398159,0.05176302511245012,0.4318219725973904,0.48638798762112856,16.729509981814772
2173,36.53817271802109,16.734481032472104,0.10805594502016902,0.6340950494632125,0.7451309938915074,16.790080990176648
2174,36.554967665986624,16.794947965536267,0.051547016482800245,0.529356999322772,0.5840859957970679,16.730352013837546
2175,36.57170212897472,16.73446298809722,0.05053303902968764,0.5347169935703278,0.5878080264665186,16.73366199247539
2176,36.588454742974136,16.75261399941519,0.06797799142077565,0.5358970374800265,0.6167450337670743,16.832221997901797
2177,36.60529202502221,16.837282048072666,0.053059018682688475,0.41970598977059126,0.4756779526360333,16.74009399721399
2178,36.62204495200422,16.75292698200792,0.05624396726489067,0.556670012883842,0.6157369934953749,16.738701961003244
2179,36.63878743897658,16.742486972361803,0.046641973312944174,0.49829401541501284,0.5473530036397278,16.73513901187107
2180,36.65552650298923,16.739064012654126,0.053306983318179846,0.36542501766234636,0.4213619977235794,16.760276979766786
2181,36.67231176700443,16.785264015197754,0.05477503873407841,0.5415430059656501,0.6119490135461092,16.732680960558355
2182,36.68904795200797,16.736185003537685,0.04906399408355355,0.34693500492721796,0.3983060014434159,16.731787007302046
2183,36.70578347699484,16.735524986870587,0.04705600440502167,0.40178396739065647,0.4511409788392484,16.802044992800802
2184,36.72259037097683,16.8068939819932,0.04857499152421951,0.3622070071287453,0.41346100624650717,16.732149990275502
2185,36.739326260983944,16.735890007112175,0.0496489810757339,0.670414010528475,0.7224620203487575,16.730385017581284
2186,36.75606068898924,16.73442800529301,0.053266994655132294,0.5693099810741842,0.6253379979170859,16.74474199535325
2187,36.77282066701446,16.759978025220335,0.051364011596888304,0.4768630024045706,0.5372759769670665,16.735455952584743
2188,36.78955894999672,16.73828298225999,0.04016899038106203,0.344433996360749,0.3864699974656105,16.731574025470763
2189,36.806292701978236,16.733751981519163,0.028101960197091103,0.4745650221593678,0.504021008964628,16.729980998206884
2190,36.82302592601627,16.733224038034678,0.03975600702688098,0.3683209652081132,0.4098689532838762,16.728621965739876
2191,36.83975848101545,16.732554999180138,0.0461390009149909,0.43805199675261974,0.4865319933742285,16.734278993681073
2192,36.85649535496486,16.736873949412256,0.03452599048614502,0.3562649944797158,0.3922940231859684,16.736993042286485
2193,36.87325617898023,16.76082401536405,0.08220202289521694,0.40187902050092816,0.49924803897738457,16.730219998862594
2194,36.889989877992775,16.73369901254773,0.10821403702721,0.35597500391304493,0.4660970298573375,16.83203299762681
2195,36.90682808501879,16.838207026012242,0.06161199416965246,0.7340619922615588,0.7993289618752897,16.734630975406617
2196,36.9235677709803,16.739685961510986,0.05086802411824465,0.49186800606548786,0.545760034583509,16.729661030694842
2197,36.940302881994285,16.73511101398617,0.05580700235441327,0.5660789902321994,0.6253640167415142,16.855727997608483
2198,36.95717508700909,16.87220501480624,0.05713698919862509,0.5752580473199487,0.6364170112647116,16.727715963497758
2199,36.9739081459702,16.733058961108327,0.054724980145692825,0.544188020285219,0.601962034124881,16.7288210359402
2200,36.99064193497179,16.733789001591504,0.049856025725603104,2.1628490067087114,2.2155450424179435,16.728963004425168
2201,37.00737582898,16.73389400821179,0.05131901707500219,0.47002697829157114,0.5242149927653372,16.805450024548918
2202,37.02418650902109,16.810680041089654,0.11548498878255486,0.7285960018634796,0.8473999914713204,16.87913795467466
2203,37.04109285300365,16.906343982554972,0.0524159986525774,2.182851021643728,2.2382140159606934,16.780619975179434
2204,37.05787841597339,16.785562969744205,0.05143298767507076,0.5737520405091345,0.6280860397964716,16.733115015085787
2205,37.0746163870208,16.737971047405154,0.05028297891840339,0.3339099930599332,0.3869639476761222,16.736960969865322
2206,37.09135858499212,16.742197971325368,0.05578598938882351,1.9273650250397623,1.9862040062434971,16.875508008524776
2207,37.10825490899151,16.896323999390006,0.055943033657968044,0.5062379641458392,0.565368973184377,16.884310985915363
2208,37.12516203196719,16.907122975680977,0.05584594327956438,1.1342760408297181,1.1934470385313034,16.906862030737102
2209,37.14211510500172,16.953073034528643,0.05363003583624959,0.8520949631929398,0.9094079723581672,16.798201017081738
2210,37.15891879197443,16.80368697270751,0.05642796168103814,0.5298720207065344,0.5898980307392776,16.800447017885745
2211,37.175724581989925,16.805790015496314,0.0563149806112051,0.4363729967735708,0.4960490041412413,16.74143597483635
2212,37.19247120601358,16.746624023653567,0.052565999794751406,0.5340969655662775,0.5895719514228404,16.753679956309497
2213,37.209229877975304,16.758671961724758,0.0518389861099422,0.5410999874584377,0.595832010731101,16.792179027106613
2214,37.2260273930151,16.797515039797872,0.05930999759584665,0.3981000045314431,0.4606539732776582,16.856456990353763
2215,37.24290638900129,16.878995986189693,0.05268404493108392,0.38015196332708,0.4376139841042459,16.727484995499253
2216,37.2596388849779,16.732495976611972,0.05140603752806783,0.37636596243828535,0.43076800648123026,16.72986103221774
2217,37.276374069973826,16.73518499592319,0.05188502836972475,1.9524020026437938,2.007689035963267,16.725362045690417
2218,37.29310476197861,16.73069200478494,0.05499797407537699,0.3633410087786615,0.42139500146731734,16.792497015558183
2219,37.30990255298093,16.797791002318263,0.056002987548708916,0.3916689893230796,0.4507870180532336,16.734421020373702
2220,37.326641989988275,16.73943700734526,0.051287992391735315,0.37115399027243257,0.4252709913998842,16.73411001684144
2221,37.34338069596561,16.738705977331847,0.05263200728222728,0.5756279570050538,0.6313250050880015,16.89874503063038
2222,37.360284255002625,16.903559037018567,0.05081499693915248,0.896052981261164,0.9497629944235086,16.822625999338925
2223,37.37711283197859,16.828576975967735,0.09212701115757227,0.42541598668321967,0.5335200112313032,16.875417029950768
2224,37.394000168016646,16.887336038053036,0.051475013606250286,0.5186399794183671,0.573103956412524,16.793799004517496
2225,37.41079922701465,16.799058998003602,0.05530402995646,0.45457796659320593,0.5129699711687863,16.734033008106053
2226,37.42753825697582,16.73902996117249,0.05114299710839987,0.3454029792919755,0.39955799002200365,16.760375990998
2227,37.44430347398156,16.76521700574085,0.050574017222970724,1.0467270039953291,1.1001760140061378,16.800602024886757
2228,37.46110921201762,16.805738036055118,0.05531596252694726,0.5792310112155974,0.6375939701683819,16.789077955763787
2229,37.4779035539832,16.794341965578496,0.05678099114447832,0.42610004311427474,0.48608402721583843,16.881367017049342
2230,37.494789780990686,16.88622700748965,0.05016097566112876,0.4403719794936478,0.49342698184773326,16.74464700045064
2231,37.511539305967744,16.749524977058172,0.05099299596622586,0.41352800326421857,0.4674660158343613,16.74576400546357
2232,37.52830810501473,16.768799046985805,0.051170994993299246,0.5384890246205032,0.5975179956294596,16.902713978197426
2233,37.545236374018714,16.928269003983587,0.05576800322160125,0.38578599924221635,0.44554698979482055,16.881070972885936
2234,37.56212262500776,16.886250989045948,0.05166197661310434,0.568363000638783,0.6228729616850615,16.880773997399956
2235,37.579008230008185,16.88560500042513,0.05136698018759489,0.4535859916359186,0.5078389658592641,16.788206005003303
2236,37.59580166998785,16.79343997966498,0.05474098725244403,0.5055670044384897,0.5634090048260987,16.736139019485563
2237,37.61254274396924,16.74107398139313,0.051100971177220345,2.216557040810585,2.2706350428052247,16.739143000449985
2238,37.62928691698471,16.744173015467823,0.05074503133073449,0.36287499824538827,0.4165440332144499,16.85117301531136
2239,37.6461600040202,16.873087035492063,0.05151098594069481,0.432883040048182,0.48882298870012164,16.727760958019644
2240,37.662892289983574,16.732285963371396,0.04948099376633763,0.426342012360692,0.47845003427937627,16.825426020659506
2241,37.67972292401828,16.830634034704417,0.05565100582316518,0.5921390256844461,0.6509119994007051,16.715400968678296
2242,37.696443466993514,16.72054297523573,0.05093700019642711,0.37626002449542284,0.43014599941670895,16.835301008541137
2243,37.713284867000766,16.84140000725165,0.05666899960488081,0.4050550051033497,0.4650040064007044,16.732183983549476
2244,37.730021692987066,16.736825986299664,0.04805199569091201,0.48315495951101184,0.5339389899745584,16.741000988986343
2245,37.746767374977935,16.745681990869343,0.050990027375519276,0.2771299914456904,0.33119000727310777,16.7295360006392
2246,37.76350205898052,16.73468400258571,0.05202199099585414,0.45739603228867054,0.5123260198161006,16.73378300620243
2247,37.780247814022005,16.74575504148379,0.054912001360207796,0.5377090419642627,0.5958389956504107,16.812914982438087
2248,37.79706603498198,16.818220959976315,0.05767203401774168,0.45651401160284877,0.5172280361875892,16.821612021885812
2249,37.813892308971845,16.826273989863694,0.05122798029333353,0.45895198127254844,0.5129000055603683,16.743134998250753
2250,37.83064058900345,16.748280031606555,0.05169503856450319,0.2956769894808531,0.3503540065139532,16.729071969166398
2251,37.8473748259712,16.734236967749894,0.05229999078437686,0.42871799087151885,0.4842019989155233,16.86006603995338
2252,37.864249286009,16.87446003779769,0.05251402035355568,0.43511897092685103,0.4905819660052657,16.78404997801408
2253,37.88103835697984,16.789070970844477,0.054567004553973675,0.4428739775903523,0.500430993270129,16.830643988214433
2254,37.89787417801563,16.835821035783738,0.055424985475838184,0.44289801735430956,0.5015329807065427,16.891849983949214
2255,37.91477113997098,16.896961955353618,0.05198200233280659,0.3244649851694703,0.3793089999817312,16.734094999264926
2256,37.93151032598689,16.7391860159114,0.05149299977347255,0.5599689902737737,0.6143749924376607,16.737191996071488
2257,37.94827683101175,16.766505024861544,0.05634099943563342,0.5417899810709059,0.6082619656808674,16.887656005565077
2258,37.96519338397775,16.916552965994924,0.05581002915278077,0.4135299823246896,0.4773900145664811,16.88545598881319
2259,37.982089885976166,16.89650199841708,0.05529500776901841,0.6309779710136354,0.6894739926792681,16.816853021737188
2260,37.998912063019816,16.8221770436503,0.05620199954137206,0.4260219866409898,0.4854099825024605,16.848336963448673
2261,38.015783659007866,16.871595988050103,0.05167804192751646,0.5179509753361344,0.5840209778398275,17.039463971741498
2262,38.03282746201148,17.04380300361663,0.049057998694479465,0.4882739740423858,0.5399459623731673,16.728814982343465
2263,38.04956118698465,16.7337249731645,0.05274201976135373,0.43710600584745407,0.4929720307700336,16.959981992840767
2264,38.06652615900384,16.964972019195557,0.05122600123286247,0.36680500488728285,0.4209179896861315,16.767632972914726
2265,38.08329897001386,16.772811010014266,0.05445396527647972,0.47889002598822117,0.5364239914342761,16.727737965993583
2266,38.100031710986514,16.732740972656757,0.05130801582708955,3.0296510085463524,3.0838180100545287,16.732797026634216
2267,38.11676962597994,16.737914993427694,0.055723998229950666,0.5173860117793083,0.5762060172855854,16.89786004135385
2268,38.13369531696662,16.92569098668173,0.051659997552633286,0.6728820153512061,0.7276440155692399,16.72788301948458
2269,38.150429694971535,16.734378004912287,0.056992052122950554,2.1378739620558918,2.1986300125718117,16.802641039248556
2270,38.16725816600956,16.828471038024873,0.05454296479001641,0.5463130073621869,0.6047859787940979,16.874466964509338
2271,38.1841382010025,16.880034992937,0.05620101001113653,0.5251889815554023,0.5845709820277989,16.79744099965319
2272,38.200940857990645,16.802656988147646,0.056029006373137236,2.1950629889033735,2.254200982861221,16.91114902496338
2273,38.21786354901269,16.92269102204591,0.05564297316595912,0.6212990265339613,0.6801559939049184,16.728885006159544
2274,38.23459738900419,16.733839991502464,0.05110003985464573,0.5250009708106518,0.5790829891338944,16.730311966966838
2275,38.25133280601585,16.735417011659592,0.05166995106264949,0.6245010299608111,0.6790119805373251,16.77384495269507
2276,38.26812978397356,16.796977957710624,0.05913397762924433,0.38484198739752173,0.45834999764338136,16.76833804231137
2277,38.28492114297114,16.791358997579664,0.06575800944119692,0.5485739675350487,0.628895009867847,16.85238303616643
2278,38.30179037497146,16.869232000317425,0.051615992560982704,0.4791470128111541,0.5339610506780446,16.843175049871206
2279,38.31864948297152,16.859108000062406,0.05139299901202321,0.3876879927702248,0.44223200529813766,16.728429996874183
2280,38.33538287197007,16.733388998545706,0.05206797504797578,0.6398650002665818,0.6948710069991648,16.908157034777105
2281,38.35231162200216,16.928750032093376,0.055311014875769615,0.4150880267843604,0.4744320176541805,16.790385998319834
2282,38.36911159596639,16.7999739642255,0.12484501348808408,3.4641700331121683,3.5965090501122177,16.741983010433614
2283,38.385862677008845,16.751081042457372,0.11533498764038086,2.1815840154886246,2.304719004314393,16.739435959607363
2284,38.4026117749745,16.74909796565771,0.13678299728780985,0.37890899693593383,0.5237570148892701,16.73993800068274
2285,38.41935934597859,16.747571004088968,0.09368499740958214,0.7261689752340317,0.8251660037785769,16.796695010270923
2286,38.4361612710054,16.80192502681166,0.1385000068694353,2.177415997721255,2.3192070075310767,16.938712971750647
2287,38.45310507697286,16.943805967457592,0.051596027333289385,0.6608259864151478,0.7153840269893408,16.739406040869653
2288,38.469849170011,16.744093038141727,0.0500980531796813,0.5782849621027708,0.6310559692792594,16.85172296129167
2289,38.486729401978664,16.88023196766153,0.05610904190689325,2.201878000050783,2.2670170292258263,16.91193802980706
2290,38.50364637898747,16.91697700880468,0.05141599103808403,0.7231209892779589,0.7774810073897243,16.727060021366924
2291,38.520378470013384,16.732091025914997,0.05212100222706795,0.5538809928111732,0.6090949755162001,16.823693993501365
2292,38.53720752696972,16.829056956339628,0.056823017075657845,2.74356099544093,2.8035580180585384,16.99498004745692
2293,38.554207561013754,17.000034044031054,0.05821202648803592,0.4503149539232254,0.5124709568917751,16.726993955671787
2294,38.57093942997744,16.731868963688612,0.0510960235260427,0.49115996807813644,0.5451239994727075,16.729633032809943
2295,38.587674081965815,16.734651988372207,0.05150900688022375,2.3275549756363034,2.3818740155547857,16.728555026929826
2296,38.60440769698471,16.733615018893033,0.05109497578814626,0.5375799955800176,0.5915799993090332,16.84106100583449
2297,38.62126450496726,16.85680798254907,0.05225097993388772,2.7452170033939183,2.8006230131722987,16.817819036077708
2298,38.63811573601561,16.85123104834929,0.07022696081548929,0.5250930553302169,0.6136010051704943,16.728007001802325
2299,38.654848092002794,16.732355987187475,0.050396949518471956,0.5131140351295471,0.5663339979946613,16.72958501148969
2300,38.67158267501509,16.734583012294024,0.05139701534062624,2.697414020076394,2.751760999672115,16.740963968914002
2301,38.68832905398449,16.74637896940112,0.05114602390676737,0.5483029526658356,0.6024109898135066,16.90902898553759
2302,38.705249857972376,16.920803987886757,0.056256947573274374,0.5341680371202528,0.5937450332567096,16.786776017397642
2303,38.722041974018794,16.792116046417505,0.0592540018260479,2.22849496640265,2.2909799590706825,16.79574098670855
2304,38.738842664984986,16.800690966192633,0.051723967771977186,0.6082890322431922,0.6629060371778905,16.754018026404083
2305,38.75560161197791,16.758946992922574,0.0545489601790905,0.7222120184451342,0.7801370229572058,16.930764017160982
2306,38.772537844022736,16.936232044827193,0.05608901847153902,2.3766980157233775,2.435954986140132,16.95196598302573
2307,38.78949812601786,16.960281995125115,0.051103997975587845,0.5411379970610142,0.5952289793640375,16.891626990400255
2308,38.80639566597529,16.89753995742649,0.051898008678108454,0.7214979850687087,0.7765780319459736,16.73915103310719
2309,38.82315724296495,16.761576989665627,0.09087001672014594,2.5042439810931683,2.609160030260682,16.82021701708436
2310,38.839982869976666,16.82562701171264,0.05657598376274109,0.4324970068410039,0.4922010120935738,16.784263018053025
2311,38.85677216399927,16.789294022601098,0.05427602445706725,0.4400819889269769,0.4973849863745272,16.72895101364702
2312,38.873506087984424,16.733923985157162,0.05227298242971301,2.1785340504720807,2.233659033663571,16.8808430316858
2313,38.890391882974654,16.88579499023035,0.05137699190527201,0.5532350041903555,0.6075220298953354,16.834495996590704
2314,38.90724952798337,16.857645008713007,0.055074982810765505,0.8134989766404033,0.8832429884932935,16.73831499647349
2315,38.923993106989656,16.7435790062882,0.057330995332449675,2.2650620085187256,2.325554029084742,16.825731028802693
2316,38.940823820012156,16.830713022500277,0.05171698285266757,0.6102050538174808,0.6648490088991821,16.732840973418206
2317,38.95756170101231,16.73788100015372,0.051566981710493565,2.17034004162997,2.2251670015975833,16.745082975830883
2318,38.97431165596936,16.74995495704934,0.05334900924935937,0.715243979357183,0.7715260144323111,16.77190902410075
2319,38.99110738997115,16.795734001789242,0.0505319912917912,0.5935970111750066,0.6470710504800081,16.792069014627486
2320,39.007904758967925,16.79736899677664,0.05664100171998143,0.740093004424125,0.7998360088095069,16.77394105354324
2321,39.02468367700931,16.778918041381985,0.050374947022646666,0.6431980291381478,0.6965409847907722,16.728252987377346
2322,39.041416844003834,16.733166994526982,0.05199597217142582,0.6923809996806085,0.7474079611711204,16.73135900637135
2323,39.05816776398569,16.750919981859624,0.0517750158905983,2.304031979292631,2.359132980927825,16.830509004648775
2324,39.075003603997175,16.835840011481196,0.05549995694309473,0.5107710021547973,0.5694819847121835,16.737126978114247
2325,39.09174579702085,16.74219302367419,0.051039038226008415,0.4448529798537493,0.4988599685020745,16.728705959394574
2326,39.10847911902238,16.733322001527995,0.04914100281894207,2.288256015162915,2.3401009966619313,16.929424949921668
2327,39.12541366397636,16.934544953983277,0.05268194945529103,0.4001740016974509,0.45596499694511294,16.842205019202083
2328,39.1422786610201,16.864997043740004,0.06954203126952052,0.5846279673278332,0.6686289561912417,16.736080986447632
2329,39.159018706006464,16.7400449863635,0.050038041081279516,2.184706972911954,2.2375669796019793,16.856736969202757
2330,39.17589761601994,16.878910013474524,0.049911963287740946,0.6051340023986995,0.6582049536518753,16.7306549847126
2331,39.192632175982,16.734559962060302,0.04732795059680939,0.524275004863739,0.5740399938076735,16.72279799822718
2332,39.20935885497602,16.726678994018584,0.04786800127476454,2.0945119904354215,2.1448740153573453,16.732994001358747
2333,39.226095621997956,16.73676702193916,0.046926026698201895,0.504427996929735,0.5538139957934618,16.797820979263633
2334,39.242898112977855,16.80249097989872,0.04885799717158079,0.5153900128789246,0.5669940146617591,16.740724036935717
2335,39.25966304098256,16.764928004704416,0.05026796134188771,2.165850019082427,2.2213750053197145,16.757775039877743
2336,39.27642487100093,16.76183001836762,0.049830006901174784,0.40924601489678025,0.46162400394678116,16.796518000774086
2337,39.29322654299904,16.80167199810967,0.055197044275701046,2.2728569456376135,2.3311529657803476,16.729507013224065
2338,39.30995877296664,16.732229967601597,0.033863994758576155,0.5291510024107993,0.5646960344165564,16.739726008381695
2339,39.32671063399175,16.751861025113612,0.03469700459390879,0.3965729847550392,0.4387139924801886,16.727813985198736
2340,39.34344083198812,16.73019799636677,0.02899899845942855,2.0797179895453155,2.110206987708807,16.72961300937459
2341,39.360173632972874,16.73280098475516,0.04462094511836767,0.5494080251082778,0.5961480201222003,16.729572031181306
2342,39.376906882971525,16.733249998651445,0.04351598909124732,0.3698160289786756,0.4154040361754596,16.74207003088668
2343,39.39366127998801,16.75439701648429,0.04783703479915857,2.026356989517808,2.0817610202357173,16.73026499338448
2344,39.410393644997384,16.732365009374917,0.027650967240333557,0.3627259866334498,0.3917039721272886,16.756421013269573
2345,39.427168258989695,16.77461399231106,0.04922697553411126,0.3943470073863864,0.44622900895774364,16.82646502740681
2346,39.444000058982056,16.831799992360175,0.11447002179920673,0.4783429903909564,0.5966949975118041,16.73656899947673
2347,39.460740490001626,16.74043101957068,0.04904798697680235,0.5827450077049434,0.6342220003716648,16.740790975745767
2348,39.47749550198205,16.75501198042184,0.044647022150456905,0.38331898394972086,0.4300900036469102,16.728943039197475
2349,39.49422718602,16.73168403794989,0.030552968382835388,0.4840430337935686,0.5160750006325543,16.730846953578293
2350,39.51096188300289,16.734696982894093,0.04648498725146055,0.3367059980519116,0.3854649839922786,16.743624990340322
2351,39.527719856996555,16.757973993662745,0.08640799205750227,0.505105999764055,0.6005630129948258,16.72941801371053
2352,39.54445163399214,16.73177699558437,0.03080297028645873,0.4794650012627244,0.5118729895912111,16.74043998355046
2353,39.56119541398948,16.743779997341335,0.03168097464367747,0.5058710230514407,0.5390639998950064,16.72922499710694
2354,39.5779281759751,16.732761985622346,0.045831024181097746,0.5247020162642002,0.5726570379920304,16.722534026484936
2355,39.59465447301045,16.72629703534767,0.04791299579665065,0.54068403551355,0.5910799955017865,16.73212298192084
2356,39.61139056197135,16.736088960897177,0.050452013965696096,0.4954529576934874,0.5484489956870675,16.80095004849136
2357,39.628196883015335,16.806321043986827,0.05580700235441327,0.7346700294874609,0.7935279863886535,16.733711992856115
2358,39.64493428397691,16.737400961574167,0.04992500180378556,0.39527600165456533,0.44760300079360604,16.751598042901605
2359,39.66169000597438,16.755721997469664,0.047148962039500475,0.45225099893286824,0.5017310031689703,16.7538890382275
2360,39.6784832419944,16.79323602002114,0.050239963456988335,1.894382992759347,1.9572239834815264,16.738985024858266
2361,39.69522751797922,16.74427598481998,0.05543098086491227,0.379747012630105,0.4383240011520684,16.73026999924332
2362,39.71196206996683,16.734551987610757,0.05187396891415119,0.4978630458936095,0.5524580483324826,16.723553999327123
2363,39.728689624986146,16.727555019315332,0.05072599742561579,2.0268079824745655,2.080122008919716,16.730673029087484
2364,39.745424298977014,16.734673990868032,0.050570000894367695,0.47167198499664664,0.5251850234344602,16.806368017569184
2365,39.762234326975886,16.8100279988721,0.04846503725275397,0.40768098551779985,0.45853102346882224,16.694003017619252
2366,39.77893094398314,16.696617007255554,0.03849796485155821,1.9075380405411124,1.947901037055999,16.75309200072661
2367,39.79569688800257,16.76594401942566,0.03162398934364319,0.5351080326363444,0.5738270119763911,16.72764599788934
2368,39.81242711201776,16.730224015191197,0.026986992452293634,0.5230980459600687,0.5513119976967573,16.733058961108327
2369,39.829164005990606,16.73689397284761,0.05194696132093668,0.49785501323640347,0.5524349980987608,16.73092000419274
2370,39.84589902200969,16.73501601908356,0.05174102261662483,0.3851720248349011,0.4395740106701851,16.735451004933566
2371,39.862638194987085,16.739172977395356,0.04751398228108883,0.4384930361993611,0.488442019559443,16.731594980228692
2372,39.87937213701662,16.733942029532045,0.03353203646838665,2.046247012913227,2.081351005472243,16.72314398456365
2373,39.89609794400167,16.72580698505044,0.03208802081644535,0.33774098847061396,0.3712499747052789,16.748534981161356
2374,39.9128650460043,16.767102002631873,0.08010497549548745,0.4172010230831802,0.5089259939268231,16.741477011237293
2375,39.929620413982775,16.755367978475988,0.05024898564442992,2.128805033862591,2.1817110246047378,16.729536990169436
2376,39.94635245099198,16.73203700920567,0.033706019166857004,0.35087502328678966,0.3865340258926153,16.729914990719408
2377,39.96308580401819,16.73335302621126,0.04546699346974492,0.5308829713612795,0.5803199601359665,16.73001196468249
2378,39.97981838497799,16.732580959796906,0.033630989491939545,1.9377089920453727,1.9729260238818824,16.730169008951634
2379,39.99655195401283,16.73356903484091,0.04825199721381068,0.52849599160254,0.57901197578758,16.73096197191626
2380,40.01328525901772,16.733305004891008,0.03498903242871165,1.993546960875392,2.03016895102337,16.73002098686993
2381,40.03001750801923,16.732249001506716,0.027232046704739332,0.33420295221731067,0.36265194648876786,16.730732982978225
2382,40.04675076797139,16.73325995216146,0.03643200034275651,0.3998560132458806,0.4379670135676861,16.728500020690262
2383,40.0634831149946,16.732347023207694,0.0462029711343348,2.2369250073097646,2.285345981363207,16.738170001190156
2384,40.08022479398642,16.741678991820663,0.04669197369366884,0.5778970080427825,0.626878987532109,16.728244023397565
2385,40.09695594897494,16.731154988519847,0.036904995795339346,0.35146198933944106,0.3902059979736805,16.913650033529848
2386,40.1138750470127,16.919098037760705,0.05529099144041538,2.2753149969503284,2.3338369792327285,16.728279006201774
2387,40.13060641800985,16.731370997149497,0.033483956940472126,0.32995303627103567,0.36511599319055676,16.728331975173205
2388,40.14733723201789,16.730814008042216,0.03111804835498333,0.34852197859436274,0.3813569783233106,16.731176001485437
2389,40.16407255001832,16.73531800042838,0.049337977543473244,0.5031000473536551,0.5548140034079552,16.727131966035813
2390,40.18080359697342,16.731046955101192,0.047603040002286434,0.6741429679095745,0.7241929997690022,16.743448039051145
2391,40.19755109597463,16.747499001212418,0.047555018682032824,0.39874896174296737,0.44879800407215953,16.729740018490702
2392,40.21428485098295,16.73375500831753,0.05040504038333893,1.924243988469243,1.9771740189753473,16.735958983190358
2393,40.23102470597951,16.73985499655828,0.049683963879942894,0.435908033978194,0.4880790365859866,16.735915036406368
2394,40.24776433699299,16.739631013479084,0.04662899300456047,0.3943540505133569,0.44337002327665687,16.73196197953075
2395,40.26450043398654,16.736096993554384,0.05210295785218477,0.5250530084595084,0.5796889890916646,16.74207899486646
2396,40.28124750597635,16.747071989811957,0.051099981646984816,0.5999710410833359,0.6539610330946743,16.735965036787093
2397,40.29798759100959,16.74008503323421,0.050178030505776405,0.6585539667867124,0.7113529718481004,16.731605981476605
2398,40.31472298200242,16.735390992835164,0.04759401781484485,0.4555840278044343,0.5055770161561668,16.734963981434703
2399,40.331477875995915,16.75489399349317,0.06589997792616487,0.5211730021983385,0.6001979927532375,16.72929199412465
2400,40.348211032978725,16.733156982809305,0.04766101483255625,0.40569400880485773,0.45604503247886896,16.7309149983339
2401,40.36494592297822,16.734889999497682,0.05008600419387221,0.532673962879926,0.5852089961990714,16.74715499393642
2402,40.381706642976496,16.760719998274,0.047313980758190155,0.41967997094616294,0.47632999485358596,16.728263988625258
2403,40.3984374619904,16.730819013901055,0.030107039492577314,0.3465479821898043,0.3779969993047416,16.728996008168906
2404,40.41516919998685,16.731737996451557,0.03467104397714138,0.3751009935513139,0.4113190225325525,16.729931987356395
2405,40.43190278101247,16.73358102561906,0.046320026740431786,0.39758702041581273,0.4461740027181804,16.740820952691138
2406,40.44864618201973,16.743401007261127,0.036675017327070236,0.46459195436909795,0.5029699532315135,16.730084957089275
2407,40.465379738016054,16.733555996324867,0.04344701301306486,0.3558280295692384,0.4014470032416284,16.783480998128653
2408,40.482168062997516,16.78832498146221,0.05132000660523772,0.4756110138259828,0.5298639880493283,16.73106400994584
2409,40.49890323600266,16.735173005145043,0.05020498065277934,0.38848305121064186,0.4412800190038979,16.750811017118394
2410,40.515657691983506,16.754455980844796,0.04904798697680235,0.46127301175147295,0.5128560005687177,16.73979201586917
2411,40.53240241698222,16.744724998716265,0.04902295768260956,0.3687600255943835,0.420660013332963,16.695272002834827
2412,40.54910140100401,16.6989840217866,0.047855020966380835,0.5738260224461555,0.6242910167202353,16.731951967813075
2413,40.565836853988,16.735452983994037,0.04800298484042287,0.5911730113439262,0.6415339885279536,16.735567012801766
2414,40.58257621299708,16.739359009079635,0.04938000347465277,0.5200839950703084,0.5720119806937873,16.751502000261098
2415,40.59933163196547,16.755418968386948,0.047873996663838625,0.5558620323427022,0.6062140455469489,16.73138700425625
2416,40.616066852002405,16.73522003693506,0.0494479900225997,0.4284540191292763,0.48042600974440575,16.732206975575536
2417,40.63280274101999,16.73588901758194,0.047820969484746456,0.3870110376738012,0.4373469855636358,16.73070597462356
2418,40.64953726599924,16.734524979256094,0.0472770188935101,0.3748249728232622,0.4244319861754775,16.782024002168328
2419,40.66632352099987,16.786255000624806,0.05331600550562143,0.5253570270724595,0.5814150208607316,16.74130599712953
2420,40.68306880100863,16.745280008763075,0.05220802268013358,0.4248470067977905,0.4796430002897978,16.729920986108482
2421,40.699803814990446,16.735013981815428,0.050640024710446596,0.38707698695361614,0.44059898937121034,16.73140103230253
2422,40.716539293003734,16.73547801328823,0.050547008868306875,0.3793640062212944,0.4325920017436147,16.729027964174747
2423,40.73327345598955,16.734162985812873,0.051920011173933744,0.36847201408818364,0.42324402602389455,16.94474503165111
2424,40.75022409699159,16.950641002040356,0.051291019190102816,0.4816559958271682,0.5358930211514235,16.73528301762417
2425,40.76696340198396,16.739304992370307,0.04986097337678075,0.5739600164815784,0.6264710100367665,16.735284007154405
2426,40.78370243299287,16.739031008910388,0.05308096297085285,0.3483520122244954,0.40387699846178293,16.736170975491405
2427,40.80045829899609,16.755866003222764,0.06617401959374547,0.5282189813442528,0.607374997343868,16.72980299917981
2428,40.817190732981544,16.7324339854531,0.03332103369757533,0.5468149902299047,0.5818050121888518,16.731536015868187
2429,40.83392611297313,16.73537999158725,0.05207298090681434,0.39039901457726955,0.4452640423551202,16.7353970464319
2430,40.85066400497453,16.737892001401633,0.03661902155727148,0.3257070202380419,0.36403804551810026,16.729871043935418
2431,40.867397725989576,16.733721015043557,0.047407986130565405,0.6064869812689722,0.656394986435771,16.699771978892386
2432,40.88410009996733,16.70237397775054,0.032558979000896215,0.3393199876882136,0.3733860212378204,16.807721054647118
2433,40.900917367020156,16.817267052829266,0.029094982892274857,0.4330520168878138,0.4637489910237491,16.732798947487026
2434,40.917653864016756,16.73649699660018,0.046309956815093756,0.4353920230641961,0.4840429755859077,16.731320996768773
2435,40.93438766698819,16.733802971430123,0.035191013012081385,0.376156996935606,0.4129389999434352,16.7090889881365
2436,40.951099116005935,16.711449017748237,0.03127800300717354,0.34164299722760916,0.37471397081390023,16.733474971260875
2437,40.967836318013724,16.737202007789165,0.04417297895997763,0.5008759908378124,0.5470679607242346,16.728343965951353
2438,40.98456755897496,16.731240961235017,0.03163103247061372,0.4515839973464608,0.48464402789250016,16.690974007360637
2439,41.00126220297534,16.69464400038123,0.048846995923668146,0.3710040473379195,0.42240903712809086,16.728760034311563
2440,41.01799404696794,16.73184399260208,0.03596802707761526,0.3373500076122582,0.375002040527761,16.729980008676648
2441,41.03472789400257,16.733847034629434,0.05025899736210704,0.35926298005506396,0.41218497790396214,16.72965701436624
2442,41.0514601879986,16.732293996028602,0.031589006539434195,0.5464800051413476,0.5795229808427393,16.699444968253374
2443,41.06816460000118,16.704412002582103,0.051565992180258036,0.6440349970944226,0.6985719664953649,16.905402997508645
2444,41.085074361995794,16.909761994611472,0.05494395736604929,0.7184360292740166,0.776041008066386,16.80347102228552
2445,41.10188285500044,16.808493004646152,0.05135702667757869,0.5450960015878081,0.5993670201860368,16.72951999353245
2446,41.1186162540107,16.733399010263383,0.049452006351202726,1.8879789859056473,1.9399029552005231,16.7293039849028
2447,41.13534981099656,16.733556985855103,0.050201022531837225,0.38328696973621845,0.4360839957371354,16.7354479781352
2448,41.152092820964754,16.74300996819511,0.05246303044259548,0.5447010044008493,0.6003150483593345,16.79658005014062
2449,41.168894638016354,16.801817051600665,0.053378986194729805,2.2165069822221994,2.272921963594854,16.735332959797233
2450,41.185633831017185,16.73919300083071,0.0488869845867157,0.5275949952192605,0.5789839779026806,16.730333969462663
2451,41.20236813498195,16.734303964767605,0.04654802614822984,0.5327399703674018,0.5815679905936122,16.734935983549803
2452,41.2191230179742,16.754882992245257,0.08185603655874729,2.2433619596995413,2.3385779932141304,16.741281026042998
2453,41.235884848982096,16.761831007897854,0.06070395465940237,0.5390950245782733,0.6132940179668367,19.398086005821824
2454,41.25528708798811,19.402239006012678,0.05016103386878967,0.4491159925237298,0.5017410148866475,16.7323779896833
2455,41.27202380500967,16.736717021558434,0.05286600207909942,2.2807749919593334,2.336221979930997,16.731692012399435
2456,41.28875948599307,16.735680983401835,0.04767300561070442,0.4907510010525584,0.5409150035120547,16.73274702625349
2457,41.30549609998707,16.736613993998617,0.04737800918519497,0.481000985018909,0.5307910032570362,16.723897017072886
2458,41.322224344999995,16.7282450129278,0.05201500607654452,2.2056319867260754,2.260443987324834,16.731003997847438
2459,41.33895937097259,16.735025972593576,0.049893977120518684,0.5205960478633642,0.5730840493924916,16.72906504245475
2460,41.35569279897027,16.73342799767852,0.050969014409929514,2.0995630184188485,2.1534660481847823,16.731898998841643
2461,41.372428652015515,16.735853045247495,0.04704296588897705,0.5560870049521327,0.6055329577066004,16.725169960409403
2462,41.38915779598756,16.729143972042948,0.049802998546510935,0.6104220519773662,0.66286203218624,16.724222979974
2463,41.40588968497468,16.731888987123966,0.09983201744034886,2.3349609691649675,2.4409129982814193,17.189320002216846
2464,41.42309065797599,17.20097300130874,0.11817098129540682,0.5240340251475573,0.6486120400950313,16.743604035582393
2465,41.43985677900491,16.7661210289225,0.12561300536617637,0.48070098273456097,0.6219999631866813,16.736442979890853
2466,41.456597968004644,16.741188999731094,0.06305502029135823,2.4486229522153735,2.515036961995065,16.79325196892023
2467,41.473395254986826,16.797286982182413,0.041087972931563854,0.3496150020509958,0.3926290082745254,16.70376502443105
2468,41.49010122497566,16.705969988834113,0.03166298847645521,0.493524014018476,0.5266230436973274,16.739717044401914
2469,41.506843577022664,16.742352047003806,0.03668398130685091,2.2059580078348517,2.2442949702963233,16.731717973016202
2470,41.52357815700816,16.734579985495657,0.04357303259894252,0.3334329812787473,0.3789369948208332,16.733260999899358
2471,41.54031456197845,16.736404970288277,0.04144199192523956,0.3394260420463979,0.38295803824439645,16.73472998663783
2472,41.55706632899819,16.751767019741237,0.06715295603498816,2.245802024845034,2.3260400048457086,16.736491990741342
2473,41.57381865399657,16.752324998378754,0.059350975789129734,0.5530720227397978,0.6230860017240047,16.730118019040674
2474,41.590552310983185,16.733656986616552,0.047223991714417934,0.3677639761008322,0.41726999916136265,16.73009799560532
2475,41.60728504497092,16.732733987737447,0.03571802517399192,2.0200799917802215,2.0575220114551485,16.72936201794073
2476,41.62401728000259,16.732235031668097,0.0806450261734426,0.355080992449075,0.43710600584745407,16.728779999539256
2477,41.64074856298976,16.731282987166196,0.02604199107736349,0.4064139793626964,0.4335929988883436,16.73150999704376
2478,41.657483279996086,16.734717006329447,0.04360399907454848,2.114065981004387,2.159738971386105,16.738160979002714
2479,41.67424354999093,16.760269994847476,0.0692199682816863,0.3747119917534292,0.45803998364135623,16.735208977479488
2480,41.69098271499388,16.73916500294581,0.04988396540284157,0.5774440360255539,0.6299230153672397,16.724304005037993
2481,41.707710978982504,16.728263988625258,0.050053989980369806,1.9395489944145083,1.9922020146623254,16.738490026909858
2482,41.72445327800233,16.742299019824713,0.04685297608375549,0.39200601167976856,0.4413760034367442,16.73055998980999
2483,41.74118908197852,16.735803976189345,0.0561139895580709,2.2291470086202025,2.2883680067025125,16.73689001472667
2484,41.75792995997472,16.740877996198833,0.05062099080532789,0.4433880094438791,0.4968830035068095,16.7978520039469
2485,41.774732727964874,16.802767990157008,0.05098804831504822,0.5152759840711951,0.5691380356438458,16.734613047447056
2486,41.79147240502061,16.739677055738866,0.10960700456053019,2.069380017928779,2.181971969548613,16.727286973036826
2487,41.80820347100962,16.73106598900631,0.047160021495074034,0.6037040147930384,0.6533520063385367,16.727152979001403
2488,41.824934382981155,16.730911971535534,0.049062015023082495,0.5104609881527722,0.5620259908027947,16.73681498505175
2489,41.841674930008594,16.74054702743888,0.050125992856919765,2.13793502189219,2.190475002862513,16.744215972721577
2490,41.85842268896522,16.747758956626058,0.04614196950569749,0.4201910342089832,0.4687310429289937,16.728478018194437
2491,41.87515412498033,16.731436015106738,0.03680604277178645,0.5525549640879035,0.5910129984840751,16.744678025133908
2492,41.891935937979724,16.781812999397516,0.05211099050939083,2.286914037540555,2.3478580405935645,16.72910404158756
2493,41.908667790994514,16.73185301478952,0.03357697278261185,0.37502602208405733,0.41037501068785787,16.73104497604072
2494,41.925402238965034,16.734447970520705,0.04584604175761342,0.3717389772646129,0.4198860260657966,16.697010025382042
2495,41.94210162496893,16.69938600389287,0.03604299854487181,2.0204749889671803,2.0581810385920107,16.724629036616534
2496,41.958831001014914,16.72937604598701,0.04837801679968834,0.699995958711952,0.751522951759398,16.731932992115617
2497,41.97556719998829,16.736198973376304,0.04974898183718324,0.5381800001487136,0.5905909929424524,16.72891399357468
2498,41.99230015499052,16.732955002225935,0.0507039949297905,2.2981659858487546,2.351464005187154,16.744901018682867
2499,42.009063666977454,16.763511986937374,0.06289000157266855,0.5619539879262447,0.6373110227286816,16.731775016523898
2500,42.02579939097632,16.73572399886325,0.04713196540251374,0.5527090397663414,0.6023280438967049,16.73115004086867
2501,42.04253439797321,16.735006996896118,0.04855997394770384,2.2730330238118768,2.32408702140674,16.7413130402565
2502,42.059280059009325,16.745661036111414,0.05352398147806525,0.5286760278977454,0.5850250017829239,16.733101976569742
2503,42.0760322510032,16.752191993873566,0.11468800948932767,1.9737809780053794,2.101318968925625,16.733148018829525
2504,42.092769470007624,16.73721900442615,0.0504140043631196,0.37491798866540194,0.42798498179763556,16.73817099072039
2505,42.10951268801,16.743218002375215,0.050874019507318735,0.46554103028029203,0.519232009537518,16.72862295527011
2506,42.12624533800408,16.73264999408275,0.05046097794547677,2.2570579894818366,2.3102149716578424,16.732149990275502
2507,42.14298041496659,16.735076962504536,0.04538201028481126,0.7400750182569027,0.7874130387790501,16.71507302671671
2508,42.15969911898719,16.71870402060449,0.04856096347793937,0.5151670193299651,0.5663710180670023,16.731780022382736
2509,42.17643379699439,16.734678007196635,0.04184100544080138,2.3129889741539955,2.3568099713884294,16.732601972762495
2510,42.19317005301127,16.736256016884,0.046626024413853884,0.5168899660930037,0.565857975743711,16.73394796671346
2511,42.209906484989915,16.73643197864294,0.034672964829951525,0.3635869943536818,0.39988599019125104,16.7287610238418
2512,42.22663750097854,16.731015988625586,0.028014997951686382,0.46449003275483847,0.49380003474652767,16.753395029809326
2513,42.24339407798834,16.75657700980082,0.02672098344191909,0.47988101141527295,0.507907010614872,16.698544030077755
2514,42.26009668200277,16.70260401442647,0.04805601201951504,0.5474179633893073,0.5980319692753255,16.780767997261137
2515,42.27688240999123,16.785727988462895,0.053427007514983416,0.550350989215076,0.6066730129532516,16.731811978388578
2516,42.293617861985695,16.7354519944638,0.04653300857171416,0.36778696812689304,0.4166149883531034,16.723085020203143
2517,42.31034476798959,16.726906003896147,0.04728900967165828,0.5215390119701624,0.571318028960377,16.73480903264135
2518,42.32708321796963,16.73844998003915,0.05141599103808403,0.5457930383272469,0.599609047640115,16.726579051464796
2519,42.34381365397712,16.730436007492244,0.04723900929093361,0.40101801278069615,0.45078102266415954,16.697555023711175
2520,42.36051491397666,16.701259999535978,0.04979199729859829,0.5798839847557247,0.6324410205706954,16.749524045735598
2521,42.37727187399287,16.756960016209632,0.05035300273448229,0.5526950117200613,0.6055510020814836,16.73476299038157
2522,42.39400895498693,16.737080994062126,0.03256899071857333,0.41247898479923606,0.44647499453276396,16.742051986511797
2523,42.4107632219675,16.75426698056981,0.04952296148985624,0.32645202009007335,0.38308603689074516,16.721353051252663
2524,42.42748837900581,16.72515703830868,0.04925299435853958,0.37627603160217404,0.42805500561371446,16.73148397821933
2525,42.44422373501584,16.735356010030955,0.04913198063150048,0.4776070127263665,0.5292479763738811,16.726964968256652
2526,42.46095565799624,16.73192298039794,0.05040602991357446,0.5354919703677297,0.5887449951842427,16.731331998016685
2527,42.47769112297101,16.735464974772185,0.047573004849255085,0.6370460032485425,0.6871400400996208,16.727423993870616
2528,42.49443664500723,16.745522036217153,0.04986603744328022,0.5506220040842891,0.6033210083842278,16.737855970859528
2529,42.51119255099911,16.75590599188581,0.051452021580189466,0.42784796096384525,0.48208096995949745,16.73101697815582
2530,42.527927581977565,16.735030978452414,0.04903995431959629,0.5738510517403483,0.6253780447877944,16.731051029637456
2531,42.54466237098677,16.734789009205997,0.04310300573706627,0.39535999530926347,0.44077099300920963,16.733364027459174
2532,42.56140042596962,16.73805498285219,0.047599023673683405,0.6143120117485523,0.6646280526183546,16.728752001654357
2533,42.578153328970075,16.752903000451624,0.05116104148328304,0.6702980026602745,0.7337400456890464,16.709782008547336
2534,42.59486706298776,16.713734017685056,0.050817965529859066,0.5714390426874161,0.6248900317586958,16.726517002098262
2535,42.611597378971055,16.73031598329544,0.047814042773097754,0.49511698307469487,0.5453720223158598,16.730989038478583
2536,42.628332403022796,16.735024051740766,0.04719302523881197,0.3826119937002659,0.4322939785197377,16.884879965800792
2537,42.64522260200465,16.890198981855065,0.051101960707455873,0.6394750089384615,0.6933609838597476,16.736186982598156
2538,42.66196244698949,16.7398449848406,0.046555011067539454,0.5035179783590138,0.5524349980987608,16.698633029591292
2539,42.67866590199992,16.703455010429025,0.05155301187187433,0.5740989581681788,0.6285199779085815,16.723192995414138
2540,42.695392881985754,16.726979985833168,0.04711200017482042,0.5064340075477958,0.5559410201385617,16.709597024600953
2541,42.71210653701564,16.713655029889196,0.048923015128821135,0.46952697448432446,0.521058973390609,16.731677984353155
2542,42.72884190798504,16.73537096939981,0.04731898661702871,0.49691699678078294,0.5465010181069374,16.725917987059802
2543,42.745571047009435,16.72913902439177,0.04532898310571909,0.4271449870429933,0.47496595652773976,16.731406969483942
2544,42.76230649999343,16.735452983994037,0.049848982598632574,0.5210890085436404,0.5733179859817028,16.78934198571369
2545,42.779101068968885,16.79456897545606,0.05556404357776046,0.5858729709871113,0.6446000188589096,16.730577044654638
2546,42.79583580198232,16.7347330134362,0.04830601392313838,0.5670980317518115,0.6178960320539773,16.731086012441665
2547,42.812570975976996,16.73517399467528,0.05060096736997366,0.4386810469441116,0.49189303535968065,16.73150301212445
2548,42.82930620101979,16.7352250427939,0.04998099757358432,0.44219603296369314,0.4946499830111861,16.727637965232134
2549,42.846038463991135,16.732262971345335,0.05116703687235713,0.5484299617819488,0.6022829911671579,16.85792300850153
2550,42.86290127900429,16.86281501315534,0.04843203350901604,0.5715559818781912,0.6228539859876037,16.741416009608656
2551,42.87965718097985,16.755901975557208,0.050292001105844975,0.6308599840849638,0.6834919913671911,16.73133601434529
2552,42.896390773996245,16.733593016397208,0.0310409814119339,0.368311011698097,0.4008259857073426,16.708881012164056
2553,42.91310403501848,16.713261022232473,0.052845978643745184,0.6638959748670459,0.7196279475465417,16.743690997827798
2554,42.92986351001309,16.75947499461472,0.08120498387143016,0.4875839804299176,0.5787689588032663,16.7415679898113
2555,42.94661768100923,16.754170996136963,0.04610198084264994,0.4308780189603567,0.4795640124939382,16.731759009417146
2556,42.96335199801251,16.73431700328365,0.03497500438243151,0.5016800132580101,0.5383199895732105,16.729658003896475
2557,42.98008424899308,16.732250980567187,0.029434042517095804,0.6596919847652316,0.6904180045239627,16.72894402872771
2558,42.99681710702134,16.732858028262854,0.04974700277671218,0.5630349623970687,0.6153729627840221,16.739668964874
2559,43.01357160601765,16.75449899630621,0.054541975259780884,0.45772199518978596,0.5219999584369361,16.72808895818889
2560,43.0303023160086,16.730709990952164,0.027811969630420208,0.4655839875340462,0.49467396456748247,16.730475006625056
2561,43.04703725501895,16.73493901034817,0.04591100150719285,0.4676959943026304,0.5158449639566243,16.731196956243366
2562,43.063772326975595,16.735071956645697,0.0489509548060596,0.49880798906087875,0.5502229905687273,16.73110999399796
2563,43.08050761796767,16.735290992073715,0.04989502485841513,0.6848589982837439,0.7373980479314923,16.729342052713037
2564,43.09724060998997,16.732992022298276,0.05028099985793233,0.45810703886672854,0.5107960314489901,16.73155400203541
2565,43.1139753080206,16.73469803063199,0.04510302096605301,0.4110399750061333,0.4579209489747882,16.709431947674602
2566,43.130697040993255,16.721732972655445,0.04555395571514964,0.3542469930835068,0.4071429721079767,16.73051598481834
2567,43.1474311890197,16.734148026444018,0.049726979341357946,0.4316529957577586,0.48426096327602863,16.7303669732064
2568,43.16416553099407,16.73434197437018,0.049040012527257204,0.5335599998943508,0.5850560264661908,16.729641996789724
2569,43.180899188970216,16.733657976146787,0.05069200415164232,0.5913819768466055,0.6446680054068565,16.759490012191236
2570,43.197662296006456,16.7631070362404,0.04679098492488265,0.37780002458021045,0.4268549964763224,16.729020979255438
2571,43.21439532900695,16.73303300049156,0.049043039325624704,0.3440540167503059,0.39558601565659046,16.715519013814628
2572,43.231125744001474,16.730414994526654,0.07315201219171286,0.3754329518415034,0.4574519698508084,16.730552015360445
2573,43.247859860013705,16.734116012230515,0.04416599404066801,0.34880597377195954,0.39518397534266114,16.732100979425013
2574,43.264594745007344,16.734884993638843,0.03734702477231622,0.4439199692569673,0.4830139805562794,16.731726995203644
2575,43.28133044496644,16.735699959099293,0.04581996472552419,0.495311978738755,0.5433949991129339,16.82194002205506
2576,43.298157751967665,16.827307001221925,0.05579000571742654,0.5291319685056806,0.5880150129087269,16.73117303289473
2577,43.314891599002294,16.733847034629434,0.035890028811991215,0.3574879956431687,0.3951379912905395,16.74274797551334
2578,43.331638199975714,16.746600973419845,0.05209603114053607,0.47328497748821974,0.5278380122035742,16.732475021854043
2579,43.348389966995455,16.751767019741237,0.077087024692446,0.40267501026391983,0.49662700621411204,16.70687401201576
2580,43.365100283990614,16.71031699515879,0.10906200623139739,0.40395703399553895,0.5149170174263418,16.731458017602563
2581,43.38183398899855,16.733705007936805,0.02850999590009451,0.4760409938171506,0.5059429677203298,16.73553098225966
2582,43.398573161975946,16.739172977395356,0.04692497896030545,0.5683960043825209,0.6177760078571737,16.722514992579818
2583,43.4152997470228,16.72658504685387,0.04968000575900078,0.4741279990412295,0.5263729835860431,16.730736999306828
2584,43.43203437497141,16.73462794860825,0.05425600102171302,0.3954080166295171,0.45217404840514064,16.722241998650134
2585,43.44876050198218,16.726127010770142,0.04692497896030545,0.6003930466249585,0.649747031275183,16.730022034607828
2586,43.46549455297645,16.734050994273275,0.04770699888467789,0.398944946937263,0.44913298916071653,16.72729098936543
2587,43.482226816006005,16.732263029552996,0.05208700895309448,0.41203899309039116,0.4670699709095061,16.76422799937427
2588,43.49899584200466,16.769025998655707,0.051215989515185356,0.5580640281550586,0.6119780009612441,16.73020498128608
2589,43.515730272978544,16.73443097388372,0.048933958169072866,0.39098801789805293,0.44242601143196225,16.729862021747977
2590,43.53246402798686,16.73375500831753,0.04924100358039141,0.49276096979156137,0.5443799891509116,16.732427990064025
2591,43.54920029902132,16.736271034460515,0.05002302350476384,0.3821119898930192,0.4348919610492885,16.866156947799027
2592,43.56607030000305,16.870000981725752,0.05020399112254381,0.6067870417609811,0.659422017633915,16.726788016967475
2593,43.58280116698006,16.730866977013648,0.049619004130363464,0.43172104051336646,0.4839980392716825,16.73555001616478
2594,43.59954138996545,16.740222985390574,0.047501991502940655,0.49102900084108114,0.5412480095401406,16.729512019082904
2595,43.61627493798733,16.733548021875322,0.050333968829363585,0.5960450507700443,0.6489350344054401,16.733883996494114
2596,43.63301260798471,16.73766999738291,0.04735297989100218,0.634277006611228,0.6840199930593371,16.73290500184521
2597,43.6497495190124,16.73691102769226,0.049708993174135685,0.5688469973392785,0.6211029831320047,16.81299100164324
2598,43.66656636999687,16.816850984469056,0.048798974603414536,0.34932501148432493,0.40060299215838313,16.728046990465373
2599,43.68329903000267,16.732660005800426,0.04805601201951504,0.7055069436319172,0.7563309627585113,16.911219980102032
2600,43.700215163000394,16.916132997721434,0.05072099156677723,0.426114012952894,0.47970598097890615,16.94220898207277
2601,43.71718692500144,16.971762001048774,0.057876983191818,0.577004044316709,0.6526120123453438,16.800010984297842
2602,43.73399217898259,16.80525398114696,0.055566022638231516,0.5234050331637263,0.582086038775742,16.727613983675838
2603,43.75072451797314,16.73233899055049,0.04945497494190931,0.9885370382107794,1.0411080438643694,16.729185008443892
2604,43.767458437010646,16.733919037505984,0.04979100776836276,0.5284729995764792,0.5811239825561643,16.737048979848623
2605,43.78422551200492,16.76707499427721,0.06457901326939464,0.6256059859879315,0.7089269929565489,16.91619900520891
2606,43.80114673601929,16.92122401436791,0.05125801544636488,0.6447109626606107,0.6989229586906731,16.733544995076954
2607,43.81788558099652,16.73884497722611,0.05545298336073756,0.4105810075998306,0.46914699487388134,16.73385000322014
2608,43.83462438301649,16.738802019972354,0.05123903974890709,0.5255669821053743,0.5797129706479609,16.850764979608357
2609,43.85149873397313,16.874350956641138,0.09234697790816426,0.4248530021868646,0.53178402595222,16.79959602188319
2610,43.86830792797264,16.809193999506533,0.05220598541200161,0.5481030093505979,0.6032080273143947,16.886640049051493
2611,43.88519943400752,16.891506034880877,0.05160499131307006,0.48756797332316637,0.542319961823523,16.813304973766208
2612,43.902017967018764,16.818533011246473,0.05467800656333566,0.38260198198258877,0.44034497113898396,16.711297968868166
2613,43.91874639998423,16.72843296546489,0.04868401447311044,0.38602203130722046,0.43728703167289495,16.72566798515618
2614,43.935476162005216,16.729762020986527,0.04930503200739622,0.5913719651289284,0.6433979724533856,16.684169007930905
2615,43.95216780499322,16.691642988007516,0.09619200136512518,0.4769429797306657,0.6034600082784891,16.731921990867704
2616,43.968903745000716,16.7359400074929,0.047204026486724615,0.5025800201110542,0.5522050196304917,16.747627989389002
2617,43.98565854097251,16.75479597179219,0.05011202301830053,0.40281901601701975,0.4555270425044,16.73129602568224
2618,44.002393434988335,16.734894015826285,0.04658097168430686,0.45452703488990664,0.5034310161136091,16.706691996660084
2619,44.01910418202169,16.71074703335762,0.05075201625004411,0.5337569746188819,0.5870639579370618,16.76593895535916
2620,44.03588941699127,16.785234969574958,0.047124980483204126,0.4347549984231591,0.4849199904128909,16.725772991776466
2621,44.052619285008404,16.72986801713705,0.05106400931254029,0.5035139620304108,0.5572589579969645,16.72287698602304
2622,44.06934599997476,16.72671496635303,0.049803988076746464,0.3912679967470467,0.44367503141984344,16.79894601693377
2623,44.08614990499336,16.803905018605292,0.051563954912126064,0.3682509995996952,0.42265397496521473,16.787688015028834
2624,44.102942442987114,16.792537993751466,0.0512140104547143,0.253746984526515,0.3078070003539324,16.723073029424995
2625,44.11966955696698,16.72711397986859,0.0500410096719861,0.27455895906314254,0.3271710011176765,16.73092000419274
2626,44.13640439201845,16.73483505146578,0.04789099330082536,0.4256750107742846,0.4760759766213596,16.953640966676176
2627,44.15336273499997,16.958342981524765,0.05197199061512947,0.3100390313193202,0.3649920108728111,16.857435985002667
2628,44.170225145004224,16.862410004250705,0.05118799163028598,0.39877300150692463,0.45285100350156426,16.732720017898828
2629,44.186961637984496,16.736492980271578,0.047549023292958736,0.248330004978925,0.29825803358107805,16.728801012504846
2630,44.20369460899383,16.732971009332687,0.04997500218451023,0.4022630164399743,0.4547580028884113,16.718950995709747
2631,44.22041761298897,16.723003995139152,0.050358998123556376,0.2813089522533119,0.33425597939640284,16.732238000258803
2632,44.23718421097146,16.766597982496023,0.050422968342900276,0.3368330071680248,0.391105015296489,16.730247996747494
2633,44.25391855899943,16.734348027966917,0.04958902718499303,0.33900997368618846,0.3911809762939811,16.73168397974223
2634,44.270654005988035,16.735446988604963,0.0494449632242322,0.24600100005045533,0.29792397981509566,16.731076990254223
2635,44.28738907497609,16.73506898805499,0.05044700810685754,0.3004780155606568,0.3535100258886814,16.707873030100018
2636,44.30410073499661,16.711660020519048,0.046778994146734476,0.37765101296827197,0.426787999458611,16.800426004920155
2637,44.32090640696697,16.80567197035998,0.0554920407012105,0.4432029672898352,0.5017740186303854,16.804394021164626
2638,44.337716403999366,16.809997032396495,0.04777399590238929,0.27278298512101173,0.3229089779779315,16.724158020224422
2639,44.35444425401511,16.72785001574084,0.047945999540388584,0.2872810000553727,0.3379589761607349,16.732035961467773
2640,44.371179742971435,16.73548895632848,0.04709098720923066,0.40592404548078775,0.45536604011431336,16.7334740399383
2641,44.387916734965984,16.73699199454859,0.047995010390877724,0.4780180170200765,0.5283800419420004,16.720487037673593
2642,44.404641013999935,16.72427903395146,0.047342036850750446,0.2987959887832403,0.3486250061541796,16.729559982195497
2643,44.42137447698042,16.733462980482727,0.04977703792974353,0.388484972063452,0.4407190135680139,16.74374198773876
2644,44.438127735978924,16.75325899850577,0.12874696403741837,0.35500904778018594,0.4912980366498232,16.735305020119995
2645,44.454872265981976,16.744530003052205,0.1220910344272852,1.132208970375359,1.2611279962584376,16.734401986468583
2646,44.47161474399036,16.742478008382022,0.1165159628726542,0.3713210462592542,0.4934060270898044,16.73501799814403
2647,44.4883658500039,16.751106013543904,0.10481796925887465,0.2542560105212033,0.37043297197669744,16.737981990445405
2648,44.505122366012074,16.756516008172184,0.08902198169380426,0.3798460238613188,0.48120098654180765,16.729253984522074
2649,44.52185461099725,16.732244985178113,0.029836955945938826,0.3206999972462654,0.3520079771988094,16.728411021176726
2650,44.53858704701997,16.73243602272123,0.04976702621206641,0.2314249868504703,0.2836489584296942,16.726763977203518
2651,44.55531802796759,16.730980947613716,0.0510929967276752,0.23922196123749018,0.293468008749187,16.73390803625807
2652,44.57205591996899,16.737892001401633,0.053476018365472555,0.6476379930973053,0.7036250317469239,16.726379049941897
2653,44.58878635999281,16.730440023820847,0.04998204531148076,0.42108597699552774,0.4736889968626201,16.729646013118327
2654,44.60552006697981,16.733706986997277,0.049904047045856714,0.29753800481557846,0.34999503986909986,16.721735999453813
2655,44.62224573496496,16.72566798515618,0.048435002099722624,0.3646480035968125,0.4155720234848559,16.732681018766016
2656,44.638982167001814,16.7364320368506,0.049322028644382954,0.3528159577399492,0.4045909736305475,16.785676998551935
2657,44.65577256097458,16.79039397276938,0.04816299770027399,0.3009979845955968,0.35182101419195533,16.729872033465654
2658,44.6725063190097,16.733758035115898,0.04746700869873166,0.23011700250208378,0.27999398298561573,16.766994958743453
2659,44.68927856697701,16.77224796731025,0.05071895429864526,0.2700330223888159,0.3238500212319195,16.731597017496824
2660,44.7060141810216,16.735614044591784,0.05055801011621952,0.3829189809039235,0.4361099563539028,16.727558977436274
2661,44.72274630801985,16.73212699824944,0.05178299034014344,0.4258250119164586,0.48028596211224794,16.73814095556736
2662,44.7394893449964,16.743036976549774,0.06772897904738784,0.2949530025944114,0.36674499278888106,17.196492990478873
2663,44.75668949796818,17.20015297178179,0.05037803202867508,0.28008996741846204,0.3332860069349408,16.70973701402545
2664,44.773403079016134,16.713581047952175,0.049547001253813505,0.2771309809759259,0.32908195862546563,16.719657985959202
2665,44.79014309699414,16.740017978008837,0.05794898606836796,0.4446789971552789,0.5159529973752797,16.730868024751544
2666,44.80687816301361,16.735066019464284,0.053311989177018404,0.320032995659858,0.37615199107676744,16.734131961129606
2667,44.82363109302241,16.75293000880629,0.06740697426721454,0.3790810005739331,0.45891397166997194,16.72962395241484
2668,44.840364622010384,16.733528987970203,0.04815595457330346,0.3279870143160224,0.37854997208341956,16.73503400525078
2669,44.85710183298215,16.737210971768945,0.03192300209775567,0.44101098319515586,0.4745559999719262,16.735182027332485
2670,44.87384071899578,16.738886013627052,0.04795100539922714,0.40447997162118554,0.4548479919321835,16.728868999052793
2671,44.89057230798062,16.731588984839618,0.03578001633286476,0.37430902011692524,0.4117970238439739,16.73840801231563
2672,44.907336354022846,16.764046042226255,0.04332599928602576,0.38996600778773427,0.44991698814556,16.74342097248882
2673,44.92409945797408,16.76310395123437,0.048036978114396334,0.21984102204442024,0.2755240420810878,16.73092000419274
2674,44.940833608969115,16.734150995034724,0.042225990910083055,0.251955003477633,0.29620801797136664,16.73118199687451
2675,44.95756741898367,16.733810014557093,0.042854982893913984,0.2661760081537068,0.3115760046057403,16.731209005229175
2676,44.97430163400713,16.73421502346173,0.040162005461752415,0.26161601999774575,0.3037870046682656,16.737644968088716
2677,44.99105083401082,16.749200003687292,0.07552996976301074,0.4250690108165145,0.5089439800940454,16.733563970774412
2678,45.00778625201201,16.735418001189828,0.02632196992635727,0.22423203336074948,0.2518339897505939,16.77422400098294
2679,45.024564246006776,16.777993994764984,0.05029799649491906,0.287007016595453,0.33990497468039393,16.73054596176371
2680,45.04129868198652,16.734435979742557,0.04863098729401827,0.2765689860098064,0.32768899109214544,16.705218004062772
2681,45.05800764198648,16.708959999959916,0.11125195305794477,0.30330801382660866,0.417108996771276,16.735556011553854
2682,45.07474578800611,16.73814601963386,0.03687402931973338,0.24825497530400753,0.2869039890356362,16.731075011193752
2683,45.091479088005144,16.73329999903217,0.030241033528000116,0.22300996351987123,0.25469897082075477,16.73268200829625
2684,45.10821578500327,16.73669699812308,0.050130009185522795,0.2770440187305212,0.32961799297481775,16.889713995624334
2685,45.12511043500854,16.894650005269796,0.05142099689692259,0.39142899913713336,0.4456850001588464,16.734989010728896
2686,45.14184909098549,16.738655976951122,0.04694302333518863,0.29771897243335843,0.3470740048214793,16.729484021198004
2687,45.15858286200091,16.73377101542428,0.05153700476512313,0.34076598240062594,0.3953619743697345,16.77307899808511
2688,45.175378847983666,16.795985982753336,0.0641669612377882,0.39060902781784534,0.46929402742534876,16.71943801920861
2689,45.19210203498369,16.723187000025064,0.09901798330247402,0.4938450292684138,0.5953870131634176,16.802494996227324
2690,45.20890949497698,16.80745999328792,0.05193700781092048,0.2965599996969104,0.35147403832525015,16.733691038098186
2691,45.2256472769659,16.737781988922507,0.04967802669852972,0.2776110195554793,0.3299290547147393,16.730083036236465
2692,45.24238145101117,16.734174045268446,0.047595996875315905,0.42217998998239636,0.47227798495441675,16.716363956220448
2693,45.25910195300821,16.720501997042447,0.05075795343145728,0.560786051210016,0.6141120102256536,16.729107010178268
2694,45.275835200969595,16.733247961383313,0.05318399053066969,0.47298200661316514,0.5287880194373429,16.729688039049506
2695,45.29256898898166,16.733788012061268,0.04998198710381985,0.4219459951855242,0.4745519836433232,16.73058798769489
2696,45.309303439978976,16.734450997319072,0.049527036026120186,0.30518596759065986,0.3572049899958074,16.798202006611973
2697,45.326106512977276,16.803072998300195,0.051754002925008535,0.4324400215409696,0.48703403444960713,16.731896030250937
2698,45.34284213499632,16.73562201904133,0.050160044338554144,0.2667149528861046,0.31936197774484754,16.73109899275005
2699,45.35957716597477,16.735030978452414,0.04800799069926143,0.327548012137413,0.37837104173377156,16.72287000110373
2700,45.37630399997579,16.726834001019597,0.049524009227752686,0.42982795275747776,0.48201699974015355,16.73621399095282
2701,45.39304415998049,16.740160004701465,0.05557300755754113,0.5467359442263842,0.6049409857951105,16.824347025249153
2702,45.40987372800009,16.829568019602448,0.05555700045078993,0.3215799806639552,0.38027699338272214,16.71929599251598
2703,45.42659772298066,16.723994980566204,0.04984199767932296,0.4309610230848193,0.4835260333493352,16.735442040953785
2704,45.4433380899718,16.740366991143674,0.05320197669789195,0.6566409720107913,0.7126849959604442,16.73682901309803
2705,45.460078581993,16.740492021199316,0.054683012422174215,0.3137249732390046,0.37088198587298393,16.72255201265216
2706,45.47680541098816,16.72682899516076,0.04974403418600559,0.3113409620709717,0.3637649933807552,16.73988503171131
2707,45.49356453696964,16.759125981479883,0.060357037000358105,0.3505799686536193,0.4238190012983978,16.722186002880335
2708,45.51029028696939,16.725749999750406,0.046543951611965895,0.3881680313497782,0.43713703053072095,16.77578204544261
2709,45.52707010396989,16.779817000497133,0.0544210197404027,0.3599399933591485,0.4170730244368315,16.730123024899513
2710,45.543804251006804,16.734147036913782,0.04809902748093009,0.2908199676312506,0.3413669764995575,16.73087599920109
2711,45.56053920899285,16.73495798604563,0.04711997462436557,0.3507800283841789,0.4006680101156235,16.727913985960186
2712,45.57727212802274,16.73291902989149,0.050757022108882666,0.31267001759260893,0.3662839881144464,16.800696961581707
2713,45.594078001973685,16.80587395094335,0.057909986935555935,0.45519700506702065,0.5161450244486332,16.746848996262997
2714,45.610843707981985,16.765706008300185,0.0835589598864317,0.2890180330723524,0.385277031455189,16.729752998799086
2715,45.627577495004516,16.733787022531033,0.04805997014045715,0.26526302099227905,0.31571899307891726,16.726516012568027
2716,45.64430890697986,16.73141197534278,0.05134596722200513,0.42443303391337395,0.4786610370501876,16.73598203342408
2717,45.661065840977244,16.756933997385204,0.10312197264283895,0.3136890009045601,0.43209700379520655,16.723201028071344
2718,45.67779315600637,16.727315029129386,0.05014002090319991,0.2729099942371249,0.3256889758631587,16.75944495946169
2719,45.6945566739887,16.763517982326448,0.0498400186188519,0.40480500319972634,0.45725901145488024,16.732510004658252
2720,45.711292871972546,16.73619798384607,0.048923015128821135,0.4046509857289493,0.45597401913255453,16.7988320463337
2721,45.72809663001681,16.803758044261485,0.05182001041248441,0.3066399949602783,0.3613269655033946,16.731396957766265
2722,45.74483070598217,16.734075965359807,0.04295300459489226,0.29615795938298106,0.3414149978198111,16.72790403245017
2723,45.761562353989575,16.731648007407784,0.047192967031151056,0.4463940276764333,0.4960870137438178,17.3172089853324
2724,45.77888355799951,17.321204009931535,0.04861201159656048,0.4713269881904125,0.5225479835644364,16.730943985749036
2725,45.79561826097779,16.734702978283167,0.05237600998952985,0.33783295657485723,0.39271399145945907,16.728924005292356
2726,45.81235123699298,16.732976015191525,0.04717201227322221,0.38122496334835887,0.4306869814172387,16.731598996557295
2727,45.82908824097831,16.737003985326737,0.04888797411695123,0.5567329935729504,0.6081089959479868,16.73006301280111
2728,45.845822433009744,16.73419203143567,0.04944700049236417,0.38449204294010997,0.4364500055089593,16.729774011764675
2729,45.86255490797339,16.732474963646382,0.03936502616852522,0.21420296980068088,0.2554139937274158,16.728822025470436
2730,45.87928782397648,16.732916003093123,0.04937301855534315,0.42950600618496537,0.4813430132344365,16.728650021832436
2731,45.89601941796718,16.731593990698457,0.031907984521239996,0.3269129665568471,0.3603229997679591,16.724750050343573
2732,45.91274803300621,16.728615039028227,0.05004700506106019,0.5387759883888066,0.591304968111217,16.729750961530954
2733,45.92948181601241,16.73378300620243,0.049260968808084726,0.5207079811953008,0.5725759547203779,16.72398700611666
2734,45.94620981201297,16.727996000554413,0.0499519519507885,0.3970350371673703,0.44979999074712396,16.7845799587667
2735,45.962999392009806,16.789579996839166,0.051937997341156006,0.5566489999182522,0.6115019787102938,16.788381966762245
2736,45.97979314200347,16.793749993667006,0.05740497726947069,0.3223730018362403,0.3829089691862464,16.728681977838278
2737,45.996539829007816,16.746687004342675,0.04967598943039775,0.3999670152552426,0.4524089745245874,16.73550996929407
2738,46.013280325976666,16.740496968850493,0.051897019147872925,0.310353992972523,0.365136016625911,16.725848021451384
2739,46.030011211987585,16.730886010918766,0.050830014515668154,0.5176819977350533,0.5713810096494853,16.79365400923416
2740,46.04680880799424,16.797596006654203,0.04944502143189311,0.5736449966207147,0.6255659973248839,16.723386012017727
2741,46.06353594997199,16.72714197775349,0.0476500135846436,0.33241999335587025,0.3825140302069485,16.750876035075635
2742,46.08029076701496,16.754817042965442,0.04858203465119004,0.47233799705281854,0.5235199932940304,16.731284966226667
2743,46.09702598396689,16.735216951929033,0.04674500087276101,0.40805002208799124,0.4573080223053694,16.735113051254302
2744,46.11376488697715,16.73890301026404,0.04811800317838788,0.3401910071261227,0.3907420323230326,16.729538037907332
2745,46.13049819099251,16.733304015360773,0.04930398426949978,0.33505901228636503,0.38687698543071747,16.738686012104154
2746,46.14724189101253,16.74370002001524,0.04915898898616433,0.3439679858274758,0.3963909693993628,16.78496296517551
2747,46.16403173498111,16.78984396858141,0.05438696825876832,0.4038470215164125,0.46111101983115077,16.792292008176446
2748,46.18082887498895,16.797140007838607,0.05071097984910011,0.3556290175765753,0.4092510207556188,16.730880015529692
2749,46.197563666966744,16.734791977796704,0.047175970394164324,0.2824090188369155,0.3320830292068422,16.735563054680824
2750,46.21430304599926,16.73937903251499,0.04773301770910621,0.26045896811410785,0.3106989897787571,16.72975899418816
2751,46.23103663302027,16.733587021008134,0.05141302244737744,0.3527739900164306,0.40672498289495707,16.901807975955307
2752,46.247943722002674,16.907088982407004,0.05033495835959911,0.3430970245972276,0.3963169874623418,16.72871399205178
2753,46.26467628398677,16.732561984099448,0.047667010221630335,0.3167240065522492,0.3668030258268118,16.735354030970484
2754,46.28141531901201,16.73903502523899,0.04667200846597552,0.2313359873369336,0.28041598852723837,16.81938295951113
2755,46.29825744300615,16.842123994138092,0.05132198566570878,0.48784102546051145,0.5423399852588773,16.73000695882365
2756,46.31499168899609,16.734245989937335,0.05007401341572404,0.3310500178486109,0.38373999996110797,16.730175993870944
2757,46.33172580599785,16.73411700176075,0.049201014917343855,0.23948797024786472,0.29115896904841065,16.731248004361987
2758,46.348460918990895,16.73511299304664,0.05113199586048722,0.24458003463223577,0.2984990132972598,16.73102902714163
2759,46.36519597901497,16.73506002407521,0.04909001290798187,0.40683301631361246,0.4584789858199656,16.731424955651164
2760,46.38193142297678,16.735443961806595,0.04948698915541172,0.3719099913723767,0.42395899072289467,16.764720028731972
2761,46.39871833601501,16.786913038231432,0.048632966354489326,0.3341080155223608,0.3872219822369516,16.724368964787573
2762,46.41544704698026,16.728710965253413,0.049519992899149656,0.3208040143363178,0.3729980089701712,16.82526501826942
2763,46.43230224098079,16.855194000527263,0.08275901200249791,0.3851079964078963,0.48715301090851426,16.900423041079193
2764,46.4492149699945,16.912729013711214,0.055796001106500626,0.49152300925925374,0.5505370208993554,16.80570002645254
2765,46.46602588298265,16.81091298814863,0.05451199831441045,0.3711130120791495,0.4288540221750736,16.880501003470272
2766,46.48291614098707,16.89025800442323,0.05423504626378417,0.4018579493276775,0.45922998106107116,16.792998008895665
2767,46.49971437401837,16.79823303129524,0.0556869781576097,0.4195350338704884,0.4783589974977076,16.730479954276234
2768,46.51644976896932,16.735394950956106,0.050498987548053265,0.34161703661084175,0.39511005161330104,16.834133013617247
2769,46.53330166899832,16.85190002899617,0.05075294757261872,0.3688660217449069,0.42267999378964305,16.832554014399648
2770,46.550157198973466,16.855529975146055,0.06429001223295927,0.37522497586905956,0.4555300110951066,16.896824003197253
2771,46.567059196007904,16.901997034437954,0.05911500193178654,0.44276402331888676,0.5050909821875393,16.870405001100153
2772,46.58394435298396,16.88515697605908,0.05495001096278429,0.49631798174232244,0.5543879815377295,16.792457026895136
2773,46.6007421509712,16.797797987237573,0.05482794949784875,0.449884042609483,0.5077760433778167,16.727245005313307
2774,46.61747404700145,16.731896030250937,0.04784099292010069,0.35552302142605186,0.40608400013297796,16.864584991708398
2775,46.63435038598254,16.876338981091976,0.05114101804792881,0.5813820171169937,0.6354040233418345,16.895670036319643
2776,46.65125175798312,16.901372000575066,0.05615199916064739,0.43488299706950784,0.4942259984090924,16.742420033551753
2777,46.667999599012546,16.747841029427946,0.052152026910334826,0.24039496202021837,0.2957359538413584,16.908265999518335
2778,46.68491318897577,16.913589963223785,0.054751988500356674,0.5136899999342859,0.5715870065614581,16.9130020076409
2779,46.70183117099805,16.91798202227801,0.05055201472714543,0.3793449723161757,0.432872970122844,16.86330500524491
2780,46.718723029014654,16.89185801660642,0.05533196963369846,0.2834000042639673,0.3431519726291299,16.7333809658885
2781,46.73546160396654,16.73857495188713,0.05112099461257458,0.43091399129480124,0.4850180121138692,16.733812051825225
2782,46.7522001080215,16.738504054956138,0.05276896990835667,0.5374079919420183,0.5933309439569712,16.787271946668625
2783,46.768993105972186,16.792997950688004,0.09860796853899956,0.6215150351636112,0.7339640287682414,16.742189007345587
2784,46.78574210900115,16.74900302896276,0.07150601595640182,0.28141995426267385,0.356611970346421,16.737775993533432
2785,46.8024855729891,16.743463987950236,0.05618302384391427,0.42671000119298697,0.4862400237470865,16.730982984881848
2786,46.81922142999247,16.735857003368437,0.05070504266768694,0.40699896635487676,0.46052999095991254,16.755648015532643
2787,46.836000270966906,16.778840974438936,0.061439990531653166,0.2683689817786217,0.34461700124666095,16.853013017680496
2788,46.85287666099612,16.876390029210597,0.05137099651619792,0.5647609941661358,0.6214319728314877,16.732343996409327
2789,46.86961412499659,16.737464000470936,0.051337003242224455,0.2576429978944361,0.3119420143775642,16.729467024561018
2790,46.886349176988006,16.735051991418004,0.05211599636822939,2.203624986577779,2.258875989355147,16.783506027422845
2791,46.90313769696513,16.78851997712627,0.05323102232068777,0.3696019994094968,0.42586802737787366,16.88080804888159
2792,46.92002393200528,16.886235040146858,0.054282951168715954,0.4939770442433655,0.5514890071935952,16.78881997941062
2793,46.93681802501669,16.79409301141277,0.051874027121812105,2.2838899749331176,2.3386739776469767,16.831866989377886
2794,46.95366196800023,16.843942983541638,0.04906998947262764,0.33379701199010015,0.38620101986452937,16.726605012081563
2795,46.97039391100407,16.731943003833294,0.05495501682162285,0.4135859780944884,0.4718769923783839,16.74939796794206
2796,46.9871635279851,16.76961698103696,0.05161698209121823,0.46051101526245475,0.5155670223757625,16.789199027698487
2797,47.00395775301149,16.79422502638772,0.0543509959243238,0.3996840096078813,0.4570769960992038,16.758123005274683
2798,47.02072179899551,16.764045984018594,0.050592003390192986,0.26892899768427014,0.32224797178059816,16.73291699262336
2799,47.037459870975,16.738071979489177,0.05116598913446069,0.37578801857307553,0.4299560096114874,16.851319989655167
2800,47.0543341509765,16.874280001502484,0.05403795512393117,0.36881602136418223,0.43746602023020387,16.919216024689376
2801,47.07125985599123,16.92570501472801,0.054748961701989174,0.3858950221911073,0.44374901335686445,16.801711986772716
2802,47.08806643402204,16.80657803080976,0.05520397098734975,0.5294579896144569,0.5875699571333826,16.87126199249178
2803,47.104942751000635,16.87631697859615,0.051239971071481705,0.35754399141296744,0.41177397361025214,16.736776975449175
2804,47.12168455898063,16.741807979997247,0.05181500455364585,0.3981859772466123,0.45290199341252446,16.729453986044973
2805,47.13841934199445,16.734783013816923,0.050802016630768776,0.3549829707480967,0.4088049754500389,16.72601798782125
2806,47.155149983998854,16.730642004404217,0.05093601066619158,0.4913400043733418,0.545385992154479,16.838570998515934
2807,47.172017042990774,16.867058991920203,0.05180196603760123,2.027806011028588,2.0868899882771075,16.798178025055677
2808,47.188820384966675,16.803341975901276,0.05524500738829374,0.49051298992708325,0.5486860172823071,16.7275580461137
2809,47.20555282296846,16.732438001781702,0.05089497426524758,0.4943840322084725,0.5483110435307026,16.728809045162052
2810,47.222286564006936,16.73374103847891,0.052317045629024506,0.37110596895217896,0.4264339804649353,16.794708964880556
2811,47.23908833099995,16.80176699301228,0.05276798037812114,0.5530359921976924,0.6089619710110128,16.832056979183108
2812,47.25592580001103,16.83746901107952,0.054987031035125256,0.5298609612509608,0.5880579701624811,16.73146797111258
2813,47.27266240498284,16.736604971811175,0.05165004404261708,0.39169396040961146,0.44628098839893937,16.923682007472962
2814,47.289590971020516,16.92856603767723,0.048039015382528305,0.5115100066177547,0.562271976377815,16.72797097126022
2815,47.306324023986235,16.733052965719253,0.05186500493437052,0.539747008588165,0.5945700104348361,16.791392001323402
2816,47.3231207029894,16.796679003164172,0.12816302478313446,0.38575800135731697,0.5171690136194229,16.888001991901547
2817,47.34002820396563,16.90750097623095,0.058865000028163195,0.5036629736423492,0.5658710142597556,16.807865002192557
2818,47.35684179799864,16.813594033010304,0.05917798262089491,0.5422509857453406,0.60543097788468,16.728868999052793
2819,47.373575620993506,16.733822994865477,0.05132099613547325,0.4948980058543384,0.5491619813255966,16.829246014822274
2820,47.390428105019964,16.852484026458114,0.05616503767669201,0.34560897620394826,0.4162229597568512,16.863387951161712
2821,47.40730599098606,16.877885966096073,0.051732000429183245,0.528722011949867,0.5834790063090622,16.857646987773478
2822,47.42418340098811,16.877410002052784,0.05455903010442853,0.4252729704603553,0.4830129910260439,16.788031032774597
2823,47.44097682798747,16.793426999356598,0.05286402301862836,0.2530509955249727,0.309046998154372,16.83235401287675
2824,47.45781408500625,16.837257018778473,0.05186599446460605,1.2920430162921548,1.3467699754983187,16.731078969314694
2825,47.47455283300951,16.738748003263026,0.10819098679348826,0.4433849826455116,0.5581139703281224,16.731392010115087
2826,47.49129253800493,16.739704995416105,0.10841700714081526,0.967570987995714,1.081581984180957,16.734451986849308
2827,47.50803197897039,16.7394409654662,0.07268297486007214,0.47172699123620987,0.549154996406287,16.732969030272216
2828,47.524776288017165,16.744309046771377,0.11339201591908932,0.45228598173707724,0.5726099479943514,16.728631977457553
2829,47.54151026997715,16.73398195998743,0.0647149863652885,0.3703139955177903,0.43864501640200615,16.734545992221683
2830,47.55824838398257,16.738114005420357,0.04837202141061425,0.3599689807742834,0.41112100007012486,16.72846602741629
2831,47.57498419500189,16.735811019316316,0.07121299859136343,0.5212739924900234,0.597322010435164,16.736913996282965
2832,47.59172461100388,16.740416001994163,0.04591303877532482,0.4356050048954785,0.48385601257905364,16.727170965168625
2833,47.60845916700782,16.73455600393936,0.06939301965758204,0.5201119929552078,0.5945049924775958,16.728310962207615
2834,47.625192739011254,16.733572003431618,0.0699689844623208,0.3379529807716608,0.41143596172332764,16.738564998377115
2835,47.6419387839851,16.7460449738428,0.06244296673685312,0.4928419948555529,0.560257991310209,16.73363003646955
2836,47.65868040599162,16.74162200652063,0.07383699994534254,0.572621007449925,0.6516919820569456,16.729808994568884
2837,47.67541398701724,16.73358102561906,0.04608201561495662,0.3340819966979325,0.3825399908237159,16.685443988535553
2838,47.69210307201138,16.689084994141012,0.047156005166471004,0.48645801143720746,0.5359060014598072,16.735990007873625
2839,47.70884254499106,16.739472979679704,0.04704500315710902,0.46669901348650455,0.5160170258022845,16.73299999674782
2840,47.72557935497025,16.736809979192913,0.04610896576195955,0.5639020237140357,0.6122320191934705,16.736188030336052
2841,47.74232012097491,16.740766004659235,0.048316025640815496,0.4214639775454998,0.4723910242319107,16.73596102045849
2842,47.7590596320224,16.73951104748994,0.049806025344878435,0.526143005117774,0.5786829860880971,16.776110976934433
2843,47.775844693009276,16.785060986876488,0.07683102739974856,0.710235966835171,0.7926839753054082,16.725013963878155
2844,47.79257347097155,16.728777962271124,0.046735978685319424,0.4501289804466069,0.499201996717602,16.735911020077765
2845,47.809313100995496,16.73963002394885,0.047941983211785555,0.5924769793637097,0.6427569896914065,16.73237100476399
2846,47.82604945497587,16.736353980377316,0.05238497396931052,0.5418880027718842,0.5967449978925288,16.793456044979393
2847,47.84284697397379,16.797518997918814,0.048663001507520676,0.5252280388958752,0.5764880334027112,16.73310500336811
2848,47.859587877988815,16.74090401502326,0.07980800000950694,0.585331057664007,0.6701060337945819,16.723287000786513
2849,47.87631504901219,16.727171023376286,0.047129986342042685,0.3853730158880353,0.4349770024418831,16.73315797233954
2850,47.893053538980894,16.738489968702197,0.07152801845222712,0.39364496478810906,0.46851299703121185,16.74657699186355
2851,47.90980529098306,16.75175200216472,0.04679401172325015,0.6222350057214499,0.6719250231981277,16.729092982131988
2852,47.92653825401794,16.73296303488314,0.0474620028398931,0.9850770002231002,1.03482895065099,16.73931599361822
2853,47.94328153698007,16.743282962124795,0.04652998177334666,0.634050986263901,0.6829070043750107,16.792246024124324
2854,47.96007875201758,16.797215037513524,0.056312012020498514,0.599152990616858,0.6587809766642749,16.72857196535915
2855,47.97681458998704,16.73583796946332,0.0742949778214097,0.3778589889407158,0.4569099983200431,16.746085020713508
2856,47.99357109301491,16.7565030278638,0.046689005102962255,0.5273310234770179,0.5763689987361431,16.731695970520377
2857,48.01030667399755,16.735580982640386,0.04965299740433693,0.517405045684427,0.5695560248568654,16.729452006984502
2858,48.027040212007705,16.733538010157645,0.053174037020653486,0.5075099761597812,0.5630169762298465,17.0612059882842
2859,48.04410410299897,17.063890991266817,0.04139397060498595,1.0706190369091928,1.113969017751515,16.723615990485996
2860,48.0608298269799,16.725723980925977,0.02832902828231454,0.682998972479254,0.7128079887479544,16.721738036721945
2861,48.07755326497136,16.723437991458923,0.026907946448773146,1.199541031382978,1.2276950292289257,16.721952008083463
2862,48.09427711396711,16.723848995752633,0.026991008780896664,0.5558910197578371,0.5841860547661781,16.72523404704407
2863,48.1110041619977,16.727048030588776,0.025563989765942097,0.853091012686491,0.8798930211924016,16.726267989724874
2864,48.127732797001954,16.72863500425592,0.03336300142109394,0.5024909623898566,0.5383319803513587,16.72338100615889
2865,48.14445801300462,16.725216002669185,0.026191002689301968,0.45904796570539474,0.4864339716732502,16.724029963370413
2866,48.16118374397047,16.725730965845287,0.025450019165873528,1.03262800257653,1.0600400273688138,18.05017504375428
2867,48.17923578701448,18.052043044008315,0.026817957405000925,0.9341840050183237,0.9625969687476754,16.72297896584496
2868,48.19596044998616,16.724662971682847,0.02579804277047515,1.1480699758976698,1.1751200072467327,16.812449030112475
2869,48.2127828039811,16.822353994939476,0.09542604675516486,0.6344419671222568,0.7361850002780557,16.759210033342242
2870,48.229551060008816,16.768256027717143,0.05902000702917576,0.6771989865228534,0.7418619934469461,16.816426010336727
2871,48.24637778097531,16.82672096649185,0.06283499533310533,0.8369800052605569,0.9055410046130419,16.80952002061531
2872,48.2631965400069,16.8187590315938,0.06301101529970765,0.7190709584392607,0.7878709584474564,16.806845960672945
2873,48.28001473500626,16.818194999359548,0.07509795250371099,0.6816370296292007,0.7636949885636568,16.848119965288788
2874,48.296873639978,16.85890497174114,0.06929703522473574,0.5719419568777084,0.6480099982582033,16.852748987730592
2875,48.313735617964994,16.861977986991405,0.06220000796020031,0.4766720230691135,0.5446580471470952,16.799093049485236
2876,48.33054392901249,16.808311047498137,0.0673930044285953,0.5400379886850715,0.6131419795565307,16.734768985770643
2877,48.34728439099854,16.740461986046284,0.05234096897765994,0.5377220222726464,0.5936360103078187,16.819579992443323
2878,48.36411482997937,16.830438980832696,0.07172697223722935,0.4640740226022899,0.5425760173238814,16.742765030357987
2879,48.38086212199414,16.74729201477021,0.04829699173569679,0.9413440129719675,0.9924499900080264,16.811463981866837
2880,48.39768446201924,16.822340025100857,0.07758603896945715,0.4905909881927073,0.5749419797211885,16.862778982613236
2881,48.414558211981785,16.873749962542206,0.06444304017350078,0.5296460003592074,0.6007840274833143,16.727673006244004
2882,48.43129077000776,16.732558025978506,0.05230598617345095,0.7272880175150931,0.7825189968571067,16.81193901458755
2883,48.44811359397136,16.82282396359369,0.09128201054409146,0.5411269958131015,0.6391490460373461,16.820746997836977
2884,48.46494576596888,16.832171997521073,0.07797899888828397,0.38695300463587046,0.4718460259027779,16.79755304940045
2885,48.481753643020056,16.807877051178366,0.07894000736996531,0.681652978528291,0.7663619471713901,16.81500195991248
2886,48.49857988196891,16.826238948851824,0.07276097312569618,0.7196850492618978,0.7994600455276668,16.85102202463895
2887,48.51544174196897,16.861860000062734,0.0731089967302978,0.5232010153122246,0.6031080265529454,16.747029032558203
2888,48.53219936299138,16.757621022406965,0.11042098049074411,0.6020619766786695,0.7192739867605269,16.74585900036618
2889,48.54895101196598,16.751648974604905,0.052982999477535486,0.6176049937494099,0.6741010001860559,16.812223009765148
2890,48.56577453901991,16.823527053929865,0.0704660196788609,0.7541149971075356,0.8318069740198553,16.822560981381685
2891,48.58260840998264,16.833870962727815,0.08439994417130947,0.6435460527427495,0.7350030355155468,16.72601100290194
2892,48.59933881397592,16.730403993278742,0.04680798156186938,0.74323097942397,0.7926480029709637,16.867927042767406
2893,48.61621745896991,16.878644993994385,0.06586400559172034,0.6731810281053185,0.7453320431523025,16.825244994834065
2894,48.633051946002524,16.834487032610923,0.07455900777131319,0.5859389784745872,0.6661689840257168,16.741629980970174
2895,48.64979835698614,16.746410983614624,0.049856025725603104,0.47323497710749507,0.5258499877527356,16.84850500896573
2896,48.66665821900824,16.85986202210188,0.08087401511147618,0.7393609848804772,0.8272249833680689,16.728190006688237
2897,48.68339077098062,16.73255197238177,0.04721502773463726,0.6687529967166483,0.7186420261859894,16.698449035175145
2898,48.70009135600412,16.700585023500025,0.034540018532425165,1.326833968050778,1.3630149769596756,16.79351896746084
2899,48.71689430100378,16.802944999653846,0.07223297143355012,0.7487750262953341,0.8270239923149347,16.729852999560535
2900,48.73362884501694,16.734544013161212,0.05004298873245716,0.7583809783682227,0.8112499490380287,16.729829949326813
2901,48.75036366400309,16.734818986151367,0.05154695827513933,0.5222800537012517,0.5770790157839656,16.862822987604886
2902,48.767235870007426,16.872206004336476,0.0555590377189219,0.646008993498981,0.7074649911373854,16.81566797196865
2903,48.784060865989886,16.824995982460678,0.07464998634532094,0.48031401820480824,0.560701999347657,16.809742024634033
2904,48.800881557981484,16.820691991597414,0.07158302469179034,0.533276004716754,0.6115820142440498,16.844294033944607
2905,48.81773514300585,16.853585024364293,0.0655759940855205,0.6132579874247313,0.6845289608463645,16.813947004266083
2906,48.83456007897621,16.824935970362276,0.06998004391789436,0.4757989663630724,0.5527960020117462,16.83514000615105
2907,48.85140602797037,16.8459489941597,0.07361202733591199,0.557794002816081,0.6382200517691672,16.787560016382486
2908,48.86820298200473,16.79695403436199,0.06385496817529202,0.460420036688447,0.5301510100252926,16.821678960695863
2909,48.88503623899305,16.8332569883205,0.08725898806005716,0.4436810268089175,0.5381230148486793,16.794861003290862
2910,48.90183618298033,16.79994398728013,0.05473598139360547,0.4403170314617455,0.4982870304957032,16.798436001408845
2911,48.91863957501482,16.80339203448966,0.0509179662913084,0.6182059878483415,0.6721319514326751,16.731076000723988
2912,48.935375808971,16.736233956180513,0.05004496779292822,0.4116839845664799,0.4647820023819804,16.84945001034066
2913,48.952236903016455,16.861094045452774,0.09974197018891573,0.774023006670177,0.8818489732220769,16.809865948744118
2914,48.9690576849971,16.820781980641186,0.1051669823937118,0.5181469605304301,0.6302999681793153,16.713513003196567
2915,48.98578694596654,16.729260969441384,0.04718196578323841,0.23473805049434304,0.29245205223560333,16.733527998439968
2916,49.00253926997539,16.752324008848518,0.06735598435625434,0.22911600535735488,0.30850799521431327,16.729480994399637
2917,49.019272750010714,16.733480035327375,0.0456160050816834,0.3776240046136081,0.4255149979144335,16.731984971556813
2918,49.036023334017955,16.750584007240832,0.0710239983163774,0.3607720136642456,0.4439969779923558,16.731026000343263
2919,49.05275661096675,16.733276948798448,0.03164901863783598,0.3913880209438503,0.42461504926905036,16.762353014200926
2920,49.069537904986646,16.78129401989281,0.08341402281075716,0.2551109646447003,0.35107199801132083,16.736708988901228
2921,49.086278844974004,16.740939987357706,0.04988803993910551,0.45791297452524304,0.5104190204292536,16.77793503040448
2922,49.10306153201964,16.782687045633793,0.05060399416834116,0.2754220040515065,0.3288279986009002,16.736334946472198
2923,49.119815439975355,16.753907955717295,0.057141995057463646,0.2838920336216688,0.35229604691267014,16.730696021113545
2924,49.13654996297555,16.734523000195622,0.04979799268767238,0.317008001729846,0.36922801518812776,16.72934100497514
2925,49.1532832729863,16.733310010749847,0.04967401036992669,0.2758209593594074,0.32840698258951306,16.997808997984976
2926,49.170295602991246,17.012330004945397,0.1817310112528503,0.6802449934184551,0.8712940034456551,16.814426984637976
2927,49.187114821979776,16.819218988530338,0.055220036301761866,0.4089839640073478,0.4669399932026863,16.81573799578473
2928,49.203935340978205,16.82051899842918,0.0543700298294425,0.5895739886909723,0.6468620267696679,16.8010980123654
2929,49.220741107012145,16.805766033940017,0.05397299537435174,0.5402770475484431,0.5970440106466413,16.82569895638153
2930,49.237571514968295,16.83040795614943,0.05458202213048935,0.5706169758923352,0.6279600202105939,16.820504039060324
2931,49.25439684098819,16.825326019898057,0.054285977967083454,0.5322940414771438,0.5894700298085809,16.85665501281619
2932,49.27125819597859,16.86135499039665,0.054236967116594315,0.46234403271228075,0.519458029884845,16.819260024931282
2933,49.288082187995315,16.823992016725242,0.2284310176037252,0.3164029913023114,0.5477090016938746,16.74807001836598
2934,49.30483474797802,16.75255998270586,0.04681100836023688,0.4108319990336895,0.4602760309353471,16.744484019000083
2935,49.321583852986805,16.74910500878468,0.04849198739975691,0.697127019520849,0.748393009416759,16.74950198503211
2936,49.338338055007625,16.75420202082023,0.0493429834023118,0.5246769869700074,0.5767949623987079,16.74149901373312
2937,49.35508409800241,16.74604299478233,0.04871696000918746,0.46544900396838784,0.519901979714632,16.747840971220285
2938,49.3718411619775,16.757063975092024,0.054661009926348925,0.44821295887231827,0.5085089942440391,16.73982199281454
2939,49.38858544296818,16.744280990678817,0.04680996062234044,0.5655720015056431,0.6149910041131079,16.743486048653722
2940,49.4053335019853,16.748059017118067,0.048618006985634565,0.5450559547170997,0.5964789888821542,16.758634010329843
2941,49.42210155498469,16.768052999395877,0.08206703932955861,0.5057969829067588,0.5935080116614699,16.74308202927932
2942,49.43885377101833,16.752216033637524,0.07932703010737896,0.5001269746571779,0.5850389716215432,16.741893952712417
2943,49.45560003898572,16.74626796739176,0.04688202170655131,0.5361639778129756,0.5857410142198205,16.734256001655012
2944,49.472339271975216,16.739232989493757,0.05199300358071923,0.3708650474436581,0.42577204294502735,16.78608503425494
2945,49.489130244008265,16.79097203304991,0.05282799247652292,0.4279009881429374,0.4837309825234115,16.75378601066768
2946,49.50589307496557,16.762830957304686,0.05546101601794362,0.2631890238262713,0.32423704396933317,16.72969601349905
2947,49.52262744598556,16.734371019992977,0.04965497646480799,0.33842900302261114,0.39078801637515426,16.812484012916684
2948,49.53944885998499,16.821413999423385,0.0502259936183691,0.5187439965084195,0.5745660164393485,16.799079021438956
2949,49.556256963987835,16.808104002848268,0.08688302477821708,0.4094129544682801,0.5026109865866601,16.80389599641785
2950,49.57307005400071,16.813090012874454,0.09525299537926912,0.38984499406069517,0.49079698510468006,16.7405329993926
2951,49.58981518197106,16.74512797035277,0.04830898251384497,0.9061730233952403,0.9572380222380161,16.732802032493055
2952,49.606552626006305,16.737444035243243,0.04831003025174141,0.3059229929931462,0.3569819964468479,16.726185975130647
2953,49.62328344897833,16.730822972021997,0.05812797462567687,0.6580880144611001,0.7189220050349832,16.74933102913201
2954,49.64004192198627,16.758473007939756,0.06241298979148269,0.5039279931224883,0.5720389890484512,16.75947103649378
2955,49.656805960985366,16.764038999099284,0.04742603050544858,0.410870008636266,0.46095403376966715,16.749677015468478
2956,49.67356010299409,16.75414200872183,0.046859029680490494,0.3705749986693263,0.4200200201012194,16.73480897443369
2957,49.690299479989335,16.739376995246857,0.05841598613187671,0.5972239887341857,0.6584229995496571,16.73384301830083
2958,49.70703801896889,16.738538979552686,0.05899800453335047,0.4673729999922216,0.5291260313242674,18.32346699666232
2959,49.72536395699717,18.325938028283417,0.04103302489966154,1.2341649853624403,1.2775229988619685,16.999738989397883
2960,49.74237541801995,17.01146102277562,0.09371095802634954,0.5092190112918615,0.6103019695729017,16.836285998579115
2961,49.75922242499655,16.84700697660446,0.05404400872066617,0.5588919739238918,0.6202399963513017,16.84321998618543
2962,49.77607647998957,16.854054993018508,0.07327197818085551,0.5536300013773143,0.6335509824566543,16.790607012808323
2963,49.792876171995886,16.799692006316036,0.06787502206861973,0.42376399505883455,0.49742800183594227,16.7972159688361
2964,49.80968274100451,16.80656900862232,0.06861903239041567,0.47606800217181444,0.5503720021806657,16.72921801218763
2965,49.82641664298717,16.733901982661337,0.049664988182485104,0.5623219767585397,0.6146819796413183,16.76157902693376
2966,49.84318900096696,16.772357979789376,0.08541200077161193,0.38496399065479636,0.4771150415763259,16.810656001325697
2967,49.860008982999716,16.819982032757252,0.06748002488166094,0.42032101191580296,0.4936360055580735,16.839189978782088
2968,49.87685748998774,16.8485069880262,0.06190198473632336,0.430519983638078,0.49800699343904853,16.835817019455135
2969,49.89370265300386,16.845163016114384,0.07578398799523711,0.8950299816206098,0.9765909635461867,16.726172005292028
2970,49.9104310789844,16.72842598054558,0.03672699676826596,0.7258139667101204,0.7644619909115136,16.72128599602729
2971,49.927154598990455,16.72352000605315,0.030562980100512505,1.1231389944441617,1.1551670031622052,16.907181998249143
2972,49.94406349997735,16.90890098689124,0.02772401785477996,1.0214059730060399,1.0504020028747618,16.722413012757897
2973,49.96078775601927,16.7242560419254,0.02923503052443266,1.1115689994767308,1.1424309923313558,16.720004961825907
2974,49.977509455988184,16.721699968911707,0.027214991860091686,0.6637049955315888,0.6921429885551333,16.72586298082024
2975,49.99424271500902,16.733259020838886,0.030283990781754255,0.42997003765776753,0.46158599434420466,17.13635795749724
2976,50.01138095097849,17.13823596946895,0.031184987165033817,0.5643779877573252,0.5968569894321263,16.707017028238624
2977,50.02808963897405,16.708687995560467,0.027752015739679337,0.6668730056844652,0.6958030280657113,16.72364299884066
2978,50.044815318018664,16.725679044611752,0.03262195969000459,1.1093670036643744,1.1434689513407648,16.72258594771847
2979,50.0615395809873,16.72426296863705,0.027282047085464,1.2531649554148316,1.2817109818570316,16.722033033147454
2980,50.078263355011586,16.723774024285376,0.028503010980784893,0.6206340040080249,0.6503440090455115,16.722779953852296
2981,50.09498805197654,16.72469696495682,0.03256101626902819,2.0357960020191967,2.070309012196958,16.72239799518138
2982,50.11171214899514,16.724097018595785,0.027177040465176105,1.2687869602814317,1.297321985475719,16.722474014386535
2983,50.128436246013734,16.724097018595785,0.025806017220020294,0.5253480048850179,0.5523369763977826,16.711502976249903
2984,50.14514934399631,16.713097982574254,0.02673896960914135,1.0728600318543613,1.1010320158675313,17.708688974380493
2985,50.162859825999476,17.71048200316727,0.031633011531084776,2.040634979493916,2.0740149775519967,16.720057989005
2986,50.17958157899557,16.7217529960908,0.0311140320263803,1.1440059752203524,1.1765349772758782,16.722953994758427
2987,50.19630608399166,16.724504996091127,0.02873898483812809,0.5262659979052842,0.5564879975281656,16.72253099968657
2988,50.21303023700602,16.724153014365584,0.02618803409859538,1.2123119668103755,1.2398879625834525,16.72199700260535
2989,50.22975370497443,16.723467968404293,0.024999026209115982,1.3276999816298485,1.353943021968007,16.721944033633918
2990,50.24647717399057,16.72346901614219,0.02611801028251648,0.8189709624275565,0.8463939884677529,16.719622013624758
2991,50.26319817302283,16.720999032258987,0.024412991479039192,1.3013530406169593,1.3269869959913194,16.962445981334895
2992,50.28017140697921,16.973233956377953,0.10146101703867316,0.3801760030910373,0.48848200822249055,16.798525990452617
2993,50.29697242897237,16.801021993160248,0.038228987250477076,1.2426910107024014,1.2829710030928254,16.722613014280796
2994,50.31369675998576,16.724331013392657,0.02990802749991417,0.8565280004404485,0.8877930231392384,16.724165005143732
2995,50.33042261801893,16.72585803316906,0.02647005021572113,0.3876529517583549,0.41535095078870654,17.394671973306686
2996,50.34781914600171,17.396527982782573,0.0298519735224545,0.5477190134115517,0.5791549920104444,16.723403008654714
2997,50.36454447597498,16.725329973269254,0.02888601738959551,0.8767739636823535,0.9070149972103536,16.722996020689607
2998,50.38126935600303,16.724880028050393,0.03033998655155301,2.3266500211320817,2.358347992412746,17.789264966268092
2999,50.39906008099206,17.790724989026785,0.024729000870138407,1.11204304266721,1.1378420167602599,16.723121982067823
3000,50.41578484798083,16.7247669887729,0.0263929832726717,0.6756340153515339,0.703185040038079,16.70875900890678
3001,50.43249533197377,16.710483992937952,0.025851011741906404,0.513254024554044,0.5402840324677527,16.72404201235622
3002,50.449221200018656,16.725868044886738,0.025860965251922607,1.0953390155918896,1.1226119822822511,16.811203968245536
3003,50.466043717984576,16.82251796592027,0.079659977927804,1.7440799856558442,1.8310529994778335,17.176744993776083
3004,50.48323198599974,17.188268015161157,0.08496298687532544,0.8391899755224586,0.9311059839092195,16.727873007766902
3005,50.49996594397817,16.733957978431135,0.07114303298294544,0.4945860127918422,0.5693440325558186,17.4188120290637
3006,50.51739686902147,17.430925043299794,0.10253599612042308,0.4322899621911347,0.5437059444375336,16.842630982864648
3007,50.53425689501455,16.860025993082672,0.1257069525308907,0.8684570202603936,1.0070899734273553,16.795115952845663
3008,50.551058490003925,16.80159498937428,0.08665502537041903,0.5024929996579885,0.5944750155322254,16.803531965706497
3009,50.567866863973904,16.808373969979584,0.05157600389793515,0.5519529804587364,0.6064280169084668,16.72875403892249
3010,50.584600322996266,16.733459022361785,0.07290404755622149,0.38203096482902765,0.4577449872158468,16.72684302320704
3011,50.6013317600009,16.731437004636973,0.04772900138050318,0.4351329989731312,0.48567098565399647,16.818058968055993
3012,50.61816083098529,16.829070984385908,0.07816805737093091,0.4663049476221204,0.5511519848369062,16.794822993688285
3013,50.63496525597293,16.804424987640232,0.06330502219498158,0.39875495713204145,0.46786200255155563,16.805151011794806
3014,50.65177992300596,16.814667033031583,0.06397702964022756,0.5953889922238886,0.6652059964835644,16.72787801362574
3015,50.66851271199994,16.73278899397701,0.05106400931254029,0.3516190336085856,0.40556001476943493,16.74409897532314
3016,50.68526535696583,16.752644965890795,0.05380797665566206,0.3559319884516299,0.4128440050408244,16.796151001472026
3017,50.70206667500315,16.801318037323654,0.05685701034963131,0.4775419947691262,0.5374529864639044,16.792092996183783
3018,50.71886813297169,16.80145796854049,0.06732804467901587,0.42553298408165574,0.49864302854985,16.72433502972126
3019,50.735597533988766,16.729401017073542,0.05011499160900712,0.27458101976662874,0.32761599868535995,16.729035996831954
3020,50.752332199015655,16.73466502688825,0.05904200952500105,0.39279996417462826,0.4557399661280215,16.85091998660937
3021,50.76919509097934,16.86289196368307,0.06259704241529107,0.3805980086326599,0.45037904055789113,16.73317502718419
3022,50.78593284601811,16.737755038775504,0.05124998278915882,0.5405830452218652,0.5946549936197698,16.830337001010776
3023,50.80276838300051,16.83553698239848,0.05513394717127085,0.29317702865228057,0.3514059935696423,16.73185301478952
3024,50.81950515601784,16.736773017328233,0.05146703915670514,0.25490601547062397,0.3092300030402839,16.75051695201546
3025,50.83626156998798,16.756413970142603,0.07234100485220551,0.32125896541401744,0.3979019820690155,16.79025503108278
3026,50.85305724997306,16.795679985079914,0.1095120096579194,0.409186992328614,0.5219060112722218,16.73251501051709
3027,50.86979506601347,16.73781604040414,0.055428012274205685,0.22613198962062597,0.28460897738114,16.733131953515112
3028,50.88653322000755,16.738153994083405,0.05005102138966322,0.2474569482728839,0.3004719619639218,16.731132986024022
3029,50.903269696980715,16.736476973164827,0.05529599729925394,0.5172829842194915,0.575690995901823,16.775486001279205
3030,50.9200503960019,16.780699021182954,0.05845999112352729,0.5580519791692495,0.6196799804456532,16.73273998312652
3031,50.93678810499841,16.73770899651572,0.049942987971007824,0.24020200362429023,0.2930259797722101,16.727717011235654
3032,50.95352109300438,16.732988005969673,0.05772698204964399,0.3791730268858373,0.44062500819563866,16.748088994063437
3033,50.970274213992525,16.753120988141745,0.050637987442314625,0.40578702464699745,0.45925501035526395,16.736776975449175
3034,50.987015513994265,16.741300001740456,0.048498972319066525,0.36904303124174476,0.41995401261374354,16.729596012737602
3035,51.003752123971935,16.736609977670014,0.08550897473469377,0.35926600685343146,0.44930301373824477,16.726111993193626
3036,51.02048234897666,16.730225004721433,0.04884297959506512,0.35341200418770313,0.40483701741322875,16.728395014069974
3037,51.03721509297611,16.732743999455124,0.052586954552680254,0.36909704795107245,0.4245270392857492,16.72513101948425
3038,51.05394435598282,16.729263006709516,0.04978501237928867,0.3466340131126344,0.39900001138448715,16.73364103771746
3039,51.070682339021005,16.7379830381833,0.04892796277999878,0.2650060341693461,0.3165139933116734,16.722895961720496
3040,51.08740938297706,16.727043956052512,0.04964799154549837,0.3736349754035473,0.4258980043232441,16.75793604226783
3041,51.104172663995996,16.76328101893887,0.056145014241337776,0.3296060021966696,0.3887650091201067,16.72963600140065
3042,51.12090637098299,16.733706986997277,0.049053982365876436,0.3602420329116285,0.4119190271012485,16.74218801781535
3043,51.1376561789657,16.749807982705534,0.06314698839560151,0.28716103406623006,0.3550530527718365,16.719481034670025
3044,51.154379742976744,16.7235640110448,0.04801800241693854,0.25777099654078484,0.30857801903039217,16.723273030947894
3045,51.171106844965834,16.727101989090443,0.04638300742954016,0.3844579914584756,0.43332803761586547,16.73030003439635
3046,51.18784130201675,16.734457050915807,0.04661100683733821,0.5201679887250066,0.5693669663742185,16.73129398841411
3047,51.204576742020436,16.735440003685653,0.04928401904180646,0.2598809660412371,0.3117869491688907,16.72618294833228
3048,51.2213076960179,16.730953997466713,0.04765501944348216,0.3417629632167518,0.3920609597116709,17.2071119886823
3049,51.238517084973864,17.209388955961913,0.03628898411989212,0.558761996217072,0.5967480246908963,16.722528031095862
3050,51.25524198799394,16.724903020076454,0.03718899097293615,0.3088059602305293,0.34793297527357936,18.09008198324591
3051,51.27333657298004,18.094584986101836,0.05156098632141948,0.24928501807153225,0.3035420086234808,17.08696101559326
3052,51.29042633296922,17.089759989175946,0.044545973651111126,0.32661802833899856,0.3732340410351753,16.72403101110831
3053,51.307153007015586,16.726674046367407,0.042233034037053585,1.0149499867111444,1.0591709869913757,16.72291796421632
3054,51.32387811597437,16.725108958780766,0.03552500857040286,0.24336896603927016,0.2804480027407408,16.721643041819334
3055,51.34060234198114,16.72422600677237,0.04308304050937295,0.2589239738881588,0.304193003103137,16.723187000025064
3056,51.35732808802277,16.725746041629463,0.042417028453201056,0.2999660209752619,0.34502899507060647,16.7224679607898
3057,51.37405254901387,16.724460991099477,0.031894014682620764,0.3788859467022121,0.41233195224776864,16.72354299807921
3058,51.39077857701341,16.72602799953893,0.03769202157855034,0.37301803240552545,0.412588007748127,16.723427979741246
3059,51.407504289003555,16.72571199014783,0.03907299833372235,0.20244496408849955,0.2432359615340829,16.722658008802682
3060,51.424228793010116,16.724504006560892,0.028890965040773153,0.29588304460048676,0.32613700022920966,16.7226399644278
3061,51.44095384096727,16.725047957152128,0.03911100793629885,0.3206270048394799,0.3616100293584168,16.72251004492864
3062,51.45767824398354,16.724403016269207,0.02814101753756404,0.2965579624287784,0.3259879886172712,16.721840016543865
3063,51.47440188500332,16.72364101978019,0.028417969588190317,0.17941201804205775,0.2090579946525395,16.686065995600075
3064,51.49108994298149,16.688057978171855,0.032557989470660686,0.3515969729050994,0.38563698763027787,17.001213040202856
3065,51.50809343601577,17.003493034280837,0.03873195964843035,0.501668022479862,0.5421789828687906,16.720613988582045
3066,51.524816134013236,16.72269799746573,0.037210993468761444,0.38292602403089404,0.4217789974063635,16.72247296664864
3067,51.54154090798693,16.72477397369221,0.03761897096410394,0.3657280467450619,0.40508602978661656,16.722233034670353
3068,51.55826495902147,16.724051034543663,0.030104012694209814,0.22534799063578248,0.25699997786432505,16.719888953957707
3069,51.57498661702266,16.72165800118819,0.027425994630903006,0.32642099540680647,0.355039956048131,16.719513980206102
3070,51.59170841501327,16.721797990612686,0.08416100172325969,0.19967998377978802,0.28544297674670815,16.724843007978052
3071,51.608435729984194,16.727314970921725,0.039507984183728695,0.3104850184172392,0.35184103762730956,16.719376028049737
3072,51.625157103990205,16.721374006010592,0.029627990443259478,0.30975701520219445,0.3407360054552555,16.72243297798559
3073,51.641881893971004,16.72478998079896,0.03829604247584939,0.327989982906729,0.3680210211314261,16.722297004889697
3074,51.65860599797452,16.724104003515095,0.028197013307362795,0.690029002726078,0.7194860372692347,16.720347048249096
3075,51.6753283800208,16.72238204628229,0.03164296504110098,0.3520340542308986,0.38520200178027153,17.19108095858246
3076,51.692521668970585,17.19328894978389,0.03486900823190808,0.33671397250145674,0.3732300247065723,16.722855041734874
3077,51.70924672001274,16.725051042158157,0.03904302138835192,0.33327797427773476,0.3741519758477807,16.720452986191958
3078,51.72596904000966,16.722319996915758,0.029682996682822704,0.35681400913745165,0.3879109863191843,16.72273996518925
3079,51.74269359197933,16.724551969673485,0.029449001885950565,0.8675990393385291,0.8983890293166041,16.72233600402251
3080,51.75941787898773,16.724287008401006,0.03151997225359082,0.3564140060916543,0.38952298928052187,16.72332698944956
3081,51.77614331501536,16.72543602762744,0.029848015401512384,0.33968198113143444,0.3709959564730525,16.719436971470714
3082,51.79286475997651,16.721444961149246,0.032307987567037344,0.3740910324268043,0.40787202306091785,16.72182499896735
3083,51.809588700009044,16.7239400325343,0.033799035008996725,0.3475099802017212,0.3829409833997488,16.722499975003302
3084,51.826313482015394,16.724782006349415,0.03683503018692136,0.33824099227786064,0.37676998181268573,16.719629988074303
3085,51.84303582197754,16.72233996214345,0.04238303517922759,0.3596299793571234,0.4041030188091099,16.722367028705776
3086,51.85976009897422,16.72427699668333,0.03088201628997922,0.7012019632384181,0.7334990077652037,16.721545020118356
3087,51.87648448802065,16.724389046430588,0.04539400106295943,0.38385100197046995,0.43150800047442317,16.723025997634977
3088,51.893209689005744,16.72520098509267,0.037767982576042414,0.2412530011497438,0.2808179706335068,16.722695960197598
3089,51.90993485000217,16.725160996429622,0.04009396070614457,0.39002002449706197,0.4320089938119054,16.722737986128777
3090,51.92665975197451,16.724901972338557,0.03569101681932807,0.44923601672053337,0.486839038785547,16.72249799594283
3091,51.94338431797223,16.724565997719765,0.033815973438322544,0.3615600289776921,0.3970910329371691,16.706545022316277
3092,51.960092774999794,16.708457027561963,0.0323609565384686,0.24537002900615335,0.27954799588769674,16.72379398951307
3093,51.97681901301257,16.726238012779504,0.03738899249583483,0.3706390270963311,0.4098089993931353,16.720223997253925
3094,51.99354119901545,16.722186002880335,0.03146397648379207,0.5373720196075737,0.5703889764845371,16.721105959732085
3095,52.010264895972796,16.723696957342327,0.04224095027893782,0.33002300187945366,0.37445599446073174,16.723748005460948
3096,52.02699050697265,16.725610999856144,0.031283998396247625,0.2711690030992031,0.3038830473087728,16.722483036573976
3097,52.04371490201447,16.724395041819662,0.028738053515553474,0.2689179964363575,0.2991340006701648,16.89743995666504
3098,52.06061443698127,16.899534966796637,0.030149996746331453,1.139611005783081,1.1712400009855628,17.787527001928538
3099,52.07840389298508,17.78945600381121,0.03390200436115265,0.22420298773795366,0.2596380072645843,16.688568983227015
3100,52.095095482014585,16.69158902950585,0.041714985854923725,2.212025981862098,2.25571496412158,16.80176198715344
3101,52.11190252198139,16.80703996680677,0.058935023844242096,0.2816409687511623,0.34376600524410605,16.720290994271636
3102,52.12862531101564,16.7227890342474,0.037582998629659414,1.9439549650996923,1.983538968488574,16.721010964829475
3103,52.145348231017124,16.722920001484454,0.030960014555603266,0.25544699747115374,0.28790399665012956,16.72310900175944
3104,52.16207352699712,16.72529597999528,0.03855797694995999,0.313048018142581,0.35372201818972826,16.72293897718191
3105,52.178798656968866,16.725129971746355,0.028217968065291643,0.22807298228144646,0.2577819977886975,16.723299049772322
3106,52.19552458001999,16.7259230511263,0.04210002953186631,0.2408740110695362,0.28521299827843904,16.720467945560813
3107,52.2122470579925,16.722477972507477,0.030477007385343313,0.2343480009585619,0.2661700127646327,16.72348502324894
3108,52.22897263901541,16.725581022910774,0.029237999115139246,0.2121279831044376,0.24272495647892356,16.72240498010069
3109,52.24569688597694,16.724246961530298,0.0285350251942873,0.24085899349302053,0.27068203780800104,16.722135012969375
3110,52.26242090301821,16.72401704126969,0.027946021873503923,0.2294449950568378,0.2587679773569107,16.72338997013867
3111,52.27914702700218,16.726123983971775,0.04445202648639679,0.26284396881237626,0.3094269777648151,16.721093968953937
3112,52.29587072401773,16.723697015549988,0.04104699473828077,0.4386029904708266,0.4816579748876393,16.72439300455153
3113,52.31259736401262,16.726639994885772,0.03338698297739029,0.21526700584217906,0.2503549912944436,16.720871964935213
3114,52.32932014297694,16.72277896432206,0.03307795850560069,0.2556300023570657,0.29024999821558595,16.72253099968657
3115,52.34604460600531,16.72446302836761,0.030850002076476812,0.46268204459920526,0.4950090078637004,16.731681011151522
3116,52.362779008981306,16.73440297599882,0.044223968870937824,1.4846620033495128,1.5313029871322215,16.720867017284036
3117,52.37950207199901,16.723063017707318,0.034303986467421055,0.341481005307287,0.3774709766730666,16.722480999305844
3118,52.39622703398345,16.72496198443696,0.038834987208247185,0.34537899773567915,0.3861199948005378,16.720151994377375
3119,52.41294901201036,16.72197802690789,0.027942005544900894,0.2287629758939147,0.25805196492001414,17.191905004438013
3120,52.43014574900735,17.196736996993423,0.05360203795135021,0.4228659672662616,0.47953397734090686,16.8068939819932
3121,52.44695980899269,16.814059985335916,0.03164098598062992,0.361661019269377,0.39490999188274145,16.72298402991146
3122,52.4636845929781,16.724783985409886,0.02758100163191557,1.0666620219126344,1.0956930345855653,17.64461403945461
3123,52.48134067800129,17.656085023190826,0.07937900954857469,0.4755050176754594,0.5622479948215187,16.938872984610498
3124,52.49828187702224,16.94119902094826,0.03859202843159437,0.3447119961492717,0.3851469955407083,16.720330982934684
3125,52.51500435802154,16.722480999305844,0.028174021281301975,0.6343590212054551,0.6639109924435616,17.335457960143685
3126,52.53234749799594,17.3431399744004,0.02588500501587987,0.25119795463979244,0.2783319796435535,16.722592001315206
3127,52.54907186201308,16.724364017136395,0.030075025279074907,0.33964699832722545,0.3710649907588959,17.329379974398762
3128,52.56640287197661,17.331009963527322,0.02439500531181693,0.4122739774174988,0.43768901377916336,16.68830803828314
3129,52.58309267699951,16.689805022906512,0.024501001462340355,0.22579100914299488,0.25141099467873573,16.723278968129307
3130,52.59981844999129,16.725772991776466,0.041619990952312946,0.2628600341267884,0.3064820193685591,16.724354005418718
3131,52.6165445909719,16.72614098060876,0.030194991268217564,0.2562580048106611,0.28782500885427,16.722843050956726
3132,52.633269055979326,16.72446500742808,0.024492968805134296,1.1150360223837197,1.1406430276110768,16.723228036426008
3133,52.64999384700786,16.724791028536856,0.025196000933647156,0.5416969652287662,0.567986979149282,18.20998400216922
3134,52.6682056110003,18.211763992439955,0.02495100488886237,2.112997986841947,2.139140968210995,16.8150530080311
3135,52.685031951987185,16.826340986881405,0.07495295722037554,0.30600803438574076,0.3880250151269138,16.80455100722611
3136,52.7018457929953,16.81384100811556,0.08002202957868576,6.037934974301606,6.1236239853315055,17.20624102745205
3137,52.71905419201357,17.208399018272758,0.03754498902708292,0.3582530189305544,0.3973559942096472,16.723337990697473
3138,52.7357794700074,16.72527799382806,0.029391958378255367,0.252668047323823,0.28331601060926914,16.72261400381103
3139,52.752503803989384,16.724333981983364,0.025536981411278248,0.21593098063021898,0.24279399076476693,16.71947300201282
3140,52.769225070020184,16.721266030799598,0.026864989195019007,0.33805303974077106,0.3661219961941242,16.722724947612733
3141,52.78594991401769,16.724843997508287,0.028481008484959602,0.3183590015396476,0.3484599874354899,16.72376797068864
3142,52.80267577897757,16.72586495988071,0.03868696512654424,0.20165799651294947,0.24213799042627215,16.724265995435417
3143,52.81940229900647,16.72652002889663,0.0344329746440053,0.34209800651296973,0.3781169652938843,16.706646012607962
3144,52.836113608966116,16.711309959646314,0.06732501788064837,0.23594696540385485,0.30659500043839216,16.72524301102385
3145,52.85284153401153,16.72792504541576,0.04136102506890893,1.138519961386919,1.1816119658760726,16.72113500535488
3146,52.8695649059955,16.723371983971447,0.02962100552394986,0.3404140006750822,0.37153897574171424,16.723866981919855
3147,52.88629068701994,16.725781024433672,0.028286012820899487,0.33767399145290256,0.3674639738164842,16.724014945793897
3148,52.903016623982694,16.72593696275726,0.030382012482732534,0.5168939824216068,0.5488049937412143,16.726134985219687
3149,52.91974601097172,16.72938698902726,0.04750897642225027,2.118868986144662,2.1688879933208227,16.726296045817435
3150,52.93647474498721,16.728734015487134,0.03893097164109349,0.3827650216408074,0.4234440275467932,16.724136017728597
3151,52.953201749012806,16.727004025597125,0.03645900869742036,0.19612704636529088,0.23515900829806924,16.72367099672556
3152,52.96992747398326,16.725724970456213,0.02808397402986884,0.4031460266560316,0.4326020134612918,16.724259010516107
3153,52.98665357200662,16.726098023355007,0.029421004001051188,0.19898597383871675,0.2297579776495695,16.72269799746573
3154,53.00337838300038,16.72481099376455,0.027608999516814947,0.5581970326602459,0.5870210006833076,17.943551007192582
3155,53.02133207197767,17.95368897728622,0.06090098759159446,0.33880199771374464,0.4031930002383888,17.119141994044185
3156,53.038453035987914,17.120964010246098,0.029082992114126682,2.1883840090595186,2.218879002612084,16.724416986107826
3157,53.05517946201144,16.726426023524255,0.02674298593774438,0.22781401639804244,0.2557939733378589,16.722403990570456
3158,53.07190357299987,16.724110988434404,0.025062996428459883,0.3803620347753167,0.406573002692312,16.724932997021824
3159,53.08863025001483,16.726677014958113,0.02618599683046341,0.19827898358926177,0.22559997159987688,16.723798995371908
3160,53.10535600001458,16.725749999750406,0.02644601045176387,0.31507399398833513,0.34267199225723743,16.722262953408062
3161,53.12208057200769,16.72457199310884,0.03855099203065038,0.42088195914402604,0.46104995999485254,17.191054997965693
3162,53.13928141898941,17.20084698172286,0.0756529625505209,0.5056810332462192,0.587308022659272,16.84302499052137
3163,53.15613412001403,16.852701024618,0.06505800411105156,0.9890850051306188,1.061140967067331,17.116328002884984
3164,53.173261841002386,17.127720988355577,0.07232202915474772,0.4796370049007237,0.5590940127149224,16.822142992168665
3165,53.190100395993795,16.838554991409183,0.07121404632925987,0.7394019630737603,0.817444990389049,16.85672497842461
3166,53.20696796098491,16.867564991116524,0.0675079645588994,1.341576047707349,1.4158700359985232,17.296898004133254
3167,53.22427579300711,17.307832022197545,0.07620902033522725,1.2096709688194096,1.2926649651490152,16.727279988117516
3168,53.241011948965024,16.73615595791489,0.1464980305172503,0.33862097188830376,0.49301201943308115,16.728511021938175
3169,53.25774829101283,16.73634204780683,0.13859104365110397,0.34117395989596844,0.4870239645242691,16.731459996663034
3170,53.27448578696931,16.737495956476778,0.11837598867714405,0.2884410205297172,0.4136140341870487,16.73115702578798
3171,53.29122108599404,16.73529902473092,0.07021601777523756,0.2763679949566722,0.35074801417067647,16.72368898289278
3172,53.307947410969064,16.72632497502491,0.03414001548662782,0.38960197707638144,0.4252730286680162,16.720416024327278
3173,53.32466975500574,16.722344036679715,0.029101036489009857,0.35179394762963057,0.3820869605988264,16.72311098081991
3174,53.341394637012854,16.724882007110864,0.02677994780242443,0.2043750137090683,0.23240497102960944,16.69705397216603
3175,53.35809358296683,16.698945953976363,0.02895301440730691,0.31129998387768865,0.3419510321691632,16.724408022128046
3176,53.374819896009285,16.72631304245442,0.02626003697514534,1.5018300036899745,1.5292500029318035,16.73594501335174
3177,53.39156124898,16.741352970711887,0.06448599742725492,0.2547599724493921,0.3227359848096967,16.82194700697437
3178,53.40839258499909,16.831336019095033,0.07188902236521244,0.7268429617397487,0.8045639842748642,16.790579014923424
3179,53.42518513899995,16.792554000858217,0.028959009796380997,0.2747990074567497,0.30513800447806716,16.72019698889926
3180,53.441907246015035,16.722107015084475,0.03209704300388694,0.23724196944385767,0.2708889660425484,16.72002096893266
3181,53.458629173983354,16.721927968319505,0.028151029255241156,0.25419495068490505,0.28359098359942436,16.723306034691632
3182,53.47535408398835,16.724910004995763,0.02506800228729844,0.292565964628011,0.31882099574431777,16.722737986128777
3183,53.49207849701634,16.724413027986884,0.02688099630177021,0.32142101554200053,0.3496150020509958,16.72050397610292
3184,53.50880071998108,16.722222964745015,0.026313005946576595,0.32010796712711453,0.34759799018502235,16.72047801548615
3185,53.52552282199031,16.722102009225637,0.024339999072253704,0.18691300647333264,0.21249300334602594,16.721480002161115
3186,53.5422485480085,16.72572601819411,0.07021002238616347,0.2591349766589701,0.33282896038144827,16.726936970371753
3187,53.558980709000025,16.732160991523415,0.09276805212721229,1.9363229512237012,2.034358971286565,16.728492977563292
3188,53.57571556902258,16.73486002255231,0.10276597458869219,0.45113899977877736,0.5588439526036382,16.725738998502493
3189,53.592445385002065,16.729815979488194,0.06482499884441495,0.4882729845121503,0.5563409649766982,16.72482496360317
3190,53.60917256696848,16.727181966416538,0.03321503754705191,0.20823796512559056,0.2429590094834566,16.723631997592747
3191,53.62589809997007,16.72553300159052,0.028409005608409643,0.4435309674590826,0.47337199794128537,16.720501007512212
3192,53.642620439990424,16.722340020351112,0.027739035431295633,0.21308596478775144,0.24209398543462157,16.944620991125703
3193,53.65956693701446,16.946497024036944,0.030400988180190325,1.12674297997728,1.1584399617277086,16.72107499325648
3194,53.676290192990564,16.723255976103246,0.03097602166235447,1.5747700235806406,1.6070760320872068,16.725679975934327
3195,53.69301803497365,16.727841983083636,0.029639981221407652,0.8620379958301783,0.892993004526943,16.725615016184747
3196,53.70974614599254,16.728111018892378,0.03963703056797385,1.8431509961374104,1.8848630134016275,16.72241499181837
3197,53.726470628986135,16.724482993595302,0.02838595537468791,1.2366269947960973,1.2664329842664301,16.72343601239845
3198,53.74319671600824,16.726087022107095,0.04423497011885047,1.1421520030125976,1.1884229606948793,16.741861996706575
3199,53.759940707997885,16.74399198964238,0.03548001404851675,0.7542159873992205,0.7917750044725835,16.722636006306857
3200,53.776665156008676,16.724448010791093,0.032998970709741116,0.8460819954052567,0.8802549564279616,16.723457956686616
3201,53.79339087399421,16.725717985536903,0.02751301508396864,0.9464839822612703,0.9753089980222285,17.84678897820413
3202,53.81123979698168,17.84892298746854,0.03347703022882342,1.2407400063239038,1.2757680378854275,16.723148990422487
3203,53.82796500698896,16.72521000728011,0.02976099494844675,0.4077500198036432,0.4389020032249391,16.71979302773252
3204,53.84468668297632,16.72167598735541,0.028753012884408236,0.35048596328124404,0.3805439919233322,16.723661043215543
3205,53.86141232796945,16.725644993130118,0.028000969905406237,0.35520497476682067,0.38450199645012617,16.679838998243213
3206,53.87809393496718,16.6816069977358,0.028206035494804382,0.42876595398411155,0.45831099851056933,16.72033703653142
3207,53.89481624297332,16.72230800613761,0.028507027309387922,0.3360810223966837,0.36607804941013455,16.724090033676475
3208,53.91154317097971,16.726928006391972,0.03200402716174722,0.39998797001317143,0.4335209960117936,16.72080100979656
3209,53.92826612602221,16.722955042496324,0.02783501986414194,0.41903002420440316,0.44823699863627553,16.722774947993457
3210,53.94499069399899,16.724567976780236,0.031428004149347544,2.613144984934479,2.6459479704499245,17.42857397766784
3211,53.962421261006966,17.430567007977515,0.02876296639442444,0.5597510025836527,0.5901919794268906,16.721386986318976
3212,53.97914424299961,16.722981992643327,0.024732027668505907,0.36244100192561746,0.3883150056935847,17.12559099541977
3213,53.99628079199465,17.136548995040357,0.11087500024586916,0.48068497562780976,0.598334998358041,16.82228600839153
3214,54.01311393000651,16.833138011861593,0.07749296491965652,0.5837019998580217,0.6678539793938398,16.725923982448876
3215,54.02984548301902,16.731553012505174,0.047384994104504585,0.6786610465496778,0.7287469925358891,16.725965950172395
3216,54.04657571297139,16.73022995237261,0.04649802576750517,0.9099989547394216,0.9590520057827234,16.733577009290457
3217,54.06331412500003,16.738412028644234,0.052119954489171505,0.4488820559345186,0.5040310206823051,16.726888017728925
3218,54.08004594297381,16.731817973777652,0.05337403854355216,0.7202339475043118,0.776525994297117,16.84384001418948
3219,54.09690070396755,16.854760993737727,0.09331200271844864,0.7907570106908679,0.8908620220609009,16.765817010309547
3220,54.11367136699846,16.770663030911237,0.05063205026090145,0.6790889892727137,0.7326090126298368,16.72764797694981
3221,54.130403628980275,16.7322619818151,0.0487819779664278,0.4810279933735728,0.5325049860402942,16.775380994658917
3222,54.14718994899886,16.786320018582046,0.10645197471603751,0.6646339897997677,0.778617977630347,16.87848102301359
3223,54.16407091298606,16.880963987205178,0.045877008233219385,0.6804540171287954,0.7283730083145201,16.723759996239096
3224,54.18079669796862,16.725784982554615,0.033028016332536936,1.5119999879971147,1.5466890181414783,16.720394021831453
3225,54.19751993997488,16.723242006264627,0.04294997779652476,0.24339702213183045,0.28842303436249495,16.720990010071546
3226,54.21424330800073,16.723368025850505,0.038181955460458994,0.3253979957662523,0.36546896444633603,16.720344021450728
3227,54.23096566897584,16.72236097510904,0.030305003747344017,0.19864499336108565,0.2303280052728951,16.72380999661982
3228,54.24769148201449,16.725813038647175,0.028954993467777967,0.243095972109586,0.273546960670501,16.72414195491001
3229,54.264417627011426,16.726144996937364,0.028176000341773033,0.40531595004722476,0.43484795605763793,16.675576975103468
3230,54.28109606198268,16.67843497125432,0.04373298725113273,1.02097203489393,1.0670730262063444,17.138244002126157
3231,54.29823922901414,17.143167031463236,0.05100801354274154,0.5859800148755312,0.6400099955499172,16.728212998714298
3232,54.314971936983056,16.73270796891302,0.04790496313944459,0.39487803587689996,0.4455320304259658,16.75459201214835
3233,54.33173566998448,16.763733001425862,0.05401601083576679,0.47075399197638035,0.530329009052366,16.743879998102784
3234,54.34849826199934,16.762592014856637,0.049107009544968605,0.4823560011573136,0.5344980163499713,16.733707976527512
3235,54.365236497018486,16.738235019147396,0.04871404962614179,2.084891952108592,2.1363519481383264,16.73156296601519
3236,54.38197296200087,16.73646498238668,0.05245499778538942,0.36158598959445953,0.41700596921145916,16.74193498911336
3237,54.398719444987364,16.746482986491174,0.048170972149819136,0.36690401611849666,0.41778601007536054,16.728396993130445
3238,54.415452260000166,16.73281501280144,0.0477550202049315,0.36386901047080755,0.4142660181969404,16.78136899136007
3239,54.43224283796735,16.790577967185527,0.0680049997754395,0.32838399056345224,0.40213100146502256,16.740161052439362
3240,54.44898759596981,16.744758002460003,0.04830001853406429,0.4696279647760093,0.5207050126045942,16.740221995860338
3241,54.46573274402181,16.745148051995784,0.049241993110626936,0.693798006977886,0.7458199979737401,16.82332396740094
3242,54.48256522096926,16.8324769474566,0.07472396828234196,0.3048910293728113,0.3852990339510143,16.937346023041755
3243,54.49950525298482,16.940032015554607,0.044050975702703,0.4062100197188556,0.4525490221567452,16.723830020055175
3244,54.51623097201809,16.7257190332748,0.03172003198415041,0.2638789592310786,0.29725395143032074,16.720157000236213
3245,54.53295308398083,16.722111962735653,0.03043498145416379,0.503682007547468,0.5356000037863851,16.72456698725
3246,54.54968175897375,16.728674992918968,0.03163295332342386,0.21710502915084362,0.25095802266150713,16.71963999979198
3247,54.56640338600846,16.721627034712583,0.028434034902602434,0.31206896528601646,0.341850973200053,19.116136012598872
3248,54.58552115899511,19.11777298664674,0.025621033273637295,0.8447309955954552,0.8713940042071044,16.865189012605697
3249,54.60238902101992,16.867862024810165,0.030772003810852766,0.2316899481229484,0.2636129502207041,16.699614992830902
3250,54.619090607971884,16.70158695196733,0.02783600939437747,1.1499720276333392,1.1789860436692834,16.845759004354477
3251,54.635951727977954,16.86112000606954,0.36191800609230995,0.49689499428495765,0.8696240256540477,16.811139008495957
3252,54.65277395397425,16.822225996293128,0.08480797987431288,0.5502720014192164,0.6421729922294617,16.74276904668659
3253,54.66952128300909,16.74732903484255,0.05059101385995746,0.7321820012293756,0.7855480071157217,16.705047979485244
3254,54.68623708299128,16.715799982193857,0.07641804404556751,0.4553679609671235,0.5385199910961092,16.799841017927974
3255,54.703046026988886,16.80894399760291,0.08184596663340926,0.6409070338122547,0.7284500170499086,16.800571989733726
3256,54.71985162497731,16.80559798842296,0.05294795846566558,0.5418520304374397,0.5978210247121751,16.817344003356993
3257,54.736673553008586,16.82192803127691,0.05020800745114684,0.5785489920526743,0.6316479993984103,16.73566095996648
3258,54.753414873965085,16.741320956498384,0.053588009905070066,0.5075130029581487,0.5647370126098394,16.75418100785464
3259,54.77017821400659,16.763340041507035,0.06261398084461689,0.6109150126576424,0.6791760097257793,16.806230996735394
3260,54.78699486097321,16.816646966617554,0.07858301978558302,1.276470022276044,1.3613300397992134,17.22378801787272
3261,54.804223708983045,17.22884800983593,0.05403003888204694,0.5807189736515284,0.6376859964802861,16.83590200264007
3262,54.82107047998579,16.84677100274712,0.10056496830657125,0.6553450366482139,0.7626020233146846,16.802511003334075
3263,54.83787805796601,16.807577980216593,0.053805997595191,0.6476599955931306,0.7044420344755054,16.73375000245869
3264,54.85461647401098,16.738416044972837,0.049144960939884186,0.6598960026167333,0.7119159563444555,16.727613983675838
3265,54.871348579006735,16.732104995753616,0.04893197910860181,0.5139830172993243,0.5657169967889786,16.830772976391017
3266,54.8881901630084,16.841584001667798,0.08935603545978665,0.363564002327621,0.45966700417920947,16.811267007142305
3267,54.90501080901595,16.820646007545292,0.06235699402168393,0.624715001322329,0.6926619680598378,16.823765996377915
3268,54.921841063012835,16.830253996886313,0.06544799543917179,0.7064770325087011,0.7757199928164482,16.72320195939392
3269,54.938567631994374,16.726568981539458,0.04270503995940089,0.34210196463391185,0.3870219807140529,17.100373981520534
3270,54.95567076996667,17.10313797229901,0.03631797153502703,1.0364950285293162,1.075156033039093,16.722041007597
3271,54.97239474201342,16.723972046747804,0.028286012820899487,0.6132669514045119,0.6430719513446093,16.696936974767596
3272,54.98909333301708,16.698591003660113,0.027502013836055994,1.1713799904100597,1.2002039584331214,17.36647798679769
3273,55.00646189798135,17.368564964272082,0.02773798769339919,1.0559509973973036,1.084939984139055,18.338259018491954
3274,55.024801991006825,18.340093025472015,0.026427034754306078,1.1203669710084796,1.1479929671622813,16.724360990338027
3275,55.04152825998608,16.72626897925511,0.02805003896355629,0.5658899899572134,0.595415011048317,16.805501014459878
3276,55.05833575397264,16.807493986561894,0.0257619540207088,2.1231340360827744,2.150082029402256,16.725003020837903
3277,55.07506242900854,16.726675035897642,0.02653297269716859,0.571203010622412,0.5988869816064835,17.196847999002784
3278,55.092271142988466,17.20871397992596,0.08182303281500936,0.5317769828252494,0.6209610146470368,16.932236030697823
3279,55.1092072930187,16.936150030232966,0.05153397796675563,0.5929670296609402,0.6470149965025485,16.731698997318745
3280,55.12594120297581,16.733909957110882,0.03004504833370447,0.4709979984909296,0.5024670390412211,16.74505602568388
3281,55.14269762398908,16.756421013269573,0.057439960073679686,0.5474220379255712,0.6122590275481343,16.738631995394826
3282,55.15945005399408,16.75243000499904,0.02635002601891756,0.3627840196713805,0.3913600230589509,16.744513995945454
3283,55.17619944299804,16.74938900396228,0.05506299203261733,0.5090429913252592,0.5670529790222645,16.738355974666774
3284,55.19295646599494,16.75702299689874,0.04930899012833834,0.40066998917609453,0.45456300722435117,16.804131970275193
3285,55.209765831998084,16.809366003144532,0.05501799751073122,0.4144280101172626,0.47249702038243413,16.73885900527239
3286,55.22650876198895,16.742929990869015,0.05232699913904071,0.36303000524640083,0.4177980008535087,16.73632499296218
3287,55.24325851898175,16.749756992794573,0.05855201743543148,0.9514910052530468,1.0176270152442157,16.751399030908942
3288,55.260021223977674,16.76270499592647,0.06317399675026536,0.4572320031002164,0.5279320175759494,16.81382500100881
3289,55.27684025897179,16.81903499411419,0.056079006753861904,1.4787209802307189,1.5379770193248987,16.733171010855585
3290,55.29359044297598,16.750184004195035,0.06869400385767221,0.24552899412810802,0.3259120276197791,16.728335991501808
3291,55.310321373981424,16.730931005440652,0.028103007934987545,0.3612669534049928,0.39074599044397473,16.744762018788606
3292,55.327069955994375,16.748582012951374,0.05176401464268565,0.28304196894168854,0.3373789950273931,16.729520983062685
3293,55.343803441966884,16.733485972508788,0.05211599636822939,0.26482599787414074,0.31951803248375654,16.732753021642566
3294,55.36053849500604,16.7350530391559,0.03173499135300517,0.2550219651311636,0.2884289715439081,16.72908797627315
3295,55.3772719510016,16.733455995563418,0.05063903518021107,0.5113459774293005,0.564778980333358,16.730830015148968
3296,55.39400661201216,16.73466101055965,0.04733703099191189,0.4282639711163938,0.47782796900719404,16.72903896542266
3297,55.410737972008064,16.731359995901585,0.027870002668350935,0.3448220086283982,0.3739760140888393,16.728865972254425
3298,55.427470848022494,16.732876014430076,0.04766404163092375,0.2917759702540934,0.3418299602344632,16.722278960514814
3299,55.444197139004245,16.726290981750935,0.047155015636235476,0.3684349940158427,0.41815597796812654,16.734540986362845
3300,55.460935538983904,16.738399979658425,0.04942098166793585,0.42051501804962754,0.472413026727736,16.729903989471495
3301,55.47766924300231,16.73370401840657,0.04954001633450389,0.4248529439792037,0.4767999635078013,16.755967983044684
3302,55.494429158978164,16.7599159758538,0.04692800575867295,0.2506410237401724,0.29998301761224866,16.726254019886255
3303,55.51116752700182,16.738368023652583,0.08255499415099621,0.6107799708843231,0.7113419706001878,16.74435200402513
3304,55.52791611402063,16.748587018810213,0.05019200034439564,0.39232702692970634,0.4451079876162112,16.723111970350146
3305,55.54464297398226,16.726859961636364,0.04680996062234044,0.2256770385429263,0.2749850391410291,16.722131986171007
3306,55.56136886996683,16.725895984563977,0.046617991756647825,0.37584302481263876,0.4252440412528813,16.81076904060319
3307,55.578208674967755,16.8398050009273,0.07322098826989532,0.38520299131050706,0.47637103125452995,16.946399002335966
3308,55.59517797199078,16.96929702302441,0.055123993661254644,0.3948120283894241,0.46439102152362466,16.866519988980144
3309,55.612048876995686,16.8709050049074,0.05641498137265444,0.47367700608447194,0.5329250125214458,16.724013024941087
3310,55.62877689499874,16.728018003050238,0.047596986405551434,0.3804130246862769,0.4306670161895454,16.7230439838022
3311,55.645504003972746,16.727108974009752,0.049825001042336226,0.3411860088817775,0.39373303297907114,16.763268038630486
3312,55.66227216401603,16.768160043284297,0.05076098022982478,0.4142500110901892,0.4678969853557646,16.914799984078854
3313,55.67919183598133,16.91967196529731,0.05046400474384427,0.47173904022201896,0.5250900285318494,16.841918986756355
3314,55.69603899901267,16.84716303134337,0.05835294723510742,0.5076780216768384,0.5691549740731716,16.78855699719861
3315,55.712832493009046,16.79349399637431,0.05135801620781422,0.37481699837371707,0.4290919750928879,16.871529980562627
3316,55.72971061099088,16.878117981832474,0.04916702164337039,0.38940698141232133,0.4414549912326038,16.729607013985515
3317,55.746445127995685,16.73451700480655,0.05093304207548499,0.3858190029859543,0.43972302228212357,16.862823977135122
3318,55.76332317298511,16.87804498942569,0.05173799581825733,0.5024219863116741,0.5574679817073047,16.880222014151514
3319,55.780233290977776,16.91011799266562,0.0507869990542531,0.3556099836714566,0.4113970207981765,16.87772700097412
3320,55.79713400796754,16.900716989766806,0.051001959946006536,0.3913469845429063,0.44706399785354733,16.7948940070346
3321,55.813934199977666,16.800192010123283,0.055221025831997395,0.4911459982395172,0.5495860241353512,16.72981498995796
3322,55.83066883601714,16.734636039473116,0.050001952331513166,0.40208903374150395,0.454959983471781,16.734301985707134
3323,55.847408283967525,16.73944795038551,0.05644100019708276,0.4845500225201249,0.5441810353659093,16.89549704315141
3324,55.864320806984324,16.91252301679924,0.05143700400367379,0.5651250248774886,0.6196640315465629,16.7356239981018
3325,55.88106126402272,16.740457038395107,0.05299801705405116,0.40417799027636647,0.4600799875333905,16.856214962899685
3326,55.897926575969905,16.865311947185546,0.05433196201920509,0.4825390060432255,0.540152017492801,16.855006047990173
3327,55.91480482299812,16.87824702821672,0.052307965233922005,0.6356540252454579,0.698991003446281,16.736570978537202
3328,55.931546639010776,16.741816012654454,0.05128904012963176,0.43025100603699684,0.48465700820088387,16.73863996984437
3329,55.94829071802087,16.744079010095447,0.05602801684290171,0.5443799891509116,0.6039679865352809,16.908351972233504
3330,55.965222018014174,16.931299993302673,0.05449302261695266,0.6046380149200559,0.6625420064665377,16.806041006930172
3331,55.982033297012094,16.811278997920454,0.057307013776153326,1.0173619957640767,1.077794993761927,16.786061984021217
3332,55.99882431497099,16.791017958894372,0.05283299833536148,0.3341209958307445,0.3899250295944512,16.73545001540333
3333,56.0155649179942,16.740603023208678,0.05085801240056753,0.5081460112705827,0.5619840230792761,16.733594005927444
3334,56.03230376500869,16.73884701449424,0.053611001931130886,0.5196550046093762,0.5764589877799153,16.79217000491917
3335,56.04910096002277,16.79719501407817,0.05396001506596804,1.2712799943983555,1.3282109866850078,16.92340394947678
3336,56.066029598005116,16.928637982346117,0.05097704706713557,0.5046279984526336,0.5586660117842257,16.7981960112229
3337,56.08283297996968,16.803381964564323,0.055214972235262394,0.44276402331888676,0.501189031638205,16.869996034074575
3338,56.09972314001061,16.890160040929914,0.05587597843259573,0.5035080248489976,0.5627099890261889,16.856729984283447
3339,56.11658540397184,16.862263961229473,0.04811096005141735,0.5361950024962425,0.5870599998161197,16.733967000618577
3340,56.13332427496789,16.738870996050537,0.051336013711988926,0.5692649865522981,0.6236400222405791,16.944634029641747
3341,56.15029757801676,16.973303048871458,0.05043204873800278,0.4659549449570477,0.5298619507811964,16.889253980480134
3342,56.16719202598324,16.894447966478765,0.048241985496133566,0.5197999998927116,0.5707609816454351,16.80259598651901
3343,56.18399952998152,16.80750399827957,0.050664006266742945,0.5297259776853025,0.5832570022903383,16.85925299534574
3344,56.20086365501629,16.86412503477186,0.04966597771272063,0.5975410458631814,0.650044996291399,16.798597003798932
3345,56.217666929005645,16.80327398935333,0.048254034481942654,0.5546679603867233,0.6055879639461637,16.728124988730997
3346,56.234399966022465,16.733037016820163,0.051608949434012175,0.5198170547373593,0.5743229994550347,16.76121196942404
3347,56.251195168995764,16.79520297329873,0.06061600288376212,0.7194069912657142,0.8083040011115372,16.94076001876965
3348,56.26814575801836,16.95058902259916,0.0513380509801209,0.4088239511474967,0.46311895130202174,16.878523980267346
3349,56.28504981799051,16.90405997214839,0.058263016398996115,0.43613900197669864,0.4980500089004636,16.88179699704051
3350,56.30195561697474,16.90579898422584,0.05488801980391145,0.529768003616482,0.5880680400878191,16.863055992871523
3351,56.31883571797516,16.880101000424474,0.055423995945602655,0.6032250239513814,0.6617720355279744,16.729816037695855
3352,56.3355705839931,16.734866017941386,0.051381008233875036,0.5273820133879781,0.5816150223836303,16.747419023886323
3353,56.35232290200656,16.752318013459444,0.05038798553869128,0.40807900950312614,0.4617520025931299,16.897080990020186
3354,56.3692432710086,16.92036900203675,0.04810199607163668,0.5528389592655003,0.6040699663572013,16.790194960776716
3355,56.386038867989555,16.79559698095545,0.05885300925001502,0.5785719840787351,0.640550977550447,16.729157010558993
3356,56.40277188899927,16.73302100971341,0.04758802242577076,0.41339301969856024,0.4634520155377686,16.73140801722184
3357,56.419505546975415,16.733657976146787,0.030334980692714453,0.5010180175304413,0.5328630213625729,16.727584006730467
3358,56.436235836008564,16.730289033148438,0.026079011149704456,0.3571540000848472,0.38445298559963703,16.791233967524022
3359,56.45303223701194,16.79640100337565,0.058117962907999754,0.40574499871581793,0.4670039634220302,16.734656994231045
3360,56.46977069496643,16.738457954488695,0.049219990614801645,0.3627840196713805,0.4145910497754812,16.74479601206258
3361,56.4865265499684,16.75585500197485,0.041391991544514894,0.3889789804816246,0.4323860048316419,16.728734015487134
3362,56.503257888020016,16.73133805161342,0.026711029931902885,0.5825340049341321,0.610477989539504,16.730593983083963
3363,56.519992606015876,16.734717995859683,0.04898401675745845,0.2829250297509134,0.3343989956192672,16.732654999941587
3364,56.53672759298934,16.734986973460764,0.031568051781505346,0.23853598395362496,0.27166801737621427,16.72786701237783
3365,56.55345791700529,16.730324015952647,0.027108006179332733,0.23215101100504398,0.26073900517076254,16.758976969867945
3366,56.57022405101452,16.766134009230882,0.08350500138476491,0.30592200346291065,0.3937669680453837,16.749748960137367
3367,56.58699380501639,16.76975400187075,0.09106105426326394,0.4263789742253721,0.5304429796524346,16.731298004742712
3368,56.60373181902105,16.738014004658908,0.09018200216814876,0.5486899754032493,0.6438269629143178,16.72785700066015
3369,56.62046922999434,16.737410973291844,0.1320820301771164,0.5103109870105982,0.6505349883809686,16.736052988562733
3370,56.637212244968396,16.74301497405395,0.1061389921233058,0.32197899417951703,0.43379300041124225,16.737493046093732
3371,56.65395384799922,16.74160303082317,0.05234504351392388,0.38277398562058806,0.4385350039228797,16.731059993617237
3372,56.670687659992836,16.733811993617564,0.034608994610607624,0.41417201282456517,0.450438994448632,16.73966698581353
3373,56.68744261201937,16.7549520265311,0.1170799951069057,0.29470998561009765,0.42129296343773603,16.73447695793584
3374,56.70418086997233,16.738257952965796,0.044783984776586294,0.4907700349576771,0.5378880305215716,16.734265023842454
3375,56.720918852020986,16.737982048653066,0.04974502371624112,0.3083519986830652,0.3605679958127439,16.73415896948427
3376,56.73765629500849,16.737442987505347,0.04306301707401872,0.31998398480936885,0.3652899758890271,16.731489973608404
3377,56.75440035498468,16.74405997619033,0.060371996369212866,0.26421400252729654,0.3341620322316885,16.696972015779465
3378,56.771099581965245,16.699226980563253,0.028022972401231527,0.2568610361777246,0.2861700486391783,16.741516010370106
3379,56.78785478801001,16.755206044763327,0.04631903721019626,0.45028800377622247,0.49930199747905135,16.73380396096036
3380,56.80459111998789,16.73633197788149,0.033687043469399214,0.2575889811851084,0.2929670154117048,16.728335991501808
3381,56.821323056996334,16.73193700844422,0.044629035983234644,0.3943509655073285,0.4412899725139141,16.802500991616398
3382,56.838129860989284,16.806803992949426,0.05518598482012749,0.2640530001372099,0.32215798273682594,16.735438024625182
3383,56.85486869100714,16.738830017857254,0.04809803795069456,0.31390099320560694,0.3644319949671626,16.731370997149497
3384,56.87160264299018,16.73395198304206,0.03573397407308221,0.422117009293288,0.45958301052451134,16.720479005016387
3385,56.88833855901612,16.735916025936604,0.05109899211674929,0.3156469902023673,0.37597696064040065,16.734728997107595
3386,56.90507739700843,16.7388379923068,0.05221104947850108,0.4158909432590008,0.470723956823349,16.73067396041006
3387,56.92181052197702,16.733124968595803,0.03203499363735318,0.40237902430817485,0.4361470346339047,16.729493043385446
3388,56.93854368600296,16.733164025936276,0.0478989677503705,0.3711350145749748,0.42155198752880096,16.746559995226562
3389,56.95530592498835,16.762238985393196,0.06407801993191242,0.27472799411043525,0.3501630271784961,16.729352006223053
3390,56.97203812299995,16.732198011595756,0.029197020921856165,0.2545209717936814,0.28525799280032516,16.744564985856414
3391,56.988797532976605,16.75940997665748,0.06446399493142962,0.2671609981916845,0.3411020152270794,16.780667996499687
3392,57.00559058698127,16.793054004665464,0.04686001921072602,0.20620698342099786,0.26097800582647324,16.73486700747162
3393,57.022329439991154,16.738853009883314,0.046994013246148825,0.5973950028419495,0.6467680213972926,16.80113800102845
3394,57.03913579497021,16.80635497905314,0.05550100468099117,0.3760190447792411,0.43462205212563276,16.730202012695372
3395,57.05586998100625,16.734186036046594,0.046696048229932785,0.5163309979252517,0.565416004974395,16.733027005102485
3396,57.07260689296527,16.736911959014833,0.04998099757358432,0.5124419694766402,0.5650160019285977,16.73391304211691
3397,57.08934557600878,16.738683043513447,0.04814000567421317,0.524948991369456,0.5758240004070103,16.729914990719408
3398,57.106079088989645,16.733512980863452,0.049129012040793896,1.365005038678646,1.4165380271151662,16.797797987237573
3399,57.12288190901745,16.802820027805865,0.05144701572135091,0.2389229484833777,0.2932899515144527,16.737178957555443
3400,57.1396233389969,16.741429979447275,0.04780897870659828,0.37682102993130684,0.4271310172043741,16.73199300421402
3401,57.156360280991066,16.736941994167864,0.050600036047399044,0.36934000672772527,0.42311602737754583,16.731436015106738
3402,57.17309574497631,16.73546398524195,0.04968099528923631,0.4173640045337379,0.4696770338341594,16.795525036286563
3403,57.18989632697776,16.800582001451403,0.05474500358104706,0.33161399187520146,0.38946198765188456,16.822751029394567
3404,57.20672426500823,16.827938030473888,0.052623043302446604,0.34158799098804593,0.39727799594402313,16.73081098124385
3405,57.22345905797556,16.73479296732694,0.04692102083936334,0.5054579814895988,0.5548290209844708,16.733622003812343
3406,57.2401981499861,16.739092010539025,0.05482899723574519,0.2850529854185879,0.343088002409786,16.790089022833854
3407,57.25699284498114,16.794694995041937,0.04887999966740608,0.5255669821053743,0.5772369913756847,16.799192992039025
3408,57.27379577001557,16.802925034426153,0.04667800385504961,0.44412497663870454,0.4931959556415677,16.729431983549148
3409,57.29052939399844,16.733623982872814,0.05033198976889253,0.3058759612031281,0.35861897049471736,16.729443974327296
3410,57.30726297100773,16.733577009290457,0.04993705078959465,1.090502948500216,1.1430569575168192,16.732621006667614
3411,57.32400050997967,16.737538971938193,0.05007302388548851,0.6208199774846435,0.6737560033798218,16.73158601624891
3412,57.34073598799296,16.73547801328823,0.04983798135071993,0.5397319910116494,0.5920659750699997,16.730937000829726
3413,57.35747062996961,16.73464197665453,0.04733604146167636,0.3423099988140166,0.3923250478692353,16.735173005145043
3414,57.37420943501638,16.73880504677072,0.04684599116444588,0.5281560006551445,0.5772869917564094,16.73848496284336
3415,57.39095247298246,16.74303796608001,0.05666801007464528,2.283852023538202,2.3436510236933827,16.733057040255517
3416,57.40768849500455,16.736022022087127,0.03896100679412484,0.3847699845209718,0.4258289700374007,16.728092974517494
3417,57.42441932600923,16.730831004679203,0.029965012799948454,0.21074095275253057,0.2422799589112401,16.677804000210017
3418,57.44110088900197,16.681562992744148,0.0460559967905283,0.3318089875392616,0.3800719860009849,16.72872802009806
3419,57.457832682994194,16.731793992221355,0.035513017792254686,0.34324300941079855,0.3805310116149485,16.72988198697567
3420,57.47456510498887,16.73242199467495,0.03242498496547341,0.4157699877396226,0.44977798825129867,16.73266402212903
3421,57.491300327994395,16.735223005525768,0.036969955544918776,0.22677704691886902,0.26550202164798975,16.731737996451557
3422,57.50803513999563,16.734812001232058,0.03903399920091033,0.40123501094058156,0.44214801164343953,16.72199001768604
3423,57.52476151497103,16.726374975405633,0.04955899203196168,0.24815299548208714,0.3002710291184485,16.73021900933236
3424,57.54149445501389,16.73294004285708,0.037553953006863594,0.3353320062160492,0.3748759627342224,16.724433982744813
3425,57.55822411499685,16.729659982956946,0.05127501208335161,0.3836139803752303,0.4383529885672033,16.737869998905808
3426,57.57496674801223,16.742633015383035,0.049746944569051266,0.5302350036799908,0.5827609566040337,16.725823981687427
3427,57.59169756900519,16.730820992961526,0.05109404446557164,0.22875296417623758,0.28275797376409173,16.71826798701659
3428,57.60842046100879,16.722892003599554,0.04740501753985882,0.32477499917149544,0.3748660092242062,16.70710096368566
3429,57.62513230298646,16.711841977667063,0.049972033593803644,0.2626069472171366,0.31540897907689214,16.811117995530367
3430,57.64194844197482,16.816138988360763,0.05188299110159278,0.336883997078985,0.39173802360892296,16.846593003720045
3431,57.658800347009674,16.851905034855008,0.05429401062428951,0.6981519982218742,0.7555490010417998,16.74264098983258
3432,57.67554805899272,16.7477119830437,0.05227501969784498,0.2943769795820117,0.3496049903333187,16.734645003452897
3433,57.692288192978594,16.740133985877037,0.05411403253674507,0.41204498847946525,0.46934501733630896,16.76064298953861
3434,57.70905371801928,16.765525040682405,0.05289900582283735,0.23835396859794855,0.2940959529951215,16.730117960833013
3435,57.72578781598713,16.734097967855632,0.05009496817365289,0.22850203095003963,0.2811310114338994,16.73566398676485
3436,57.74252712499583,16.73930900869891,0.04661100683733821,0.3334619686938822,0.38256897823885083,16.769654990639538
3437,57.75931618100731,16.789056011475623,0.047219975385814905,0.23793301079422235,0.288122973870486,16.727091977372766
3438,57.776047019986436,16.730838979128748,0.04905997775495052,0.36021601408720016,0.41169801261276007,16.728407004848123
3439,57.7927795429714,16.732522984966636,0.049408990889787674,0.2804329851642251,0.3323510172776878,16.796655021607876
3440,57.809580173983704,16.800631012301892,0.04895299207419157,0.28670899337157607,0.3381859860382974,16.799392004031688
3441,57.82638379698619,16.803623002488166,0.04982895916327834,0.4232529900036752,0.47563097905367613,16.7937190271914
3442,57.8431828939938,16.79909700760618,0.1302330056205392,0.5228660302236676,0.6562690250575542,16.820783028379083
3443,57.86000880796928,16.825913975480944,0.1225279993377626,0.39881898555904627,0.5242630140855908,16.948630043771118
3444,57.87696255801711,16.953750047832727,0.0545390066690743,0.5256179720163345,0.5832839524373412,16.72825397690758
3445,57.89369464101037,16.73208299325779,0.04697398981079459,0.35607098834589124,0.40548096876591444,16.769687994383276
3446,57.910468160000164,16.773518989793956,0.04625297151505947,2.029564988333732,2.0783349755220115,16.72602497274056
3447,57.92719873896567,16.730578965507448,0.055387034080922604,0.4348279908299446,0.4931060248054564,16.725402034353465
3448,57.943927979969885,16.72924100421369,0.055146985687315464,0.42747502448037267,0.48541504656895995,16.72979403520003
3449,57.96066102897748,16.73304900759831,0.049224996473640203,0.40229898877441883,0.4544979892671108,16.76168601261452
3450,57.977437794965226,16.776765987742692,0.03677199129015207,0.3583910292945802,0.4103280371055007,16.730617033317685
3451,57.994170774996746,16.73298003152013,0.03027200000360608,0.2217270084656775,0.2533890074118972,16.727846988942474
3452,58.01090146700153,16.73069200478494,0.027664995286613703,0.24233502335846424,0.2712730201892555,16.73138898331672
3453,58.027635082020424,16.733615018893033,0.026345951482653618,1.4245370402932167,1.452233991585672,16.73746097367257
3454,58.044391134986654,16.756052966229618,0.06523198680952191,0.21670502610504627,0.29394502053037286,16.70785603346303
3455,58.061101067985874,16.709932999219745,0.0294180354103446,0.4092159797437489,0.4400309990160167,16.72959403367713
3456,58.07783308101352,16.732013027649373,0.029436021577566862,0.3574509755708277,0.38820895133540034,16.729647992178798
3457,58.09456490399316,16.73182297963649,0.029011978767812252,0.3655829932540655,0.3960600006394088,16.728781978599727
3458,58.11129622301087,16.7313190177083,0.029126997105777264,0.4693299997597933,0.49983797362074256,16.74352795816958
3459,58.128053476975765,16.757253964897245,0.10297499829903245,0.34739996772259474,0.45936601236462593,16.73149602720514
3460,58.1447956530028,16.742176027037203,0.09871297515928745,0.26256701676175,0.36830001045018435,16.756065015215427
3461,58.161556703969836,16.761050967033952,0.053939991630613804,0.5523680010810494,0.6097360164858401,16.732726013287902
3462,58.1782926460146,16.735942044761032,0.04621100379154086,0.3470669616945088,0.39542996091768146,16.7350759729743
3463,58.19503138301661,16.738737002015114,0.04919705679640174,0.29694894328713417,0.34858594881370664,16.723720997106284
3464,58.21175916696666,16.727783950045705,0.050404982175678015,0.3952080151066184,0.44827203964814544,16.799474018625915
3465,58.2285607609665,16.801593999844044,0.0295329955406487,0.47266000183299184,0.5036650109104812,16.728918999433517
3466,58.24529191298643,16.73115201992914,0.023972999770194292,0.2275320002809167,0.2527260221540928,16.730678034946322
3467,58.26202448597178,16.73257298534736,0.02339499769732356,0.1991820172406733,0.2236300497315824,16.705327027011663
3468,58.27873154002009,16.707054048310965,0.02366595435887575,0.33921003341674805,0.36403798731043935,16.729502996895462
3469,58.29546474298695,16.733202966861427,0.049063004553318024,0.23753795539960265,0.2891779877245426,16.729425988160074
3470,58.31219696300104,16.73222001409158,0.034643046092242,0.37301197880879045,0.4092699964530766,16.732239979319274
3471,58.32893130596494,16.734342963900417,0.025213987100869417,0.22385100601240993,0.2502340357750654,16.719560022465885
3472,58.34566926799016,16.737962025217712,0.05848199361935258,0.23872399469837546,0.3091020043939352,16.73585397657007
3473,58.36241831100779,16.74904301762581,0.05486601730808616,0.36617700243368745,0.4306809860281646,16.725299996323884
3474,58.37915187497856,16.733563970774412,0.028056965675204992,0.39174401899799705,0.4216160159558058,16.7304560309276
3475,58.39588438801002,16.73251303145662,0.024846987798810005,1.4108180184848607,1.4368320116773248,16.7276409920305
3476,58.4126146339695,16.73024595947936,0.026174006052315235,0.372793001588434,0.40023401379585266,16.786893014796078
3477,58.42940560600255,16.79097203304991,0.04811899270862341,0.5120650166645646,0.5625810008496046,16.788462002296
3478,58.44619898597011,16.79337996756658,0.050704984460026026,0.3978890017606318,0.4514280008152127,16.72871201299131
3479,58.46293052699184,16.731541021727026,0.029682996682822704,0.3729569725692272,0.4041059873998165,16.69756998308003
3480,58.479636930976994,16.706403985153884,0.027873029466718435,0.48305297968909144,0.520200002938509,16.732523043174297
3481,58.4963735609781,16.736630001105368,0.050177040975540876,0.7676929817534983,0.8205280173569918,16.738995036575943
3482,58.51311707601417,16.743515036068857,0.04992500180378556,0.2835610066540539,0.3360880073159933,16.78597799036652
3483,58.52990773698548,16.79066097130999,0.05013396730646491,0.5165199982002378,0.5694379797205329,16.741022001951933
3484,58.546653596975375,16.745859989896417,0.04826602526009083,0.4065159591846168,0.45759399654343724,16.74881303915754
3485,58.56342181400396,16.76821702858433,0.047573994379490614,0.44588500168174505,0.4970749723725021,16.73570997081697
3486,58.580161209974904,16.739395970944315,0.04655297379940748,0.44238101691007614,0.4913820303045213,16.736573015805334
3487,58.59690193698043,16.740727005526423,0.04993099719285965,0.19304000306874514,0.24553399998694658,16.72802004031837
3488,58.61363369197352,16.731754993088543,0.04711997462436557,0.3009240026585758,0.35049300640821457,16.73023001058027
3489,58.63036802597344,16.734333999920636,0.049565976951271296,0.25771098444238305,0.3099020104855299,16.73018600558862
3490,58.6471020890167,16.734063043259084,0.047411012928932905,0.231629004701972,0.28153398307040334,16.828088962938637
3491,58.66393475298537,16.832663968671113,0.049969006795436144,0.3795549855567515,0.4323640023358166,16.723356035072356
3492,58.680661932972725,16.727179987356067,0.046711997129023075,0.3011410008184612,0.35036803456023335,16.730610048398376
3493,58.697396371979266,16.734439006540924,0.04975602496415377,0.3821660066023469,0.4344570334069431,16.76369900815189
3494,58.714165597979445,16.769226000178605,0.057402008678764105,0.23268494987860322,0.2933249925263226,16.81157504208386
3495,58.73098203697009,16.81643899064511,0.05152204539626837,0.24568196386098862,0.30005001462996006,16.804583021439612
3496,58.74779200000921,16.809963039122522,0.05537300603464246,0.5611900123767555,0.6195990135893226,16.733172989916056
3497,58.7645289489883,16.736948979087174,0.0496489810757339,0.3954379935748875,0.4478819901123643,16.73397602280602
3498,58.78126820002217,16.73925103386864,0.05585502367466688,0.39913400541990995,0.4580779932439327,16.729014983866364
3499,58.79800025798613,16.732057963963598,0.03780401311814785,0.2653570263646543,0.3051360254175961,16.685327980667353
3500,58.81469566101441,16.695403028279543,0.02709199907258153,0.21043902961537242,0.24584500351920724,16.727931972127408
3501,58.83142590901116,16.730247996747494,0.025798974093049765,0.2308670082129538,0.25796296540647745,16.7283290065825
3502,58.84815840498777,16.732495976611972,0.05242804763838649,0.2473740023560822,0.3022500313818455,16.736022022087127
3503,58.8648985690088,16.74016402103007,0.04914304008707404,1.771818962879479,1.823571976274252,16.745836997870356
3504,58.88164850696921,16.749937960412353,0.05290703848004341,0.5994350067339838,0.6549770478159189,16.73108304385096
3505,58.89838210097514,16.733594005927444,0.03454799298197031,0.37167000118643045,0.4080390208400786,16.719853039830923
3506,58.915105775988195,16.723675013054162,0.048927031457424164,0.4457869799807668,0.49723900156095624,16.729864990338683
3507,58.931838330987375,16.732554999180138,0.02974102972075343,0.725853955373168,0.757056986913085,16.808335029054433
3508,58.948649622965604,16.811291978228837,0.04546804120764136,0.4003889625892043,0.4483410157263279,16.7304880451411
3509,58.9653828109731,16.733188007492572,0.028062029741704464,0.36507099866867065,0.3945440403185785,16.715111036319286
3510,58.98210011800984,16.717307036742568,0.026958994567394257,1.960514986421913,1.9888379611074924,16.723573964554816
3511,58.99882775300648,16.727634996641427,0.04901003558188677,0.4012360004708171,0.4528110148385167,16.7313150013797
3512,59.01556284900289,16.735095996409655,0.048474990762770176,0.3033830435015261,0.35437900805845857,16.736193967517465
3513,59.03230124496622,16.738395963329822,0.02864899579435587,0.40076900040730834,0.43090200051665306,16.72862801933661
3514,59.04903370002285,16.73245505662635,0.04691397771239281,0.2793400199152529,0.3285959828644991,16.72991196392104
3515,59.06576630601194,16.7326059890911,0.03196799661964178,0.4697160329669714,0.503199000377208,16.7302509653382
3516,59.082498933013994,16.732627002056688,0.029518967494368553,0.7593310438096523,0.7902630022726953,16.728368995245546
3517,59.099230143008754,16.73120999475941,0.03195501631125808,0.5217990255914629,0.5552080110646784,16.734296979848295
3518,59.11596617096802,16.73602795926854,0.025928020477294922,0.4924439708702266,0.5195220001041889,16.735143028199673
3519,59.132709242985584,16.743072017561644,0.024696986656636,0.5024120328016579,0.536531035322696,16.72945899190381
3520,59.149441629007924,16.732386022340506,0.045874970965087414,0.495281012263149,0.5435799830593169,16.72877901000902
3521,59.16617307200795,16.731443000026047,0.02822797978296876,0.47931302106007934,0.5089539918117225,16.731333977077156
3522,59.18290638498729,16.733312979340553,0.02847897121682763,0.3342410200275481,0.36414002534002066,16.73508097883314
3523,59.199643505970016,16.737120982725173,0.026077963411808014,0.42779702926054597,0.4551050369627774,16.729134018532932
3524,59.21637468901463,16.731183044612408,0.022455002181231976,0.4843450151383877,0.5078489775769413,16.735301003791392
3525,59.23312998999609,16.755300981458277,0.05350296851247549,0.325491011608392,0.391962006688118,16.74406201345846
3526,59.2498782449984,16.748255002312362,0.05110201891511679,0.7046560058370233,0.7584170089103281,16.72368496656418
3527,59.266605858982075,16.727613983675838,0.05084695294499397,0.44529500883072615,0.4987239954061806,16.741950006689876
3528,59.283366222982295,16.76036400021985,0.052401970606297255,0.5881940014660358,0.6528699886985123,16.732147021684796
3529,59.30010089697316,16.734673990868032,0.033739954233169556,0.5435410421341658,0.5787280388176441,16.801137011498213
3530,59.316904390987474,16.803494014311582,0.028260983526706696,1.6540350043214858,1.6837859875522554,16.72922499710694
3531,59.33363794296747,16.733551979996264,0.04932598676532507,0.3721849643625319,0.4241860006004572,16.728968010284007
3532,59.35036961600417,16.731673036701977,0.031610019505023956,0.21221500355750322,0.24543399922549725,16.73665997805074
3533,59.36711033398751,16.740717983338982,0.050924019888043404,0.5079539841972291,0.5615089903585613,16.737890022341162
3534,59.3838519200217,16.741586034186184,0.04919001366943121,0.31960796331986785,0.3713569603860378,16.730952949728817
3535,59.40059526701225,16.7433469905518,0.04770001396536827,0.27030898490920663,0.3205689718015492,16.728392976801842
3536,59.417328557989094,16.733290976844728,0.05161302397027612,0.5253719864413142,0.5799109931103885,16.73522498458624
3537,59.434067688009236,16.7391300201416,0.05124800372868776,0.25209004525095224,0.30587101355195045,16.79551397683099
3538,59.45086818700656,16.80049899732694,0.05441898247227073,0.37570600397884846,0.4332399694249034,16.737230005674064
3539,59.467610342020635,16.742155014071614,0.05113601218909025,0.28114498127251863,0.33516896655783057,16.715540958102793
3540,59.4843298610067,16.71951898606494,0.049591995775699615,0.5207619979046285,0.5729660042561591,16.73151197610423
3541,59.50106555101229,16.735690005589277,0.05340203642845154,0.26251497911289334,0.31856598798185587,16.857041977345943
3542,59.51792899996508,16.86344895279035,0.049753987696021795,0.2692239941097796,0.3217870253138244,16.734569042455405
3543,59.5346677339985,16.738734033424407,0.04948902642354369,0.36923401057720184,0.4213610081933439,16.730963019654155
3544,59.55140274198493,16.735007986426353,0.04806899232789874,0.2778389607556164,0.3287179861217737,16.698007995728403
3545,59.568104603968095,16.701861983165145,0.04608003655448556,0.381984980776906,0.43054402340203524,16.738005040679127
3546,59.584846005018335,16.7414010502398,0.046907051000744104,0.5272039561532438,0.5765009555034339,16.743553976994008
3547,59.60159321001265,16.747204994317144,0.0473280088044703,0.4172709886915982,0.46697299694642425,16.73080399632454
3548,59.618330436002,16.73722598934546,0.08564197923988104,0.36326400004327297,0.4528879653662443,16.72991696977988
3549,59.635066571005154,16.73613500315696,0.07334403926506639,0.28533797012642026,0.36260997876524925,16.731679963413626
3550,59.651804029010236,16.737458005081862,0.07499498315155506,0.26826001703739166,0.3473469987511635,16.69933198718354
3551,59.668505768990144,16.70173997990787,0.03373296931385994,1.1699790484271944,1.2052900274284184,16.737126978114247
3552,59.68524513597367,16.73936698352918,0.028754002414643764,0.3756310325115919,0.405607046559453,16.747916000895202
3553,59.70199552597478,16.750390001107007,0.03268895670771599,0.23226399207487702,0.2662439947016537,16.73125202069059
3554,59.718728594016284,16.73306804150343,0.025217013899236917,0.21386996377259493,0.24025095626711845,16.78119896678254
3555,59.73551162896911,16.783034952823073,0.025504035875201225,0.34984498051926494,0.37649302976205945,16.729310038499534
3556,59.752243208000436,16.731579031329602,0.02987799234688282,0.3454000107012689,0.37735397927463055,16.798115975689143
3557,59.76904524100246,16.802033002022654,0.04263001028448343,0.39603904588148,0.44048501877114177,16.73107099486515
3558,59.78577832999872,16.73308899626136,0.027731002774089575,0.2406919957138598,0.26954500935971737,16.73402398591861
3559,59.80251608300023,16.73775300150737,0.04937901394441724,0.7410899852402508,0.7928559789434075,16.733510012272745
3560,59.819251944019925,16.73586101969704,0.03135495353490114,0.4630910116247833,0.4959529615007341,16.731335956137627
3561,59.83599562296877,16.74367894884199,0.09423098526895046,0.2849630545824766,0.38705405313521624,16.73490001121536
3562,59.852734445012175,16.73882204340771,0.050215981900691986,0.4481879877857864,0.5010169697925448,16.732712974771857
3563,59.869471152022015,16.736707009840757,0.04954199539497495,0.5844939732924104,0.6366509478539228,16.731076000723988
3564,59.88620449701557,16.733344993554056,0.030627998057752848,0.5625800113193691,0.59463398065418,16.730084957089275
3565,59.902937398990616,16.732901975046843,0.03282999387010932,0.49707997823134065,0.531370984390378,16.73314900835976
3566,59.9196726870141,16.735288023483008,0.02701900666579604,0.43270899914205074,0.4609049647115171,16.728559974581003
3567,59.93640319997212,16.730512958019972,0.02367800334468484,0.5425679846666753,0.5673730047419667,16.696549020707607
3568,59.953111145005096,16.707945032976568,0.13330898946151137,0.3337099915370345,0.47628796892240644,16.740966006182134
3569,59.96986385801574,16.752713010646403,0.050636997912079096,0.3788760513998568,0.43698400259017944,16.72979799332097
3570,59.986595480004326,16.731621988583356,0.0241899979300797,0.42535498505458236,0.45082898577675223,16.74225297756493
