iteration,elapsed_s,period_ms,gello_read_ms,safety_guard_ms,guard_path,servo_j_ms,send_action_ms,work_ms,cycle_ms
0,0.0,,0.03902398748323321,0.015595986042171717,rt_fast_path,0.4144310369156301,0.44724904000759125,0.491390994284302,16.73265197314322
1,0.01674514397745952,16.74514397745952,0.13287801994010806,0.028134032618254423,rt_fast_path,0.36018999526277184,0.4103669780306518,0.5490499897859991,16.728842980228364
2,0.03348219598410651,16.73705200664699,0.10142498649656773,0.025294022634625435,rt_fast_path,0.2546430332586169,0.29763998463749886,0.4036459722556174,16.727340000215918
3,0.050216548959724605,16.734352975618094,0.07815699791535735,0.021363957785069942,rt_fast_path,0.3818630357272923,0.4175130161456764,0.4995720228180289,16.722680011298507
4,0.0669462779769674,16.72972901724279,0.07939402712509036,0.02273696009069681,rt_fast_path,0.24957198183983564,0.2862699911929667,0.3692739992402494,16.72156702261418
5,0.08367399196140468,16.727713984437287,0.06045098416507244,0.017479993402957916,rt_fast_path,0.22628199076279998,0.25549501879140735,0.31839101575315,16.725160006899387
6,0.10040677495999262,16.732782998587936,0.08031900506466627,0.01933303428813815,rt_fast_path,0.2227440127171576,0.25525898672640324,0.33979403087869287,16.784219013061374
7,0.11719987000105903,16.793095041066408,0.07747102063149214,0.020867970306426287,rt_fast_path,0.3562539932318032,0.39102998562157154,0.4723469610325992,16.721945954486728
8,0.13392747595207766,16.72760595101863,0.06013800157234073,0.017993967048823833,rt_fast_path,0.19216298824176192,0.22268295288085938,0.28557400219142437,16.85668301070109
9,0.15079306496772915,16.865589015651494,0.12196897296234965,0.04153797635808587,rt_fast_path,0.9057020070031285,0.9826809982769191,1.1096560047008097,16.727887035813183
10,0.1675271109561436,16.734045988414437,0.06775296060368419,0.018761027604341507,rt_fast_path,0.3560850163921714,0.38817402673885226,0.45875803334638476,16.71051001176238
11,0.18424371897708625,16.716608020942658,0.06810296326875687,0.019517960026860237,rt_fast_path,0.21366699365898967,0.2469750470481813,0.31850102823227644,16.72531699296087
12,0.20097519794944674,16.73147897236049,0.06883300375193357,0.018268008716404438,rt_fast_path,0.25828799698501825,0.2895219950005412,0.360954029019922,16.722437052521855
13,0.2177037299843505,16.728532034903765,0.06501097232103348,0.01800601603463292,rt_fast_path,0.3234280156902969,0.3535220166668296,0.4224680014885962,16.721840016543865
14,0.2344349499908276,16.731220006477088,0.05906197475269437,0.02357899211347103,rt_fast_path,0.35741401370614767,0.39877998642623425,0.46493596164509654,16.72135799890384
15,0.25116120296297595,16.72625297214836,0.050431001000106335,0.016561010852456093,rt_fast_path,0.33434899523854256,0.36090402863919735,0.4138540243729949,16.72312500886619
16,0.26788972597569227,16.728523012716323,0.04372798139229417,0.013416982255876064,rt_fast_path,0.3371360362507403,0.35996304359287024,0.4056040197610855,16.75994897959754
17,0.28465814498486,16.7684190091677,0.09510398376733065,0.02051901537925005,rt_fast_path,0.5046920268796384,0.5417310167104006,0.6405889871530235,16.752106021158397
18,0.3014169899979606,16.758845013100654,0.08558400440961123,0.020344043150544167,rt_fast_path,0.44359901221469045,0.48681197222322226,0.5762059590779245,16.785251966211945
19,0.3182129379711114,16.79594797315076,0.08306402014568448,0.021827989257872105,rt_fast_path,0.3143170033581555,0.3507169894874096,0.4375189892016351,16.73641602974385
20,0.33496586000546813,16.752922034356743,0.1111660385504365,0.01828098902478814,rt_fast_path,1.460659026633948,1.4994979719631374,1.6179969534277916,16.744159976951778
21,0.35172747797332704,16.76161796785891,0.10443700011819601,0.020190957002341747,rt_fast_path,0.5487669841386378,0.5830340087413788,0.6952920230105519,16.727095004171133
22,0.36846227798378095,16.73480001045391,0.08161901496350765,0.02197897993028164,rt_fast_path,0.5559510318562388,0.5915430374443531,0.6781130214221776,16.72469696495682
23,0.38519366696709767,16.73138898331672,0.09171501733362675,0.02597598358988762,rt_fast_path,0.47771300887688994,0.5189529620110989,0.6142299971543252,16.72696799505502
24,0.4019292919547297,16.735624987632036,0.487950979731977,0.022222986444830894,rt_fast_path,0.3496550489217043,0.3877099952660501,0.8807550184428692,16.7261510505341
25,0.41866478096926585,16.735489014536142,0.07008202373981476,0.018373015336692333,rt_fast_path,0.68139802897349,0.7169719901867211,0.7906859973445535,16.693748999387026
26,0.4353672789875418,16.702498018275946,0.07624702993780375,0.021298008505254984,rt_fast_path,0.6485370104201138,0.6876239785924554,0.7675699889659882,16.738686012104154
27,0.4521162929595448,16.749013972003013,0.08989300113171339,0.04363700281828642,rt_fast_path,0.8349429699592292,0.8992769871838391,0.9934440022334456,16.743607993703336
28,0.46886798297055066,16.75169001100585,0.06930500967428088,0.01819198951125145,rt_fast_path,0.5924809956923127,0.6238269852474332,0.6967789959162474,16.957458981778473
29,0.48583466495620087,16.96668198565021,0.08759100455790758,0.023894011974334717,rt_fast_path,0.31314598163589835,0.353439012542367,0.44601503759622574,16.734917007852346
30,0.5025789699866436,16.744305030442774,0.08568301564082503,0.022158026695251465,rt_fast_path,0.27411000337451696,0.31187100103124976,0.40217197965830564,16.734312986955047
31,0.5193221679655835,16.74319797893986,0.08999096462503076,0.02360698999837041,rt_fast_path,0.25897298473864794,0.2987240441143513,0.3935270360670984,16.730901028495282
32,0.5360700499732047,16.74788200762123,0.12395501835271716,0.029680959414690733,rt_fast_path,0.33894903026521206,0.38695300463587046,0.5189470248296857,16.73402200685814
33,0.5528221169952303,16.752067022025585,0.12252002488821745,0.026757013984024525,rt_fast_path,0.505443022120744,0.5511880153790116,0.68240100517869,16.73458400182426
34,0.5695667329709977,16.744615975767374,0.12125098146498203,0.02332800067961216,rt_fast_path,2.59314599679783,2.63470399659127,2.760734991170466,16.75221900222823
35,0.5863295119488612,16.76277897786349,0.09480904554948211,0.025403976906090975,rt_fast_path,2.003678004257381,2.047688001766801,2.1478000562638044,16.732556046918035
36,0.6030811079544947,16.751596005633473,0.11703604832291603,0.030514958780258894,rt_fast_path,1.3162789982743561,1.3652179623022676,1.4885590062476695,16.728907998185605
37,0.619817366998177,16.736259043682367,0.07433001883327961,0.019485014490783215,rt_fast_path,0.4123230464756489,0.4502289812080562,0.528152973856777,16.854774963576347
38,0.6366837009554729,16.866333957295865,0.10258698603138328,0.02430903259664774,rt_fast_path,0.8368200506083667,0.8812290034256876,0.989845022559166,16.73876104177907
39,0.6534336860058829,16.749985050410032,0.18414598889648914,0.026489957235753536,rt_fast_path,0.6601510103791952,0.706619000993669,0.896950950846076,16.729483962990344
40,0.6701750159845687,16.741329978685826,0.11165498290210962,0.026263005565851927,rt_fast_path,1.0079880012199283,1.05438003083691,1.1727749952115119,16.80969598237425
41,0.6869955330039375,16.820517019368708,0.10860600741580129,0.025522022042423487,rt_fast_path,3.049950988497585,3.1010560342110693,3.2154989894479513,16.732079966459423
42,0.7037391139892861,16.74358098534867,0.11719198664650321,0.024124979972839355,rt_fast_path,0.7712009828537703,0.8170600049197674,0.9408459882251918,16.7316579609178
43,0.7204831429990008,16.744029009714723,0.1251580542884767,0.029795977752655745,rt_fast_path,0.48608501674607396,0.5379189969971776,0.6705760024487972,17.534746963065118
44,0.738032036984805,17.54889398580417,0.14713499695062637,0.03534700954332948,rt_fast_path,0.6701919483020902,0.7308920030482113,0.8867309661582112,16.73233899055049
45,0.7547773499973118,16.745313012506813,0.13840000610798597,0.03268895670771599,rt_fast_path,0.517209991812706,0.576282967813313,0.7220999686978757,16.74255996476859
46,0.7715313759981655,16.754026000853628,0.11501897824928164,0.028404989279806614,rt_fast_path,0.7872729911468923,0.8370120194740593,0.9578850003890693,16.720297979190946
47,0.7882637419970706,16.732365998905152,0.1126100542023778,0.02790300641208887,rt_fast_path,0.27405197033658624,0.3202089574187994,0.43878896394744515,16.73022995237261
48,0.8050037299981341,16.739988001063466,0.10549003491178155,0.02453802153468132,rt_fast_path,0.6153699941933155,0.6591929704882205,0.7700129644945264,16.77925098920241
49,0.8217933459673077,16.78961596917361,0.09897002018988132,0.02449098974466324,rt_fast_path,0.9061569580808282,0.9498819708824158,1.0540270013734698,16.729161026887596
50,0.8385338599910028,16.74051402369514,0.10932103032246232,0.02699799370020628,rt_fast_path,0.5679899477399886,0.6133199785836041,0.7279409910552204,16.73774200025946
51,0.8552811629488133,16.74730295781046,0.09363301796838641,0.023491040337830782,rt_fast_path,0.8305229712277651,0.8711679838597775,0.9700850350782275,16.73382701119408
52,0.8720267599564977,16.74559700768441,0.10381796164438128,0.025645014829933643,rt_fast_path,0.3002929734066129,0.3455459955148399,0.4544910043478012,16.72967104241252
53,0.8887665009824559,16.73974102595821,0.0976559822447598,0.025152985472232103,rt_fast_path,0.26408600388094783,0.3056839923374355,0.4088489804416895,16.729358991142362
54,0.9055076169897802,16.741116007324308,0.09548902744427323,0.024419045075774193,rt_fast_path,0.5198210128583014,0.5615919944830239,0.671232002787292,16.7353919823654
55,0.9222526169614866,16.74499997170642,0.08398102363571525,0.021687999833375216,rt_fast_path,0.29851903673261404,0.3352629719302058,0.4233699874021113,16.734476026613265
56,0.9389972689677961,16.74465200630948,0.07443595677614212,0.018969003576785326,rt_fast_path,0.26507000438869,0.2974500530399382,0.3761920379474759,16.728608985431492
57,0.9557337279547937,16.736458986997604,0.06747397128492594,0.0169150298461318,rt_fast_path,0.5986060132272542,0.6303830305114388,0.7013660506345332,16.749935050029308
58,0.9725377929862589,16.804065031465143,0.09081198368221521,0.021454994566738605,rt_fast_path,0.6465429905802011,0.6867189658805728,0.7826219662092626,16.760691010858864
59,0.9893104509683326,16.772657982073724,0.10380800813436508,0.02483598655089736,rt_fast_path,0.5536989774554968,0.5967179895378649,0.7060639909468591,16.802700993139297
60,1.0061229309649207,16.81247999658808,0.08445605635643005,0.02432899782434106,rt_fast_path,0.45486801536753774,0.49494398990646005,0.5837380304001272,16.74656302202493
61,1.022880902979523,16.757972014602274,0.13991096056997776,0.02456404035910964,rt_fast_path,0.43233297765254974,0.47641200944781303,0.6217589834704995,16.72992797102779
62,1.0396212079795077,16.7403049999848,0.08883001282811165,0.02270098775625229,rt_fast_path,0.28543395455926657,0.3245249972678721,0.4362789914011955,17.50837202416733
63,1.0571423969813623,17.52118900185451,0.10153098264709115,0.02597598358988762,rt_fast_path,0.3073010011576116,0.35318697337061167,0.46052096877247095,16.73785800812766
64,1.0738933630054817,16.750966024119407,0.10991404997184873,0.027039030101150274,rt_fast_path,0.34096394665539265,0.3885069745592773,0.505814969073981,17.41686399327591
65,1.0913214350002818,17.42807199480012,0.09990396210923791,0.025295012164860964,rt_fast_path,0.9770040051080287,1.0216350201517344,1.1258149752393365,16.739894985221326
66,1.1080714109702967,16.74997597001493,0.08789298590272665,0.3132490091957152,rt_fast_path,0.4192579654045403,0.749922008253634,0.8424739935435355,16.742467996664345
67,1.1248232169891708,16.75180601887405,0.2573049860075116,0.024280976504087448,rt_fast_path,0.4888639668934047,0.5311309942044318,0.7933159940876067,16.8066379847005
68,1.1416389939840883,16.81577699491754,0.07907603867352009,0.0204250100068748,rt_fast_path,0.6023870082572103,0.6395499804057181,0.723019998986274,17.21434498904273
69,1.158863921999,17.22492801491171,0.09484897600486875,0.024637032765895128,rt_fast_path,0.4731370136141777,0.5170890362933278,0.617349985986948,16.739498998504132
70,1.1756173019530252,16.75337995402515,0.14075799845159054,0.032046984415501356,rt_fast_path,0.3577269962988794,0.41444500675424933,0.5633470136672258,16.797924996353686
71,1.1924286219873466,16.811320034321398,0.13056397438049316,0.031373987440019846,rt_fast_path,0.885140965692699,0.9406320168636739,1.0799180017784238,16.734268981963396
72,1.2091765539953485,16.747932008001953,0.13328896602615714,0.031893025152385235,rt_fast_path,0.5081949639134109,0.563807028811425,0.7041299832053483,16.793991962913424
73,1.2259810459800065,16.804491984657943,0.10033301077783108,0.024736975319683552,rt_fast_path,0.6768740131519735,0.7196509977802634,0.8255629800260067,16.823972982820123
74,1.2428146199672483,16.833573987241834,0.08986500324681401,0.0233770115301013,rt_fast_path,0.8517099777236581,0.8939489489421248,0.9884529863484204,16.729589027818292
75,1.2595541359623894,16.73951599514112,0.09336299262940884,0.023551983758807182,rt_fast_path,0.5760579952038825,0.6270500016398728,0.7252700161188841,16.72924100421369
76,1.2762925869901665,16.738451027777046,0.08334900485351682,0.020753999706357718,rt_fast_path,0.6658160127699375,0.7025189697742462,0.7899989723227918,16.795200994238257
77,1.2930979449884035,16.805357998237014,0.08798897033557296,0.02309802221134305,rt_fast_path,0.6902680033817887,0.732666056137532,0.825554016046226,16.789301007520407
78,1.3098969069542363,16.79896196583286,0.0950259855017066,0.026070978492498398,rt_fast_path,0.6136140436865389,0.6573399878107011,0.7575490162707865,16.779022000264376
79,1.3266848189523444,16.78791199810803,0.09019294520840049,0.022984982933849096,rt_fast_path,0.6631439900957048,0.7036100141704082,0.7988850120455027,16.792625014204532
80,1.3434856630046852,16.800844052340835,0.07550400914624333,0.020064995624125004,rt_fast_path,0.6739620002917945,0.7092889863997698,0.7886879611760378,16.79935195716098
81,1.360293689998798,16.80802699411288,0.06383296567946672,0.01680204877629876,rt_fast_path,0.5459969979710877,0.5764470552094281,0.6431890069507062,16.729524999391288
82,1.3770293989800848,16.735708981286734,0.06664602551609278,0.016928999684751034,rt_fast_path,0.3126180381514132,0.3419689601287246,0.4117789794690907,17.258319014217705
83,1.394293385965284,17.263986985199153,0.06191898137331009,0.016615958884358406,rt_fast_path,0.2690930268727243,0.2974980161525309,0.36226800875738263,16.730278031900525
84,1.411029929004144,16.736543038859963,0.054886972066015005,0.015210011042654514,rt_fast_path,0.41726301424205303,0.4450419801287353,0.5021359538659453,16.733077995013446
85,1.427772887982428,16.74295897828415,0.08496595546603203,0.02195400884374976,rt_fast_path,1.6646399744786322,1.7055520438589156,1.7953860224224627,16.739375016186386
86,1.444525029975921,16.75214199349284,0.13664597645401955,0.033213000278919935,rt_fast_path,0.8748709806241095,0.9300530073232949,1.073614985216409,16.924664028920233
87,1.4614665159606375,16.941485984716564,0.13863499043509364,0.03274501068517566,rt_fast_path,0.3571660490706563,0.41161500848829746,0.5582800367847085,16.737790021579713
88,1.4782150319661014,16.748516005463898,0.18132501281797886,0.02720701741054654,rt_fast_path,0.42095297249034047,0.4663820145651698,0.6537000299431384,16.73681498505175
89,1.4949667479959317,16.751716029830277,0.12903200695291162,0.03350101178511977,rt_fast_path,0.36682799691334367,0.42095500975847244,0.557378982193768,16.734415956307203
90,1.5117081169737503,16.741368977818638,0.10390096576884389,0.015183002687990665,rt_fast_path,0.27329399017617106,0.3010170185007155,0.4085020045749843,16.726734989788383
91,1.5284415200003423,16.733403026591986,0.04986301064491272,0.012985023204237223,rt_fast_path,0.5303489742800593,0.5542769795283675,0.6067819776944816,16.798170981928706
92,1.5452501099789515,16.808589978609234,0.08080498082563281,0.01948996214196086,rt_fast_path,1.045114011503756,1.0817209840752184,1.1671389802359045,16.73565397504717
93,1.5620000379858539,16.749928006902337,0.1341290189884603,0.029103015549480915,rt_fast_path,0.4358770092949271,0.4850850091315806,0.6259660003706813,16.737610974814743
94,1.5787500709993765,16.750033013522625,0.1234749797731638,0.03173400182276964,rt_fast_path,0.9056330309249461,0.9614499867893755,1.0924709495157003,16.73038996523246
95,1.5954905529506505,16.740481951273978,0.10158400982618332,0.02443796256557107,rt_fast_path,0.4410159890539944,0.48490799963474274,0.5920650437474251,16.745354048907757
96,1.6123187670018524,16.82821405120194,0.07696397369727492,0.01761701423674822,rt_fast_path,0.28815597761422396,0.3172410069964826,0.39841997204348445,16.736154968384653
97,1.6290618219645694,16.743054962716997,0.05294196307659149,0.012989039532840252,rt_fast_path,0.315551005769521,0.34000398591160774,0.39578299038112164,16.724822984542698
98,1.6457933170022443,16.731495037674904,0.052468967624008656,0.012649979908019304,rt_fast_path,0.4223880241625011,0.4464189987629652,0.5014519556425512,16.733481956180185
99,1.662533505994361,16.7401889921166,0.05325197707861662,0.013725017197430134,rt_fast_path,0.274488003924489,0.30025700107216835,0.35649596247822046,16.713137971237302
100,1.679253335983958,16.7198299895972,0.05164300091564655,0.013070995919406414,rt_fast_path,0.3845850005745888,0.41079201037064195,0.46517798909917474,16.80541702080518
101,1.6960665049846284,16.813169000670314,0.0557539751753211,0.014327990356832743,rt_fast_path,0.29466202249750495,0.3236480406485498,0.382248021196574,17.930778965819627
102,1.714001667976845,17.935162992216647,0.04895601887255907,0.012737989891320467,rt_fast_path,1.1444429983384907,1.1669759987853467,1.218073011841625,16.725903027690947
103,1.730731505958829,16.72983798198402,0.04141899989917874,0.01122703542932868,rt_fast_path,0.6941879983060062,0.7152960170060396,0.758592039346695,16.726647038012743
104,1.7474630419746973,16.731536015868187,0.04725699545815587,0.011383031960576773,rt_fast_path,0.8245429489761591,0.8467820007354021,0.8966010063886642,16.726472007576376
105,1.7641932209953666,16.73017902066931,0.042597996070981026,0.010252988431602716,rt_fast_path,1.5058749704621732,1.5258310013450682,1.5706709818914533,16.726023983210325
106,1.7809241240029223,16.730903007555753,0.03919296432286501,0.011078955139964819,rt_fast_path,0.7883450016379356,0.8094650111161172,0.8504989673383534,16.720725980121642
107,1.7976489089778624,16.72478497494012,0.03476702840998769,0.00968598760664463,rt_fast_path,1.0647560120560229,1.0828919475898147,1.1195939732715487,16.725705994758755
108,1.8143794710049406,16.730562027078122,0.03579800250008702,0.010023009963333607,rt_fast_path,0.2800120273604989,0.2993470407091081,0.33685099333524704,16.977637948002666
109,1.831373294990044,16.993823985103518,0.08776900358498096,0.017301994375884533,rt_fast_path,0.4695249954238534,0.5034409696236253,0.5978699773550034,16.8387969606556
110,1.8482257459545508,16.852450964506716,0.06541103357449174,0.01310399966314435,rt_fast_path,0.39600097807124257,0.4225479788146913,0.4982170066796243,17.118056013714522
111,1.865351793996524,17.126048041973263,0.053705996833741665,0.014379969798028469,rt_fast_path,0.7354900008067489,0.7622219854965806,0.8186049526557326,16.73461199970916
112,1.8820934599498287,16.74166595330462,0.050731003284454346,0.013541022781282663,rt_fast_path,0.3275949857197702,0.3519160090945661,0.4052590229548514,16.832148015964776
113,1.8989426149637438,16.84915501391515,0.08523795986548066,0.014947028830647469,rt_fast_path,0.9420259739272296,0.9725300478748977,1.0646870359778404,16.739971993956715
114,1.9156898749643005,16.747260000556707,0.0546859810128808,0.01379597233608365,rt_fast_path,0.2140760188922286,0.23943401174619794,0.29685499612241983,16.733328986447304
115,1.9324307949864306,16.740920022130013,0.057402008678764105,0.013601966202259064,rt_fast_path,0.33204397186636925,0.359566998668015,0.42003998532891273,16.73324196599424
116,1.9491712509770878,16.74045599065721,0.05872704787179828,0.014071003533899784,rt_fast_path,0.3503950429148972,0.37844397593289614,0.440164003521204,16.80314599070698
117,1.9659818789805286,16.810628003440797,0.05913799395784736,0.015206984244287014,rt_fast_path,0.425818026997149,0.4557439824566245,0.5178569699637592,16.735634999349713
118,1.9827279949677177,16.746115987189114,0.08875899948179722,0.02200400922447443,rt_fast_path,1.1518579558469355,1.1896929936483502,1.2836370151489973,16.727192036341876
119,1.99946075695334,16.732761985622346,0.04809297388419509,0.013606972061097622,rt_fast_path,4.725625040009618,4.7498419880867,4.799876012839377,16.7250550002791
120,2.0161889540031552,16.728197049815208,0.03516103606671095,0.014910998288542032,rt_fast_path,0.663458020426333,0.6872880039736629,0.7238709949888289,16.723334963899106
121,2.0329165589646436,16.727604961488396,0.049847003538161516,0.0097420415841043,rt_fast_path,0.770432990975678,0.7885439554229379,0.839749991428107,16.72261202475056
122,2.0496428170008585,16.72625803621486,0.03967899829149246,0.01121999230235815,rt_fast_path,0.9468210046179593,0.9676560293883085,1.0090519790537655,16.726891975849867
123,2.0663734179688618,16.730600968003273,0.03295001806691289,0.010029005352407694,rt_fast_path,1.021076983306557,1.0394819546490908,1.0738259879872203,16.720015031751245
124,2.0830980939790606,16.72467601019889,0.052397954277694225,0.013719021808356047,rt_fast_path,1.292992033995688,1.3174950145184994,1.3720759889110923,16.72334602335468
125,2.099825446959585,16.7273529805243,0.045080960262566805,0.012511038221418858,rt_fast_path,1.855594979133457,1.877491013146937,1.9245040020905435,16.723448992706835
126,2.1165521479560994,16.72670099651441,0.0347549794241786,0.010943040251731873,rt_fast_path,1.144681009463966,1.1638770229183137,1.2000150163657963,16.683530993759632
127,2.133239816990681,16.68766903458163,0.03808405017480254,0.011146010365337133,rt_fast_path,0.45189104275777936,0.47189596807584167,0.51171297673136,16.721215972211212
128,2.1499647519667633,16.724934976082295,0.03131397534161806,0.009466020856052637,rt_fast_path,0.28269196627661586,0.30063698068261147,0.33357099164277315,16.83974202023819
129,2.1668085519922897,16.843800025526434,0.031131028663367033,0.00994902802631259,rt_fast_path,1.121337991207838,1.1396139743737876,1.1721199844032526,16.726481961086392
130,2.1835407589678653,16.732206975575536,0.042580009903758764,0.011889031156897545,rt_fast_path,0.4873110447078943,0.5090780323371291,0.5534720257855952,17.386992985848337
131,2.2009306289837696,17.389870015904307,0.03336597001180053,0.009948969818651676,rt_fast_path,0.2600849838927388,0.27955498080700636,0.3146709641441703,19.430234970059246
132,2.2203640549560077,19.433425972238183,0.036835961509495974,0.010616960935294628,rt_fast_path,0.6127760279923677,0.6316900253295898,0.6702570244669914,16.724603017792106
133,2.237092619005125,16.728564049117267,0.031239003874361515,0.009297975338995457,rt_fast_path,0.38998702075332403,0.4075519973412156,0.4401609767228365,19.615474971942604
134,2.2567121489555575,19.61952995043248,0.0307890004478395,0.00935897696763277,rt_fast_path,0.33936300314962864,0.35803799983114004,0.39011804619804025,16.72346401028335
135,2.273438660951797,16.726511996239424,0.030903960578143597,0.009103037882596254,rt_fast_path,3.233542025554925,3.2519230153411627,3.284319012891501,16.72355004120618
136,2.2901663669617847,16.72770600998774,0.045138003770262,0.01423998037353158,rt_fast_path,1.3413680135272443,1.3656109804287553,1.4130219933576882,16.72002801205963
137,2.3068899319623597,16.723565000575036,0.033949967473745346,0.01040496863424778,rt_fast_path,0.5334230372682214,0.5522040301002562,0.5876250215806067,16.723019012715667
138,2.3236171180033125,16.7271860409528,0.03077695146203041,0.009187031537294388,rt_fast_path,0.6506240461021662,0.6680950173176825,0.7001509657129645,16.72276499448344
139,2.340343813993968,16.72669599065557,0.031719973776489496,0.009458977729082108,rt_fast_path,0.8056950173340738,0.8236329886130989,0.8567319600842893,16.72447397140786
140,2.357070956961252,16.727142967283726,0.0311780022457242,0.009398034308105707,rt_fast_path,0.605691981036216,0.6233369931578636,0.6560520268976688,16.723018023185432
141,2.373797165986616,16.72620902536437,0.03475695848464966,0.009738956578075886,rt_fast_path,1.4144660090096295,1.4339250046759844,1.470097980927676,16.72387996222824
142,2.3905251279938966,16.72796200728044,0.03820197889581323,0.011881988029927015,rt_fast_path,0.738822971470654,0.7599879754707217,0.7997799548320472,16.710180963855237
143,2.4072387899504974,16.713661956600845,0.03177800681442022,0.009698967915028334,rt_fast_path,1.2117649894207716,1.2355190119706094,1.2686970294453204,16.806415049359202
144,2.4240599739714526,16.821184020955116,0.08836900815367699,0.015702040400356054,rt_fast_path,0.5682490300387144,0.5980809801258147,0.6924130138941109,16.794690978713334
145,2.4408682179637253,16.808243992272764,0.09933201363310218,0.01436303136870265,rt_fast_path,0.3631829749792814,0.39175397250801325,0.49664301332086325,16.797712014522403
146,2.4576796779874712,16.811460023745894,0.06322900298982859,0.01373200211673975,rt_fast_path,0.4847500240430236,0.5122339935041964,0.5810229922644794,16.830102016683668
147,2.4745135459816083,16.83386799413711,0.043387000914663076,0.011337979231029749,rt_fast_path,0.8824300020933151,0.9036730043590069,0.949045002926141,16.721151012461632
148,2.4912379749584943,16.724428976885974,0.03678101347759366,0.011089025065302849,rt_fast_path,0.335870950948447,0.35724497865885496,0.3954530111514032,16.722634027246386
149,2.507964023970999,16.726049012504518,0.031988020054996014,0.009034993126988411,rt_fast_path,0.6228020065464079,0.6398319965228438,0.6733509944751859,16.722680011298507
150,2.5246893289731815,16.725305002182722,0.03157398896291852,0.009512004908174276,rt_fast_path,0.9096910362131894,0.9271720191463828,0.9602360078133643,16.725864028558135
151,2.5414188309805468,16.729502007365227,0.04082400118932128,0.010864983778446913,rt_fast_path,0.8468900341540575,0.8720079786144197,0.9146509692072868,16.733765020035207
152,2.558163005975075,16.744174994528294,0.07902301149442792,0.014064018614590168,rt_fast_path,0.31968700932338834,0.34407898783683777,0.4273679805919528,16.731903015170246
153,2.5749040359514765,16.741029976401478,0.06063701584935188,0.011030002497136593,rt_fast_path,0.2248039818368852,0.24523102911189198,0.3094040439464152,16.738972044549882
154,2.591651729948353,16.747693996876478,0.059726997278630733,0.011147989425808191,rt_fast_path,1.3834330020472407,1.4084320282563567,1.4719210448674858,16.725242021493614
155,2.6083817479666322,16.730018018279225,0.06492005195468664,0.016093021258711815,rt_fast_path,0.5012229667045176,0.5289019900374115,0.5966810276731849,17.396614013705403
156,2.625782724993769,17.400977027136832,0.04447100218385458,0.011460972018539906,rt_fast_path,2.8909299871884286,2.91504297638312,2.9614559607580304,16.735823010094464
157,2.6425331420032308,16.75041700946167,0.1214920193888247,0.03560999175533652,rt_fast_path,0.3248340217396617,0.37954101571813226,0.5069199833087623,16.73428196227178
158,2.6592812769813463,16.74813497811556,0.11967599857598543,0.02337503246963024,rt_fast_path,1.0351800010539591,1.0886709787882864,1.2150179827585816,16.799226985313
159,2.6760926789720543,16.811401990707964,0.12105301721021533,0.04551798338070512,rt_fast_path,0.5891259643249214,0.6509459926746786,0.7768080104142427,16.723221982829273
160,2.69282023597043,16.727556998375803,0.047623005229979753,0.012992997653782368,rt_fast_path,0.8286790107376873,0.8529789629392326,0.9032789967022836,16.72334602335468
161,2.709547953971196,16.72771800076589,0.03429304342716932,0.010504969395697117,rt_fast_path,1.1451150057837367,1.1639409931376576,1.199798018205911,16.687176015693694
162,2.726238813949749,16.690859978552908,0.030049006454646587,0.008898961823433638,rt_fast_path,0.27358398074284196,0.2911639749072492,0.3228540299460292,18.91838904703036
163,2.745162527950015,18.923714000266045,0.055472017265856266,0.016780977603048086,rt_fast_path,1.1248340015299618,1.1538490070961416,1.2119990424253047,16.725722001865506
164,2.7618925989954732,16.730071045458317,0.05394895561039448,0.013751036021858454,rt_fast_path,1.3101670192554593,1.3379930169321597,1.394165970850736,16.9080329942517
165,2.7788072809926234,16.914681997150183,0.06881001172587276,0.016167003195732832,rt_fast_path,0.3795779775828123,0.4091329756192863,0.4811519756913185,16.770239977631718
166,2.7955841929651797,16.776911972556263,0.05445297574624419,0.014290038961917162,rt_fast_path,0.4066210240125656,0.43337198439985514,0.49047399079427123,16.73297502566129
167,2.8123235770035535,16.739384038373828,0.05167402559891343,0.01368398079648614,rt_fast_path,0.6283039692789316,0.6542729679495096,0.7084849639795721,16.77222194848582
168,2.8291026459774002,16.779068973846734,0.053894007578492165,0.013569951988756657,rt_fast_path,0.5716049927286804,0.597322010435164,0.6538680172525346,16.78435900248587
169,2.8458938459516503,16.79119997425005,0.051937997341156006,0.013315991964191198,rt_fast_path,0.7109820144250989,0.7368729566223919,0.7916030008345842,16.78010105388239
170,2.862681682978291,16.787837026640773,0.08390401490032673,0.021431013010442257,rt_fast_path,0.37430599331855774,0.4130000015720725,0.5008759908378124,16.729192982893437
171,2.8794183610007167,16.73667802242562,0.07319101132452488,0.018219987396150827,rt_fast_path,0.21694798488169909,0.24815299548208714,0.32504595583304763,16.727743961382657
172,2.8961530219530687,16.734660952351987,0.053935975302010775,0.013573968317359686,rt_fast_path,0.2754760207608342,0.30410103499889374,0.36086904583498836,16.7970210313797
173,2.912957372958772,16.80435100570321,0.0522820046171546,0.01313001848757267,rt_fast_path,0.3961549955420196,0.4212590283714235,0.47621404519304633,16.746943991165608
174,2.929712307988666,16.754935029894114,0.05368900019675493,0.012998003512620926,rt_fast_path,0.19902404164895415,0.2230019890703261,0.27914700331166387,16.725971014238894
175,2.9464453059481457,16.73299795947969,0.05600100848823786,0.01405901275575161,rt_fast_path,0.2507600001990795,0.27656398015096784,0.33541000448167324,16.723677050322294
176,2.963174632983282,16.72932703513652,0.05106697790324688,0.0133890425786376,rt_fast_path,0.30392600456252694,0.3327659796923399,0.38634997326880693,16.725407971534878
177,2.9799061099765822,16.73147699330002,0.05239300662651658,0.013398996088653803,rt_fast_path,0.3791190101765096,0.40356500539928675,0.4585810238495469,16.72860002145171
178,2.9966401099809445,16.734000004362315,0.049224996473640203,0.01293595414608717,rt_fast_path,0.35278499126434326,0.3774189972318709,0.42894796933978796,16.73295901855454
179,3.0133780569885857,16.737947007641196,0.05008996231481433,0.01354399137198925,rt_fast_path,0.22722198627889156,0.2513690269552171,0.3037549904547632,16.724952962249517
180,3.0301092789741233,16.73122198553756,0.052966002840548754,0.014192017260938883,rt_fast_path,0.30936498660594225,0.33593602711334825,0.3923000185750425,16.73322799615562
181,3.046847698977217,16.73842000309378,0.05044002318754792,0.013387994840741158,rt_fast_path,0.1892510335892439,0.21336396457627416,0.26616198010742664,16.735518001951277
182,3.0635894759907387,16.74177701352164,0.05121499998494983,0.01321698073297739,rt_fast_path,0.37265499122440815,0.39655802538618445,0.4503339878283441,16.735236975364387
183,3.080329988966696,16.740512975957245,0.05007802974432707,0.012770993635058403,rt_fast_path,0.3842250443994999,0.4083589883521199,0.46089402167126536,16.72521303407848
184,3.0970623409957625,16.732352029066533,0.05815702024847269,0.014515011571347713,rt_fast_path,0.30403200071305037,0.33118599094450474,0.3927249927073717,16.724212968256325
185,3.1137911879923195,16.728846996556967,0.04966201959177852,0.012992008123546839,rt_fast_path,0.3395969979465008,0.3636789624579251,0.4157599760219455,16.72613399568945
186,3.130523693980649,16.73250598832965,0.05115399835631251,0.013080018106848001,rt_fast_path,0.34223601687699556,0.3662939998321235,0.42022200068458915,16.71942399116233
187,3.1472483910038136,16.72469702316448,0.0501589966006577,0.012621982023119926,rt_fast_path,0.3559109754860401,0.37908501690253615,0.4315829719416797,16.726125963032246
188,3.163980155950412,16.73176494659856,0.05184602923691273,0.012973963748663664,rt_fast_path,0.3795429947786033,0.4032839788123965,0.45749201672151685,16.733443015255034
189,3.1807193830027245,16.739227052312344,0.05171500379219651,0.013559998478740454,rt_fast_path,0.19926601089537144,0.22385298507288098,0.2780999639071524,16.732496966142207
190,3.1974578200024553,16.738436999730766,0.05085195880383253,0.01298496499657631,rt_fast_path,0.19898201571777463,0.22232404444366693,0.27561699971556664,16.736532968934625
191,3.214218593959231,16.760773956775665,0.05392497405409813,0.013433978892862797,rt_fast_path,0.24682498769834638,0.27137401048094034,0.32815401209518313,16.73377404222265
192,3.230957727995701,16.739134036470205,0.050286995247006416,0.012864999007433653,rt_fast_path,0.24452898651361465,0.268060015514493,0.3206839901395142,16.73015597043559
193,3.247693413984962,16.735685989260674,0.05025602877140045,0.012666045222431421,rt_fast_path,0.4299120046198368,0.4530629958026111,0.5056399968452752,16.72354299807921
194,3.2644223909592256,16.728976974263787,0.0500820460729301,0.01293898094445467,rt_fast_path,0.3799879923462868,0.4036789759993553,0.4561300156638026,16.746968030929565
195,3.281220765959006,16.798374999780208,0.05393504397943616,0.013482000213116407,rt_fast_path,0.45034801587462425,0.47427095705643296,0.5320259951986372,16.74487499985844
196,3.2979989309678786,16.778165008872747,0.06383599247783422,0.01469894777983427,rt_fast_path,0.23828900884836912,0.2653340343385935,0.3427190240472555,16.733038006350398
197,3.3147387549979612,16.739824030082673,0.0537420273758471,0.013797951396554708,rt_fast_path,0.35711401142179966,0.3823729930445552,0.43882697355002165,16.759636986535043
198,3.331531556963455,16.79280196549371,0.09592005517333746,0.013994984328746796,rt_fast_path,0.31122000655159354,0.33673597499728203,0.4460560157895088,16.753264993894845
199,3.348321245983243,16.789689019788057,0.10167696746066213,0.013394048437476158,rt_fast_path,0.2371789887547493,0.2613600227050483,0.37988799158483744,16.788700013421476
200,3.3651164769544266,16.795230971183628,0.05576200783252716,0.014560995623469353,rt_fast_path,0.28638000367209315,0.3124779905192554,0.3707690048031509,16.72535703983158
201,3.3818470879923552,16.73061103792861,0.052759016398340464,0.013498007319867611,rt_fast_path,0.3600800409913063,0.385344959795475,0.4405629588291049,16.731238982174546
202,3.3985834500053898,16.736362013034523,0.05135603714734316,0.0130130210891366,rt_fast_path,0.2177839633077383,0.24229497648775578,0.29597897082567215,16.73291396582499
203,3.4153213599929586,16.737909987568855,0.05155900726094842,0.013068958651274443,rt_fast_path,0.23315998259931803,0.25695597287267447,0.3107439843006432,16.73211599700153
204,3.432060365972575,16.739005979616195,0.06318103987723589,0.015798956155776978,rt_fast_path,0.22640899987891316,0.2552609657868743,0.32141199335455894,16.727964975871146
205,3.4487939669634216,16.733600990846753,0.05334295565262437,0.013747019693255424,rt_fast_path,0.26017799973487854,0.2848260337486863,0.3406680189073086,16.72199001768604
206,3.4655205250019208,16.726558038499206,0.04963303217664361,0.012853997759521008,rt_fast_path,0.2565230242908001,0.2802090020850301,0.33206900116056204,16.722610977012664
207,3.482247889973223,16.72736497130245,0.05057296948507428,0.013357028365135193,rt_fast_path,0.380904006306082,0.404820020776242,0.4576370120048523,16.733917000237852
208,3.498986995953601,16.739105980377644,0.050870003178715706,0.012930948287248611,rt_fast_path,0.23531599435955286,0.2593679819256067,0.3126470255665481,16.737280995585024
209,3.5157434879802167,16.756492026615888,0.05185900954529643,0.01314899418503046,rt_fast_path,0.21715799812227488,0.24111999664455652,0.29521301621571183,16.735679004341364
210,3.5324849489843473,16.741461004130542,0.05069701001048088,0.01289398642256856,rt_fast_path,0.4257449763827026,0.4495119792409241,0.5026059807278216,16.731531999539584
211,3.5492217599530704,16.736810968723148,0.05279801553115249,0.01289398642256856,rt_fast_path,0.37205900298431516,0.39549899520352483,0.4509510472416878,16.816469025798142
212,3.566043156955857,16.821397002786398,0.049613998271524906,0.012708012945950031,rt_fast_path,0.22052699932828546,0.24369399761781096,0.2957610413432121,16.7294800048694
213,3.5827773179626092,16.7341610067524,0.05009496817365289,0.013024022337049246,rt_fast_path,0.40345703018829226,0.42724801460281014,0.4795700078830123,16.735268000047654
214,3.599517399969045,16.74008200643584,0.0495149870403111,0.012872973456978798,rt_fast_path,0.2506729797460139,0.2737289760261774,0.32569398172199726,16.720521030947566
215,3.6162438889732584,16.726489004213363,0.05464599234983325,0.013948010746389627,rt_fast_path,0.24609401589259505,0.27169001987203956,0.32878603087738156,16.734061995521188
216,3.632983693969436,16.739804996177554,0.052238989155739546,0.013159995432943106,rt_fast_path,0.3808559849858284,0.40500902105122805,0.45967299956828356,16.72955002868548
217,3.649718355969526,16.734662000089884,0.05060900002717972,0.01308502396568656,rt_fast_path,0.4106410196982324,0.43444999027997255,0.4874599981121719,16.735323006287217
218,3.6664588369894773,16.740481019951403,0.04860101034864783,0.012725009582936764,rt_fast_path,0.3681499511003494,0.39128598291426897,0.4422049969434738,16.718183003831655
219,3.6832025859621353,16.743748972658068,0.070622016210109,0.01273199450224638,rt_fast_path,0.26040099328383803,0.28356502298265696,0.3665520343929529,16.7318630265072
220,3.699940443970263,16.73785800812766,0.11067901505157351,0.013994984328746796,rt_fast_path,0.24514098186045885,0.27147697983309627,0.38501498056575656,16.741800995077938
221,3.7166867969790474,16.746353008784354,0.04976399941369891,0.012503005564212799,rt_fast_path,0.23251597303897142,0.25538098998367786,0.3074479755014181,16.73501601908356
222,3.7334273859742098,16.740588995162398,0.05124002927914262,0.013241020496934652,rt_fast_path,0.37532998248934746,0.3990809782408178,0.4527120036073029,16.728996008168906
223,3.750162090000231,16.734704026021063,0.050754984840750694,0.015298952348530293,rt_fast_path,0.3702269750647247,0.39607903454452753,0.44920999789610505,16.730383969843388
224,3.7668983099865727,16.736219986341894,0.04874495789408684,0.013031996786594391,rt_fast_path,0.23719901219010353,0.26029301807284355,0.3114329883828759,16.732232994399965
225,3.7836366400006227,16.738330014050007,0.0526169897057116,0.01376104773953557,rt_fast_path,0.24337595095857978,0.2682540216483176,0.3233909956179559,16.746257955674082
226,3.8004493199987337,16.81267999811098,0.05174102261662483,0.012759002856910229,rt_fast_path,0.2824320108629763,0.3057579742744565,0.3766099689528346,16.737803991418332
227,3.8172152809565887,16.765960957854986,0.06474001565948129,0.012629025150090456,rt_fast_path,0.2867389703169465,0.309608003590256,0.38720702286809683,16.730340023059398
228,3.8339503089664504,16.735028009861708,0.049269001465290785,0.012650038115680218,rt_fast_path,0.4013630095869303,0.42465003207325935,0.476488028652966,16.74389699473977
229,3.8507072549546137,16.756945988163352,0.048735004384070635,0.012636999599635601,rt_fast_path,0.21618802566081285,0.2390379668213427,0.29019900830462575,16.72949001658708
230,3.8674418489681557,16.734594013541937,0.04971399903297424,0.01305900514125824,rt_fast_path,0.24838699027895927,0.27205300284549594,0.3242469974793494,16.75381703535095
231,3.8842154489830136,16.773600014857948,0.05663296906277537,0.015488010831177235,rt_fast_path,0.2421489916741848,0.26876601623371243,0.32816099701449275,16.730672970879823
232,3.9009508789749816,16.735429991967976,0.05207100184634328,0.013365992344915867,rt_fast_path,0.291112984996289,0.3150510019622743,0.3695189952850342,16.75447099842131
233,3.9177109919837676,16.760113008785993,0.050597009249031544,0.013090029824525118,rt_fast_path,0.2551869838498533,0.2786180120892823,0.33146701753139496,16.70408301288262
234,3.934439405973535,16.728413989767432,0.0706510036252439,0.012567033991217613,rt_fast_path,0.7992630125954747,0.8241150062531233,0.9063429897651076,16.732965013943613
235,3.951177390990779,16.737985017243773,0.05560199497267604,0.013324024621397257,rt_fast_path,0.25305995950475335,0.27712900191545486,0.3353040083311498,16.729622962884605
236,3.9679120630025864,16.73467201180756,0.04934699973091483,0.012859993148595095,rt_fast_path,0.3546380321495235,0.37805800093337893,0.4296409897506237,16.736207995563745
237,3.984653018997051,16.740955994464457,0.04988402361050248,0.013009004760533571,rt_fast_path,0.25563500821590424,0.2789819845929742,0.33123698085546494,16.731782990973443
238,4.00138957699528,16.736557998228818,0.048156012780964375,0.012703996617347002,rt_fast_path,0.2257500309497118,0.2487190067768097,0.2993060043081641,16.746561974287033
239,4.018148329982068,16.75875298678875,0.04925701068714261,0.012689037248492241,rt_fast_path,0.2666360232979059,0.2896719961427152,0.3412559744901955,16.733063966967165
240,4.034886420995463,16.738091013394296,0.05042302655056119,0.012896023690700531,rt_fast_path,0.21986203501001,0.24302396923303604,0.29624096350744367,16.7295360006392
241,4.051621057966258,16.73463697079569,0.05193403922021389,0.013137003406882286,rt_fast_path,0.3767809830605984,0.40038995211943984,0.4548599827103317,16.729063994716853
242,4.068355133989826,16.734076023567468,0.04764902405440807,0.012372969649732113,rt_fast_path,0.237122003454715,0.25935098528862,0.3095649881288409,16.76110696280375
243,4.08512060897192,16.76547498209402,0.04655699012801051,0.012405042070895433,rt_fast_path,0.23660901933908463,0.2597330021671951,0.30849798349663615,16.73525501973927
244,4.101860468974337,16.739860002417117,0.04904402885586023,0.012481992598623037,rt_fast_path,0.36979600554332137,0.39240799378603697,0.4438720061443746,16.72904600854963
245,4.1185947000049055,16.73423103056848,0.048520974814891815,0.012733042240142822,rt_fast_path,0.2206079661846161,0.2437779912725091,0.2946289605461061,16.731645970139652
246,4.13533128995914,16.73658995423466,0.05264300853013992,0.0137019669637084,rt_fast_path,0.24844001745805144,0.2729379921220243,0.32804999500513077,16.731263021938503
247,4.152067380957305,16.73609099816531,0.04777702270075679,0.012537988368421793,rt_fast_path,0.23141095880419016,0.25393400574103,0.3041630261577666,16.73967100214213
248,4.168819958984386,16.752578027080745,0.11840200750157237,0.028793001547455788,rt_fast_path,0.47874299343675375,0.5295590381138027,0.6548800156451762,16.733383003156632
249,4.185560732963495,16.74077397910878,0.09077502181753516,0.023291038814932108,rt_fast_path,0.2425570273771882,0.28093100991100073,0.3756750375032425,16.68847003020346
250,4.202281929960009,16.721196996513754,0.07694103987887502,0.014416989870369434,rt_fast_path,0.25043997447937727,0.2762629883363843,0.36878802347928286,16.72920404234901
251,4.219016722985543,16.7347930255346,0.05218700971454382,0.013154000043869019,rt_fast_path,0.36085903411731124,0.3852330264635384,0.43978600297123194,16.81733998702839
252,4.23584017396206,16.82345097651705,0.05620799493044615,0.014351971913129091,rt_fast_path,0.43273804476484656,0.4588129813782871,0.517664011567831,16.757208039052784
253,4.252626027970109,16.785854008048773,0.05377503111958504,0.013040960766375065,rt_fast_path,0.45911199413239956,0.4830129910260439,0.545123009942472,16.73273800406605
254,4.2693647489650175,16.738720994908363,0.051759008783847094,0.012849981430917978,rt_fast_path,2.4755040067248046,2.5000189780257642,2.554211998358369,16.754782991483808
255,4.286162210977636,16.79746201261878,0.04776596324518323,0.013693002983927727,rt_fast_path,0.20740804029628634,0.23184198653325438,0.28385897167026997,16.7318630265072
256,4.3028995679924265,16.737357014790177,0.05358399357646704,0.01426198286935687,rt_fast_path,0.22879999596625566,0.2542510046623647,0.3102729679085314,16.733362979721278
257,4.319638087996282,16.73852000385523,0.051829032599925995,0.013071985449641943,rt_fast_path,0.24887803010642529,0.27270999271422625,0.3268389846198261,16.739254991989583
258,4.3364043979672715,16.766309970989823,0.09102496551349759,0.012735952623188496,rt_fast_path,0.3008490311913192,0.324223015923053,0.4282220033928752,16.74057001946494
259,4.353150337992702,16.745940025430173,0.05303800571709871,0.0135740265250206,rt_fast_path,0.2779689966700971,0.302470987662673,0.35817496245726943,16.728601010981947
260,4.369889169000089,16.73883100738749,0.08938502287492156,0.0226919655688107,rt_fast_path,1.1632730020210147,1.204023021273315,1.298710994888097,16.735399956814945
261,4.386632922978606,16.743753978516906,0.08557003457099199,0.02286199014633894,rt_fast_path,0.31005602795630693,0.34917995799332857,0.4388099769130349,16.7421440128237
262,4.403402478958014,16.769555979408324,0.0937760341912508,0.01612299820408225,rt_fast_path,0.22807595087215304,0.25642599212005734,0.36332302261143923,16.7414850438945
263,4.420170322002377,16.767843044362962,0.08662801701575518,0.012922042515128851,rt_fast_path,0.2829189761541784,0.30672497814521194,0.4057159530930221,16.72380999661982
264,4.436899020976853,16.728698974475265,0.04879100015386939,0.0130069674924016,rt_fast_path,0.3608870320022106,0.38450502324849367,0.4357110010460019,16.73048798693344
265,4.45363477000501,16.735749028157443,0.053675961680710316,0.013587996363639832,rt_fast_path,0.3757360391318798,0.4007460083812475,0.45709696132689714,16.730648989323527
266,4.47037100297166,16.736232966650277,0.054311007261276245,0.013267039321362972,rt_fast_path,0.22362201707437634,0.2479800023138523,0.3052030224353075,18.030360981356353
267,4.488411084981635,18.040082009974867,0.08061999687924981,0.019269995391368866,rt_fast_path,0.2958810073323548,0.3323160344734788,0.4171120235696435,16.73525699879974
268,4.505160183005501,16.749098023865372,0.12290000449866056,0.03034801920875907,rt_fast_path,0.3419439890421927,0.3951850230805576,0.525094976183027,17.009360948577523
269,4.5221838869620115,17.02370395651087,0.12420397251844406,0.028462964110076427,rt_fast_path,0.5244339699856937,0.5723930080421269,0.7037040195427835,16.766526037827134
270,4.538979994948022,16.79610798601061,0.11048500891774893,0.02644502092152834,rt_fast_path,0.28018001466989517,0.3250859444960952,0.441582000348717,16.824274032842368
271,4.555810310004745,16.83031505672261,0.06818299880251288,0.016365025658160448,rt_fast_path,0.2569910138845444,0.28614100301638246,0.3573859576135874,16.731276991777122
272,4.57254651596304,16.736205958295614,0.05136802792549133,0.013037992175668478,rt_fast_path,0.41319901356473565,0.43698999797925353,0.49102003686130047,16.785491025075316
273,4.589339439989999,16.792924026958644,0.05358003545552492,0.013950048014521599,rt_fast_path,0.25909801479429007,0.28380396543070674,0.3401389694772661,16.903523006476462
274,4.606250599958003,16.91115996800363,0.059206970036029816,0.013957032933831215,rt_fast_path,0.34665100974962115,0.37479103775694966,0.4370810347609222,16.733210009988397
275,4.622989309951663,16.73870999366045,0.052126997616142035,0.013620010577142239,rt_fast_path,0.40181103395298123,0.42657298035919666,0.4811540129594505,16.73082704655826
276,4.639725807996001,16.736498044338077,0.055988028179854155,0.013929035048931837,rt_fast_path,0.3558620228432119,0.38170296465978026,0.4405079525895417,16.731178970076144
277,4.656462385959458,16.73657796345651,0.05446199793368578,0.013489974662661552,rt_fast_path,0.40834100218489766,0.43327099410817027,0.49035600386559963,16.91535802092403
278,4.673411978001241,16.949592041783035,0.07109902799129486,0.014056975487619638,rt_fast_path,0.43898599687963724,0.4643609863705933,0.5498449900187552,16.790325986221433
279,4.6902119079604745,16.79992995923385,0.06921699969097972,0.01626601442694664,rt_fast_path,0.2660450409166515,0.2996379625983536,0.3723760019056499,16.849178005941212
280,4.707082095963415,16.870188002940267,0.05797500489279628,0.014349992852658033,rt_fast_path,0.4764589830301702,0.5058940150775015,0.5675560096278787,16.761122038587928
281,4.723872467991896,16.790372028481215,0.05450600292533636,0.013627053704112768,rt_fast_path,0.40953897405415773,0.4369289963506162,0.494528969284147,16.73405698966235
282,4.740613741974812,16.741273982916027,0.05647796206176281,0.01415301812812686,rt_fast_path,0.3892909735441208,0.4157480434514582,0.47503801761195064,16.829780011903495
283,4.757476244005375,16.86250203056261,0.059842015616595745,0.01580803655087948,rt_fast_path,0.649788009468466,0.6796329980716109,0.7426129886880517,16.80147397564724
284,4.774284778977744,16.80853497236967,0.055428012274205685,0.01349899685010314,rt_fast_path,0.3582889912649989,0.38597994716838,0.444119970779866,16.87558402772993
285,4.791206389956642,16.92161097889766,0.06751803448423743,0.014204008039087057,rt_fast_path,0.40725304279476404,0.4358349833637476,0.5213890108279884,16.751812014263123
286,4.807985345949419,16.7789559927769,0.06682297680526972,0.01719500869512558,rt_fast_path,0.46978797763586044,0.4999410011805594,0.579686020500958,16.79448300274089
287,4.824787418998312,16.802073048893362,0.06054196273908019,0.01601502299308777,rt_fast_path,0.3422469599172473,0.3704820410348475,0.4342219908721745,16.736137971747667
288,4.841528469987679,16.741050989367068,0.051762035582214594,0.013420009054243565,rt_fast_path,0.4000350018031895,0.4244130104780197,0.478541012853384,16.72414696076885
289,4.8582793599925935,16.750890004914254,0.1217630342580378,0.01342798350378871,rt_fast_path,0.2665719948709011,0.29130798066034913,0.4252929938957095,16.73993800068274
290,4.875045977998525,16.766618005931377,0.062064966186881065,0.01331098610535264,rt_fast_path,0.20982895512133837,0.23379299091175199,0.3079219604842365,16.756048949901015
291,4.891839279967826,16.793301969300956,0.05425803828984499,0.014021992683410645,rt_fast_path,0.45068602776154876,0.4781229654327035,0.5352619918994606,16.782463004346937
292,4.908640592999291,16.801313031464815,0.050364003982394934,0.0125730293802917,rt_fast_path,0.2155519905500114,0.23870199220255017,0.2914149663411081,16.849734995048493
293,4.925495332980063,16.854739980772138,0.050638976972550154,0.012755044735968113,rt_fast_path,0.26751996483653784,0.29045104747638106,0.343464023899287,16.73351600766182
294,4.942235461960081,16.7401289800182,0.051987997721880674,0.013298005796968937,rt_fast_path,0.2416960196569562,0.2660179743543267,0.32048299908638,16.861890035215765
295,4.959121297986712,16.885836026631296,0.0584570225328207,0.015038996934890747,rt_fast_path,0.48575398977845907,0.5151599762029946,0.5766809917986393,16.732092015445232
296,4.975858527002856,16.73722901614383,0.051242008339613676,0.01308199716731906,rt_fast_path,0.20579202100634575,0.22950099082663655,0.28320099227130413,16.728343965951353
297,4.992593947972637,16.735420969780535,0.05366996629163623,0.01393898855894804,rt_fast_path,0.23477000650018454,0.2600720035843551,0.3165199887007475,16.736425983253866
298,5.009355671994854,16.761724022217095,0.06412097718566656,0.013398996088653803,rt_fast_path,0.22033997811377048,0.2444380079396069,0.32019498758018017,16.759975987952203
299,5.026146670978051,16.790998983196914,0.05205004708841443,0.013949989806860685,rt_fast_path,0.45082904398441315,0.47625298611819744,0.5311190034262836,16.80222002323717
300,5.042956213990692,16.80954301264137,0.05374103784561157,0.013706972822546959,rt_fast_path,0.5645569763146341,0.5919209797866642,0.6484829937107861,16.73651597229764
301,5.059700317971874,16.74410398118198,0.061552971601486206,0.01575599890202284,rt_fast_path,0.5056060035713017,0.5358280031941831,0.6011489895172417,16.731387993786484
302,5.076437533949502,16.737215977627784,0.05760003114119172,0.0145210069604218,rt_fast_path,0.37143001100048423,0.3975229919888079,0.4581400426104665,16.730104049202055
303,5.093173041997943,16.73550804844126,0.0534169957973063,0.014752033166587353,rt_fast_path,0.2473389613442123,0.2755260211415589,0.33168098889291286,16.73066196963191
304,5.109909360995516,16.736318997573107,0.05600199801847339,0.014050980098545551,rt_fast_path,0.40529697434976697,0.43073599226772785,0.4895199672318995,16.72971196239814
305,5.126644449948799,16.735088953282684,0.05089596379548311,0.014441029634326696,rt_fast_path,0.38189400220289826,0.407136045396328,0.4605470458045602,16.729965049307793
306,5.143379563989583,16.735114040784538,0.049367023166269064,0.012703996617347002,rt_fast_path,0.23448601132258773,0.2574289683252573,0.3092229599133134,16.729782975744456
307,5.160114864003845,16.735300014261156,0.05294498987495899,0.01366704236716032,rt_fast_path,0.39087096229195595,0.41576597141101956,0.47119095688685775,16.730625997297466
308,5.176851052965503,16.736188961658627,0.052307965233922005,0.013165990822017193,rt_fast_path,0.3674030303955078,0.39120501605793834,0.4461230128072202,16.724543005693704
309,5.193581189960241,16.73013699473813,0.05321000935509801,0.013629032764583826,rt_fast_path,0.3301770193502307,0.3550469991751015,0.4108890425413847,16.721943044103682
310,5.210308074951172,16.726884990930557,0.0502800103276968,0.012558011803776026,rt_fast_path,0.22605498088523746,0.24836801458150148,0.30103803146630526,16.729159047827125
311,5.2270425239694305,16.7344490182586,0.05344499368220568,0.013714015949517488,rt_fast_path,0.33568701473996043,0.36050897324457765,0.41639700066298246,16.68667799094692
312,5.243733669980429,16.691146010998636,0.048254034481942654,0.0125669757835567,rt_fast_path,0.19943196093663573,0.22231298498809338,0.27289800345897675,16.733589000068605
313,5.260487113962881,16.753443982452154,0.05007500294595957,0.01368398079648614,rt_fast_path,0.3746969741769135,0.39857998490333557,0.45118900015950203,16.7336740414612
314,5.277255499968305,16.768386005423963,0.060421007219702005,0.014160003047436476,rt_fast_path,0.34497398883104324,0.3703969996422529,0.4433580324985087,16.734631033614278
315,5.293995177955367,16.73967798706144,0.05318800685927272,0.013070995919406414,rt_fast_path,0.24320196826010942,0.26801496278494596,0.3237180062569678,16.729013004805893
316,5.310729250952136,16.7340729967691,0.050731992814689875,0.013237004168331623,rt_fast_path,0.23351202253252268,0.257182982750237,0.3103570197708905,16.72981004230678
317,5.327463915979024,16.73466502688825,0.04859000910073519,0.012673030141741037,rt_fast_path,0.18956296844407916,0.21253101294860244,0.26372802676633,16.735200013499707
318,5.344203479995485,16.739564016461372,0.04972098395228386,0.012428034096956253,rt_fast_path,0.25614298647269607,0.2785339602269232,0.3304389538243413,16.73899299930781
319,5.360947109991685,16.74362999619916,0.04795100539922714,0.012644974049180746,rt_fast_path,0.3317900118418038,0.3547790111042559,0.405005004722625,16.733335971366614
320,5.377705566002987,16.75845601130277,0.1136469654738903,0.014528981409966946,rt_fast_path,0.2389869769103825,0.26420800713822246,0.39004196878522635,16.730298986658454
321,5.3944406639784575,16.735097975470126,0.04918401828035712,0.012880016583949327,rt_fast_path,0.19131798762828112,0.21459697745740414,0.26619998971000314,16.7293919948861
322,5.411174866952933,16.73420297447592,0.04809198435395956,0.012630014680325985,rt_fast_path,0.1996609498746693,0.22369803627952933,0.2740180352702737,16.744057007599622
323,5.427943851973396,16.768985020462424,0.08224602788686752,0.013042008504271507,rt_fast_path,0.23926497669890523,0.2629439695738256,0.3567329840734601,16.729502996895462
324,5.444678104948252,16.734252974856645,0.04904600791633129,0.01283304300159216,rt_fast_path,0.22235396318137646,0.24560402380302548,0.29713904950767756,16.730419010855258
325,5.46141395997256,16.735855024307966,0.05620595766231418,0.01396803418174386,rt_fast_path,0.3953129635192454,0.4209350445307791,0.47976901987567544,16.73134003067389
326,5.478150201961398,16.73624198883772,0.05528202746063471,0.014922989066690207,rt_fast_path,0.33906404860317707,0.37035398418083787,0.4283050075173378,16.730489034671336
327,5.4948855669936165,16.735365032218397,0.04837097367271781,0.0133860157802701,rt_fast_path,0.24219101760536432,0.2664829953573644,0.31689496245235205,16.729371971450746
328,5.511619773984421,16.734206990804523,0.048968999180942774,0.013187993317842484,rt_fast_path,0.22502097999677062,0.24883804144337773,0.30015502125024796,16.731370997149497
329,5.5283555740024894,16.735800018068403,0.04817999433726072,0.012534030247479677,rt_fast_path,0.36025000736117363,0.38289104122668505,0.4333870019763708,16.734478995203972
330,5.5450948329526,16.739258950110525,0.05006795981898904,0.012981006875634193,rt_fast_path,0.24570600362494588,0.2695050206966698,0.3220710204914212,16.730499046389014
331,5.561831695958972,16.736863006372005,0.0528590171597898,0.013828976079821587,rt_fast_path,0.24699501227587461,0.2718889736570418,0.32734201522544026,16.73223898978904
332,5.578568633005489,16.736937046516687,0.04821497714146972,0.01241202699020505,rt_fast_path,0.21947704954072833,0.24209899129346013,0.29255496338009834,16.730637988075614
333,5.595304179994855,16.735546989366412,0.04813802661374211,0.013057957403361797,rt_fast_path,0.21472101798281074,0.2380170044489205,0.28847198700532317,16.923685965593904
334,5.612237639958039,16.93345996318385,0.05278200842440128,0.013806973583996296,rt_fast_path,0.2867579460144043,0.31167297856882215,0.36698399344459176,16.733160009607673
335,5.628975750994869,16.73811103682965,0.04938000347465277,0.012720003724098206,rt_fast_path,0.26870996225625277,0.2920460538007319,0.3438600106164813,16.764829983003438
336,5.645745068963151,16.76931796828285,0.04910898860543966,0.013033975847065449,rt_fast_path,0.31285599106922746,0.3362179850228131,0.3875829861499369,16.731877985876054
337,5.662481326959096,16.73625799594447,0.04958501085639,0.012674950994551182,rt_fast_path,0.3965750220231712,0.41995401261374354,0.47179701505228877,16.735003038775176
338,5.679224235005677,16.74290804658085,0.07642694981768727,0.017339945770800114,rt_fast_path,0.26248698122799397,0.2931110211648047,0.37325796438381076,16.7311429977417
339,5.695961563964374,16.737328958697617,0.063261017203331,0.015927013009786606,rt_fast_path,0.20752596901729703,0.2361049992032349,0.3025950281880796,16.734710021410137
340,5.712701340962667,16.739776998292655,0.050897011533379555,0.013050972484052181,rt_fast_path,0.3455530386418104,0.36942900624126196,0.42270903941243887,16.738763020839542
341,5.729444780969061,16.74344000639394,0.04845898365601897,0.012542994227260351,rt_fast_path,0.34239201340824366,0.36515999818220735,0.4158809897489846,16.72893000068143
342,5.746179249952547,16.734468983486295,0.052400981076061726,0.012600969057530165,rt_fast_path,0.23455295013263822,0.25763403391465545,0.3124620416201651,16.730275005102158
343,5.762914063001517,16.734813048969954,0.049151014536619186,0.012358010280877352,rt_fast_path,0.38717000279575586,0.4096789634786546,0.46122894855216146,16.72928995685652
344,5.779648458992597,16.73439599107951,0.05031999899074435,0.012747012078762054,rt_fast_path,0.3615909954532981,0.385131046641618,0.4378790035843849,16.79703500121832
345,5.796470988949295,16.822529956698418,0.04923698725178838,0.012567965313792229,rt_fast_path,0.2241659676656127,0.2471000188961625,0.2985750325024128,16.73092704731971
346,5.813206472957972,16.735484008677304,0.04994700429961085,0.01291598891839385,rt_fast_path,0.34610199509188533,0.3695669583976269,0.42167899664491415,16.731205047108233
347,5.829942517972086,16.736045014113188,0.048899033572524786,0.01271301880478859,rt_fast_path,0.35584502620622516,0.37833995884284377,0.42957498226314783,16.7368869879283
348,5.846704512950964,16.761994978878647,0.09326200233772397,0.013033975847065449,rt_fast_path,0.32907602144405246,0.35225896863266826,0.4570920136757195,16.733963042497635
349,5.863443017995451,16.738505044486374,0.04819902824237943,0.012436998076736927,rt_fast_path,0.285654969047755,0.30843401327729225,0.3588999970816076,16.729093971662223
350,5.880177343962714,16.73432596726343,0.05509302718564868,0.013270007912069559,rt_fast_path,0.3725540009327233,0.3955619758926332,0.4534010076895356,16.737224999815226
351,5.89693357096985,16.75622700713575,0.05356495967134833,0.014061981346458197,rt_fast_path,0.21692202426493168,0.24435698287561536,0.30066497856751084,16.72997302375734
352,5.913668766967021,16.735195997171104,0.04997500218451023,0.01247902400791645,rt_fast_path,0.24393195053562522,0.2665200154297054,0.31890900572761893,16.72972203232348
353,5.930403514998034,16.734748031012714,0.048739020712673664,0.012620002962648869,rt_fast_path,0.21810299949720502,0.24115899577736855,0.292269978672266,16.739904007408768
354,5.9471681919530965,16.764676955062896,0.06271898746490479,0.013226002920418978,rt_fast_path,0.23602001601830125,0.26090501341968775,0.33606303622946143,16.786754014901817
355,5.963962093985174,16.793902032077312,0.05403696559369564,0.01401000190526247,rt_fast_path,0.4490110441111028,0.47709501814097166,0.5339329945854843,16.736954974476248
356,5.980706261994783,16.744168009608984,0.0540990149602294,0.013479962944984436,rt_fast_path,0.2560860011726618,0.28058700263500214,0.3374899970367551,16.73640700755641
357,5.997449775983114,16.74351398833096,0.0552309793420136,0.013882003258913755,rt_fast_path,0.26749499375000596,0.2925859880633652,0.3506469656713307,16.81625796481967
358,6.014273427950684,16.823651967570186,0.12271699961274862,0.01491297734901309,rt_fast_path,0.6212670123204589,0.6495980196632445,0.7798870210535824,16.978085041046143
359,6.031258663977496,16.985236026812345,0.054240983445197344,0.013084965758025646,rt_fast_path,0.41372503619641066,0.4403320490382612,0.4973040195181966,16.94843702716753
360,6.048213670961559,16.955006984062493,0.05637400317937136,0.014037010259926319,rt_fast_path,0.48606202472001314,0.5140499561093748,0.5742239882238209,17.53536204341799
361,6.065756611991674,17.54294103011489,0.05334796151146293,0.013304001186043024,rt_fast_path,0.3219530335627496,0.3469720249995589,0.40294299833476543,16.723420994821936
362,6.082485074002761,16.728462011087686,0.05664600757881999,0.014182005543261766,rt_fast_path,0.5172600504010916,0.5457060178741813,0.6049629882909358,17.78866397216916
363,6.100280066952109,17.794992949347943,0.06349699106067419,0.016630045138299465,rt_fast_path,0.3354380023665726,0.36499102134257555,0.43173303129151464,16.73440501326695
364,6.117020056000911,16.739989048801363,0.0556070008315146,0.013843004126101732,rt_fast_path,0.24654099252074957,0.27184595819562674,0.3304269630461931,16.7421389487572
365,6.133794960973319,16.774904972407967,0.05685701034963131,0.01305801561102271,rt_fast_path,0.24146301439031959,0.2658379962667823,0.3358260146342218,16.729658003896475
366,6.150532187952194,16.737226978875697,0.057169992942363024,0.01382199116051197,rt_fast_path,0.4136060015298426,0.43846399057656527,0.49871503142639995,16.76008803769946
367,6.167325721005909,16.793533053714782,0.06622500950470567,0.013103010132908821,rt_fast_path,0.2796199987642467,0.30362902907654643,0.3838519915007055,16.845707956235856
368,6.184178362949751,16.852641943842173,0.05658000009134412,0.01412298297509551,rt_fast_path,0.256702012848109,0.282371009234339,0.34173502353951335,16.74686005571857
369,6.2009634639834985,16.785101033747196,0.0943500199355185,0.013490964192897081,rt_fast_path,0.24872104404494166,0.2736329915933311,0.38142100675031543,16.750692971982062
370,6.217723760986701,16.76029700320214,0.05360599607229233,0.013272976502776146,rt_fast_path,0.21452497458085418,0.238574983086437,0.29480597004294395,16.739628976210952
371,6.2344900199677795,16.766258981078863,0.08419295772910118,0.012929958757013083,rt_fast_path,0.3675759653560817,0.39127899799495935,0.4880219930782914,16.766623011790216
372,6.251305566984229,16.815547016449273,0.047899025958031416,0.012342003174126148,rt_fast_path,0.4229680052958429,0.44528197031468153,0.5111399805173278,16.778427991084754
373,6.268134088953957,16.828521969728172,0.0526549993082881,0.013475015293806791,rt_fast_path,0.2764089731499553,0.30012900242581964,0.3557340241968632,16.733254014980048
374,6.28487477597082,16.740687016863376,0.07551501039415598,0.01862796489149332,rt_fast_path,0.2788300043903291,0.3122730413451791,0.3914200351573527,16.736581979785115
375,6.301617467950564,16.74269197974354,0.06469397339969873,0.01751596573740244,rt_fast_path,0.2517279936000705,0.2821290399879217,0.3502730396576226,16.764111001975834
376,6.318407786951866,16.790319001302123,0.06658799247816205,0.012661970686167479,rt_fast_path,0.24233805015683174,0.26565801817923784,0.34453702392056584,16.75135805271566
377,6.3351839919923805,16.77620504051447,0.0541249755769968,0.01259200507774949,rt_fast_path,0.22906099911779165,0.2523860312066972,0.31788001069799066,16.737495956476778
378,6.351946913986467,16.762921994086355,0.06648199632763863,0.01343502663075924,rt_fast_path,0.2789439749903977,0.303297012578696,0.3811370115727186,16.75254397559911
379,6.368725230975542,16.778316989075392,0.094949034973979,0.013535027392208576,rt_fast_path,0.27114799013361335,0.29540597461164,0.4025149974040687,16.746043984312564
380,6.3854982139891945,16.772983013652265,0.06300501991063356,0.014264020137488842,rt_fast_path,0.41390099795535207,0.441170996055007,0.5164429894648492,16.733881959225982
381,6.402237324975431,16.739110986236483,0.052189978305250406,0.013365002814680338,rt_fast_path,0.3097259905189276,0.3342549898661673,0.3888289793394506,16.732486023101956
382,6.418975434964523,16.738109989091754,0.04876998718827963,0.012598989997059107,rt_fast_path,0.4903160152025521,0.5135539686307311,0.5645999917760491,16.73327898606658
383,6.435714884952176,16.739449987653643,0.05095504457131028,0.0128219835460186,rt_fast_path,0.28134696185588837,0.3044100012630224,0.3578220494091511,16.77288202336058
384,6.452516059973277,16.80117502110079,0.05258299643173814,0.01320504816249013,rt_fast_path,0.42585801566019654,0.44993904884904623,0.5055590299889445,16.747382993344218
385,6.46929552097572,16.779461002442986,0.09717297507449985,0.012977980077266693,rt_fast_path,0.38229901110753417,0.40632300078868866,0.5166089977137744,16.754910990130156
386,6.486083667958155,16.788146982435137,0.08261302718892694,0.01654902007430792,rt_fast_path,0.3850359935313463,0.4150469903834164,0.5135590326972306,16.75669604446739
387,6.502877061953768,16.79339399561286,0.059376994613558054,0.015064026229083538,rt_fast_path,0.28024602215737104,0.3067069919779897,0.37845101905986667,16.747704008594155
388,6.519654506002553,16.777444048784673,0.05810096627101302,0.01424399670213461,rt_fast_path,0.2219569869339466,0.24704198585823178,0.3177799517288804,16.76506397780031
389,6.536458386981394,16.803880978841335,0.053085037507116795,0.013204000424593687,rt_fast_path,0.26644900208339095,0.2900499966926873,0.3556620213203132,16.729564988054335
390,6.553193032974377,16.734645992983133,0.05386199336498976,0.013323966413736343,rt_fast_path,0.3439930151216686,0.3678560024127364,0.42427401058375835,16.731738985981792
391,6.569929577992298,16.736545017920434,0.05132297519594431,0.01298700226470828,rt_fast_path,0.24457997642457485,0.2682679914869368,0.3219869686290622,16.735584009438753
392,6.586670140968636,16.74056297633797,0.049982976634055376,0.012736010830849409,rt_fast_path,0.23860798683017492,0.2623310429044068,0.3145370283164084,16.750470036640763
393,6.603445898974314,16.775758005678654,0.07771700620651245,0.013240030966699123,rt_fast_path,0.3853039816021919,0.40905101923272014,0.4981040256097913,16.74072298919782
394,6.620212913956493,16.767014982178807,0.06173498695716262,0.013033975847065449,rt_fast_path,0.27593999402597547,0.2993399975821376,0.37332699866965413,16.705110028851777
395,6.636924630962312,16.711717005819082,0.06675004260614514,0.01685303868725896,rt_fast_path,0.39758795173838735,0.42792398016899824,0.4983220132999122,16.743568994570524
396,6.653675541980192,16.750911017879844,0.08528196485713124,0.020840961951762438,rt_fast_path,0.2516300301067531,0.287418020889163,0.37707301089540124,16.73185999970883
397,6.670413169951644,16.73762797145173,0.06371497875079513,0.014779041521251202,rt_fast_path,0.26308803353458643,0.2902870182879269,0.3573740250431001,16.738641017582268
398,6.687182094960008,16.768925008364022,0.06982398917898536,0.013748009223490953,rt_fast_path,0.24871894856914878,0.27426297310739756,0.3572209971025586,16.733146039769053
399,6.703921199950855,16.73910499084741,0.05780701758340001,0.014038989320397377,rt_fast_path,0.314983946736902,0.3404039889574051,0.40131103014573455,16.76972705172375
400,6.720719492994249,16.79829304339364,0.05407998105511069,0.013753015082329512,rt_fast_path,0.29904599068686366,0.3245819825679064,0.38099096855148673,16.73853799002245
401,6.7374638639739715,16.74437097972259,0.05567498737946153,0.01389096723869443,rt_fast_path,0.23215299006551504,0.25749701308086514,0.3156430320814252,16.78704802179709
402,6.7542760109645315,16.812146990559995,0.055141979828476906,0.013854994904249907,rt_fast_path,0.23045402485877275,0.25607802672311664,0.3137090243399143,16.730524017475545
403,6.771011731994804,16.735721030272543,0.05554797826334834,0.014393008314073086,rt_fast_path,0.3839349956251681,0.41013601003214717,0.46827696496620774,16.79169700946659
404,6.787811922957189,16.800190962385386,0.0515870051458478,0.013272976502776146,rt_fast_path,0.21147896768525243,0.23565301671624184,0.2895910292863846,16.7905290145427
405,6.804608362959698,16.79644000250846,0.05069200415164232,0.012881995644420385,rt_fast_path,0.2769330167211592,0.3006600309163332,0.35373703576624393,16.730069008190185
406,6.821343396964949,16.73503400525078,0.050554051995277405,0.013283977750688791,rt_fast_path,0.28199097141623497,0.30603399500250816,0.359008030500263,16.7335860314779
407,6.838081710971892,16.738314006943256,0.04832603735849261,0.012653996236622334,rt_fast_path,0.2413009642623365,0.2639489830471575,0.31447201035916805,16.732155985664576
408,6.854819718981162,16.738008009269834,0.051359005738049746,0.013187993317842484,rt_fast_path,0.36173599073663354,0.3858440322801471,0.4397120210342109,16.755497024860233
409,6.871622654958628,16.802935977466404,0.04937697667628527,0.012948992662131786,rt_fast_path,0.4435969749465585,0.4666710156016052,0.5196160054765642,16.73155400203541
410,6.888359489967115,16.736835008487105,0.04745495971292257,0.012733973562717438,rt_fast_path,0.39504398591816425,0.4189540049992502,0.46861800365149975,16.794366005342454
411,6.9051604439737275,16.8009540066123,0.05301501369103789,0.015020021237432957,rt_fast_path,0.2448009909130633,0.27087301714345813,0.32671401277184486,16.737869009375572
412,6.9219252549810335,16.76481100730598,0.06524199852719903,0.014132005162537098,rt_fast_path,0.2156449481844902,0.24108297657221556,0.31940097687765956,16.743212996516377
413,6.938701332954224,16.776077973190695,0.06298295920714736,0.01466402318328619,rt_fast_path,0.24761701934039593,0.2744270022958517,0.3510770038701594,16.761603008490056
414,6.955494316003751,16.79298304952681,0.10330794611945748,0.014319026377052069,rt_fast_path,0.24652702268213034,0.27264002710580826,0.38960797246545553,16.78098796401173
415,6.97230662999209,16.812313988339156,0.07364898920059204,0.01314899418503046,rt_fast_path,0.26501796673983335,0.2888960298150778,0.37562899524345994,16.75469399197027
416,6.989090907969512,16.78427797742188,0.07931998698040843,0.013635959476232529,rt_fast_path,0.3261929959990084,0.3508540103211999,0.44275802792981267,16.74657198600471
417,7.0058716789935715,16.780771024059504,0.09528902592137456,0.013091950677335262,rt_fast_path,0.27307099662721157,0.29710098169744015,0.406496983487159,16.80129300802946
418,7.022680258960463,16.808579966891557,0.05421898094937205,0.013873039279133081,rt_fast_path,0.2250809920951724,0.24992902763187885,0.30695804161950946,16.74310304224491
419,7.0394334879820235,16.7532290215604,0.10701798601076007,0.015214958693832159,rt_fast_path,0.41864998638629913,0.44554000487551093,0.5793549935333431,16.834840993396938
420,7.0563355519552715,16.902063973248005,0.05478900857269764,0.013951968867331743,rt_fast_path,0.47593499766662717,0.5040200194343925,0.5700000328943133,16.80124003905803
421,7.07314483897062,16.809287015348673,0.054607982747256756,0.01401000190526247,rt_fast_path,0.4318240098655224,0.45915902592241764,0.5166730261407793,16.73438400030136
422,7.089887717971578,16.742879000958055,0.05804101238027215,0.014514022041112185,rt_fast_path,0.24106597993522882,0.26903499383479357,0.3302610130049288,16.737513011321425
423,7.10663630097406,16.74858300248161,0.07572397589683533,0.017940998077392578,rt_fast_path,0.3438660060055554,0.37610100116580725,0.4562310059554875,16.747732006479055
424,7.123417224967852,16.780923993792385,0.12504297774285078,0.01656601671129465,rt_fast_path,0.6731469766236842,0.7050340063869953,0.8431720198132098,16.805799037683755
425,7.140231643978041,16.81441901018843,0.053611991461366415,0.014360994100570679,rt_fast_path,0.3932989784516394,0.4191179759800434,0.47534797340631485,16.808002023026347
426,7.157048282970209,16.81663899216801,0.060071004554629326,0.015636032912880182,rt_fast_path,0.3581800265237689,0.3888030187226832,0.45192602556198835,16.73685002606362
427,7.173793453956023,16.745170985814184,0.053655996453016996,0.01408200478181243,rt_fast_path,0.5360260256566107,0.5635200068354607,0.620048027485609,16.733740048948675
428,7.190535624977201,16.742171021178365,0.055496988352388144,0.014760007616132498,rt_fast_path,0.355987052898854,0.3828380140475929,0.4415480070747435,16.837225994095206
429,7.207381396961864,16.84577198466286,0.05918001988902688,0.015097029972821474,rt_fast_path,0.7456099847331643,0.7745499606244266,0.8367759874090552,16.83641702402383
430,7.224225796002429,16.844399040564895,0.06218696944415569,0.015069963410496712,rt_fast_path,0.3638730267994106,0.39341102819889784,0.4587789881043136,16.85971498955041
431,7.241093981952872,16.86818595044315,0.058263016398996115,0.014979974366724491,rt_fast_path,0.5220019957050681,0.5510409828275442,0.6122050108388066,16.766372020356357
432,7.2578953199554235,16.801338002551347,0.07015798473730683,0.01379998866468668,rt_fast_path,0.5529799964278936,0.5806219996884465,0.6650310242548585,16.793913033325225
433,7.27470126998378,16.805950028356165,0.05411799065768719,0.014163961168378592,rt_fast_path,0.2834420301951468,0.3088189987465739,0.3656849730759859,16.78451301995665
434,7.291512033960316,16.81076397653669,0.06136501906439662,0.015182013157755136,rt_fast_path,0.3900849842466414,0.4214359796606004,0.48628501826897264,16.875724017154425
435,7.308397024986334,16.884991026017815,0.06524199852719903,0.015861005522310734,rt_fast_path,0.2953879884444177,0.32509496668353677,0.39372796891257167,16.89845701912418
436,7.325312782952096,16.915757965762168,0.060809950809925795,0.015388010069727898,rt_fast_path,0.4742880119010806,0.5047330050729215,0.5686130025424063,16.828222025651485
437,7.342149859003257,16.837076051160693,0.060575956013053656,0.01914397580549121,rt_fast_path,0.44956000056117773,0.4815600113943219,0.5452219629660249,16.915953950956464
438,7.359086518001277,16.936658998019993,0.05444104317575693,0.01405901275575161,rt_fast_path,0.34974899608641863,0.37736998638138175,0.43465098133310676,16.79330295883119
439,7.375887991976924,16.80147397564724,0.06044900510460138,0.015937024727463722,rt_fast_path,0.4823440103791654,0.5131799844093621,0.5770429852418602,16.73344400478527
440,7.392629291978665,16.741300001740456,0.055044947657734156,0.014148012269288301,rt_fast_path,0.31905301148071885,0.3446380142122507,0.4025439848192036,16.726767004001886
441,7.409387828956824,16.7585369781591,0.06588001269847155,0.016226025763899088,rt_fast_path,0.49326103180646896,0.5262329941615462,0.596015015617013,16.91334304632619
442,7.426310139999259,16.922311042435467,0.0571979908272624,0.01387100201100111,rt_fast_path,0.45746401883661747,0.4848900134675205,0.5451379693113267,16.854443005286157
443,7.443184742995072,16.874602995812893,0.06234803004190326,0.01532997703179717,rt_fast_path,0.39980601286515594,0.4298219573684037,0.49541995394974947,16.805669001769274
444,7.459998684993479,16.813941998407245,0.05501497071236372,0.014205987099558115,rt_fast_path,0.5499980179592967,0.5785480025224388,0.6363159627653658,16.729727969504893
445,7.476737010001671,16.73832500819117,0.05477201193571091,0.013982993550598621,rt_fast_path,0.21515099797397852,0.24057901464402676,0.29811798594892025,16.740336955990642
446,7.493487800995354,16.75079099368304,0.065464002545923,0.015943951439112425,rt_fast_path,0.4250059719197452,0.4552330356091261,0.5243429914116859,16.927644959650934
447,7.5104310239548795,16.943222959525883,0.06306200521066785,0.017069978639483452,rt_fast_path,0.45882101403549314,0.49260194646194577,0.5592069937847555,19.826816045679152
448,7.530271252966486,19.840229011606425,0.11792400619015098,0.02887495793402195,rt_fast_path,0.264735019300133,0.3161350032314658,0.44115999480709434,16.734148026444018
449,7.547020584985148,16.749332018662244,0.12458901619538665,0.03037002170458436,rt_fast_path,0.32888498390093446,0.3826339961960912,0.5142419831827283,16.73821796430275
450,7.563775191956665,16.754606971517205,0.13666797894984484,0.03163202200084925,rt_fast_path,0.504208030179143,0.5591780063696206,0.7032889989204705,16.75122301094234
451,7.5805388409644365,16.763649007771164,0.06880401633679867,0.01820304896682501,rt_fast_path,0.39768702117726207,0.43078401358798146,0.5032580229453743,16.704293026123196
452,7.5972737209522165,16.734879987780005,0.10988302528858185,0.014618970453739166,rt_fast_path,0.2417920040898025,0.2680069883354008,0.39352901512756944,16.730972041841596
453,7.614011742000002,16.738021047785878,0.05198403960093856,0.012898992281407118,rt_fast_path,0.263049965724349,0.2866529976017773,0.341070001013577,16.730005969293416
454,7.630748228984885,16.736486984882504,0.05154201062396169,0.013396958820521832,rt_fast_path,0.41957502253353596,0.44397497549653053,0.49807399045675993,16.744702006690204
455,7.647539464989677,16.791236004792154,0.051754992455244064,0.013526005204766989,rt_fast_path,0.29311998514458537,0.3176839672960341,0.37247996078804135,16.70083898352459
456,7.66424630000256,16.706835012882948,0.05322799552232027,0.013345037586987019,rt_fast_path,0.3543929778970778,0.3814550000242889,0.4370809765532613,16.73141197534278
457,7.680984653998166,16.738353995606303,0.0534740393050015,0.013463024515658617,rt_fast_path,0.2550379722379148,0.27988298097625375,0.33576798159629107,16.72925695311278
458,7.697719158953987,16.73450495582074,0.0479560112580657,0.012733973562717438,rt_fast_path,0.21969398949295282,0.24303997633978724,0.29315700521692634,16.73087803646922
459,7.714456065965351,16.736907011363655,0.05699199391528964,0.014583987649530172,rt_fast_path,0.4371639806777239,0.4636079538613558,0.5236149881966412,16.73299103276804
460,7.731196304957848,16.740238992497325,0.06222701631486416,0.015229976270347834,rt_fast_path,0.2353430027142167,0.2636239514686167,0.3292559995315969,16.733171010855585
461,7.74793624097947,16.73993602162227,0.056724995374679565,0.014953024219721556,rt_fast_path,0.2504050498828292,0.2775060129351914,0.33707101829349995,16.737549973186105
462,7.764679577958304,16.743336978834122,0.052759016398340464,0.013514014426618814,rt_fast_path,0.2622270258143544,0.2866629511117935,0.3420489956624806,16.72920899000019
463,7.781414505967405,16.73492800910026,0.050520990043878555,0.012575997970998287,rt_fast_path,0.3883759491145611,0.41129201417788863,0.46416401164606214,16.738014004658908
464,7.798180254001636,16.765748034231365,0.08503999561071396,0.012604985386133194,rt_fast_path,0.23013900499790907,0.25340099819004536,0.35057897912338376,16.733200987800956
465,7.814918908989057,16.738654987420887,0.051431008614599705,0.012990029063075781,rt_fast_path,0.200919050257653,0.2246980438940227,0.2784620155580342,16.73048600787297
466,7.831654594978318,16.735685989260674,0.050772971007972956,0.013258948456496,rt_fast_path,0.24190801195800304,0.2659760066308081,0.319065002258867,16.731872980017215
467,7.848391913983505,16.7373190051876,0.049848982598632574,0.012422038707882166,rt_fast_path,0.2065779990516603,0.22928602993488312,0.2814470208249986,16.733168973587453
468,7.865130531950854,16.738617967348546,0.050287984777241945,0.012422970030456781,rt_fast_path,0.33440603874623775,0.3583549987524748,0.41091302409768105,16.73454005504027
469,7.881870390963741,16.739859012886882,0.050610979087650776,0.013248005416244268,rt_fast_path,0.24209002731367946,0.2660170430317521,0.319067039526999,16.729503986425698
470,7.898604862974025,16.734472010284662,0.04728703061118722,0.012531003449112177,rt_fast_path,0.40568201802670956,0.4307019989937544,0.4800870083272457,16.732065996620804
471,7.915342756954487,16.737893980462104,0.06008101627230644,0.014647026546299458,rt_fast_path,0.36589300725609064,0.3921379684470594,0.45482401037588716,16.72998204594478
472,7.93207918695407,16.73642999958247,0.058842997532337904,0.014751043636351824,rt_fast_path,0.372834037989378,0.39902504067867994,0.46057504368945956,16.736037039663643
473,7.948821839992888,16.74265303881839,0.1094670151360333,0.014383986126631498,rt_fast_path,0.23883400717750192,0.2652350231073797,0.37729699397459626,16.730583971366286
474,7.9655587039887905,16.73686399590224,0.05476002115756273,0.013625016435980797,rt_fast_path,0.4068790003657341,0.43161102803424,0.4889210104010999,16.686518967617303
475,7.98227328696521,16.71458297641948,0.0661369995214045,0.013793993275612593,rt_fast_path,0.4395110299810767,0.465871999040246,0.5438390071503818,16.734525037463754
476,7.999014154949691,16.740867984481156,0.0509750097990036,0.012828968465328217,rt_fast_path,0.4454310401342809,0.468977028504014,0.5223970510996878,16.73007704084739
477,8.015750603983179,16.736449033487588,0.051262963097542524,0.013039971236139536,rt_fast_path,0.2556429826654494,0.28057501185685396,0.3342169802635908,16.729897004552186
478,8.032486974960193,16.736370977014303,0.05374097963795066,0.013621000107377768,rt_fast_path,0.42353500612080097,0.4483539960347116,0.5046279984526336,16.755504999309778
479,8.049271569005214,16.78459404502064,0.07693498628214002,0.013212033081799746,rt_fast_path,0.24225801462307572,0.2675990108400583,0.3566819941624999,16.836190945468843
480,8.066142598981969,16.87102997675538,0.056769989896565676,0.014170014765113592,rt_fast_path,0.717311049811542,2.1573890116997063,2.2225669817999005,16.970311000477523
481,8.08312050497625,16.977905994281173,0.0558559549972415,0.014101038686931133,rt_fast_path,0.28910901164636016,0.3164350055158138,0.37491798866540194,17.135862028226256
482,8.100263768981677,17.143264005426317,0.05427497671917081,0.013487995602190495,rt_fast_path,0.4313759854994714,0.4588320152834058,0.5160479922778904,16.730258997995406
483,8.117001961974893,16.738192993216217,0.060380029026418924,0.014793011359870434,rt_fast_path,1.4045790303498507,1.4339350163936615,1.4971860218793154,16.73380797728896
484,8.133744632999878,16.74267102498561,0.06178498733788729,0.01639995025470853,rt_fast_path,0.4486700054258108,0.47841103514656425,0.5431289901025593,16.727288952097297
485,8.150479742966127,16.735109966248274,0.0585719826631248,0.015513971447944641,rt_fast_path,0.3043670440092683,0.33313699532300234,0.3946369979530573,17.10277603706345
486,8.167590133962221,17.110390996094793,0.056101009249687195,0.014525954611599445,rt_fast_path,0.29136601369827986,0.31720398692414165,0.3758950042538345,16.780740988906473
487,8.184379410988186,16.78927702596411,0.05932000931352377,0.015527009963989258,rt_fast_path,0.6030750228092074,0.6329130264930427,0.6953499978408217,16.729320981539786
488,8.201116882963106,16.73747197492048,0.05858100485056639,0.014015007764101028,rt_fast_path,0.39914902299642563,0.42691396083682775,0.4884169902652502,16.790881985798478
489,8.217915745975915,16.798863012809306,0.054732023272663355,0.01414999132975936,rt_fast_path,0.2657930017448962,0.2916039666160941,0.34914398565888405,16.727441980037838
490,8.234651114966255,16.73536899033934,0.058954989071935415,0.015458033885806799,rt_fast_path,0.3563660429790616,0.38432300789281726,0.4460019990801811,16.747782996390015
491,8.251406302966643,16.755188000388443,0.059170008171349764,0.015477999113500118,rt_fast_path,0.4092290182597935,0.436317001003772,0.49819803098216653,16.939192020799965
492,8.268376636959147,16.970333992503583,0.05841703386977315,0.0151490094140172,rt_fast_path,0.5255329888314009,0.555173959583044,0.6166319944895804,16.72878401586786
493,8.285112081968691,16.73544500954449,0.05245499778538942,0.013370998203754425,rt_fast_path,0.494196021463722,0.5196609999984503,0.5748090334236622,16.728339018300176
494,8.301849240961019,16.73715899232775,0.05773297743871808,0.01424399670213461,rt_fast_path,0.23689097724854946,0.26432902086526155,0.3249490400776267,16.727515030652285
495,8.318584566004574,16.73532504355535,0.05348899867385626,0.013283977750688791,rt_fast_path,0.4448409890756011,0.4709270433522761,0.5269889952614903,16.72885299194604
496,8.335322470986284,16.737904981710017,0.06496597779914737,0.015066005289554596,rt_fast_path,0.6308970041573048,0.6619160412810743,0.7297510164789855,16.80219400441274
497,8.352133338979911,16.810867993626744,0.06425200263038278,0.015584984794259071,rt_fast_path,0.6005520117469132,0.6314669735729694,0.6987759843468666,16.741437022574246
498,8.368882538983598,16.749200003687292,0.054773001465946436,0.01384800998494029,rt_fast_path,0.5025650025345385,0.5277880118228495,0.58548100059852,16.72815898200497
499,8.385618581960443,16.736042976845056,0.05323300138115883,0.013384968042373657,rt_fast_path,0.41132100159302354,0.4361440078355372,0.49211899749934673,16.788990003988147
500,8.402442036953289,16.823454992845654,0.05661597242578864,0.014346034731715918,rt_fast_path,0.5671859835274518,0.595976016484201,0.6590980337932706,16.84716501040384
501,8.419324023998342,16.881987045053393,0.055541982874274254,0.013981014490127563,rt_fast_path,0.5967789911665022,0.6247790297493339,0.6919039878994226,16.917385975830257
502,8.436249758990016,16.92573499167338,0.057591008953750134,0.014627003110945225,rt_fast_path,0.4641530103981495,0.49110600957646966,0.5517120007425547,16.873132961336523
503,8.453165652987082,16.915893997065723,0.05940900882706046,0.01425005029886961,rt_fast_path,0.5866550491191447,0.6153069552965462,0.6916839629411697,16.735573997721076
504,8.469908895960543,16.743242973461747,0.0546060036867857,0.01410802360624075,rt_fast_path,0.2400130033493042,0.26753696147352457,0.324930006172508,16.72867202432826
505,8.486645972996484,16.737077035941184,0.054665026254951954,0.014095043297857046,rt_fast_path,0.31359499553218484,0.3407169715501368,0.3982599591836333,16.778789984527975
506,8.5034334139782,16.787440981715918,0.05885702557861805,0.015388010069727898,rt_fast_path,0.2416640054434538,0.269771961029619,0.3317199880257249,16.72567200148478
507,8.520166357979178,16.732944000978023,0.053569034207612276,0.015572994016110897,rt_fast_path,0.40494801942259073,0.43430295772850513,0.4905309760943055,16.867245023604482
508,8.537043246964458,16.876888985279948,0.0728759914636612,0.018748047295957804,rt_fast_path,0.4266419564373791,0.4620469990186393,0.5385240074247122,16.74226502655074
509,8.553793915954884,16.750668990425766,0.058695964980870485,0.015406985767185688,rt_fast_path,0.2919979742728174,0.31918700551614165,0.38086401764303446,16.8002110440284
510,8.570602390973363,16.80847501847893,0.05589902866631746,0.014436023775488138,rt_fast_path,0.42276602471247315,0.4488349659368396,0.5077369860373437,16.841273987665772
511,8.587468043959234,16.865652985870838,0.059162965044379234,0.015744008123874664,rt_fast_path,0.6307039875537157,0.6620539934374392,0.7242760038934648,16.799369012005627
512,8.604275937948842,16.80789398960769,0.13562600361183286,0.015199999324977398,rt_fast_path,0.4943879903294146,0.5242020124569535,0.6629580166190863,16.973343037534505
513,8.621258679952007,16.982742003165185,0.05941302515566349,0.015506986528635025,rt_fast_path,0.3570539993233979,0.3876870032399893,0.4500410286709666,16.82221604278311
514,8.638089072948787,16.830392996780574,0.060583988670259714,0.015470024663954973,rt_fast_path,0.2547160256654024,0.2831199672073126,0.34663500264286995,16.813278023619205
515,8.654911104997154,16.822032048366964,0.057609984651207924,0.01486495602875948,rt_fast_path,0.5730720004066825,0.6025469629094005,0.6632029544562101,16.729420982301235
516,8.671648805961013,16.737700963858515,0.05494698416441679,0.014127988833934069,rt_fast_path,0.24180696345865726,0.26780401822179556,0.32559502869844437,16.750471026171
517,8.688408516987693,16.759711026679724,0.060307036619633436,0.015130965039134026,rt_fast_path,0.411209010053426,0.4420490004122257,0.5056830123066902,16.874538967385888
518,8.705327272997238,16.918756009545177,0.059730024076998234,0.014377990737557411,rt_fast_path,0.37407403578981757,0.4033699515275657,0.4675549571402371,16.839563963003457
519,8.72217509697657,16.847823979333043,0.06374402437359095,0.01648796023800969,rt_fast_path,0.3852800000458956,0.417035014834255,0.48396101919934154,16.82046800851822
520,8.739005708950572,16.83061197400093,0.07778796134516597,0.018983962945640087,rt_fast_path,0.5578830023296177,0.5936480010859668,0.6752629997208714,16.756720026023686
521,8.75579895300325,16.793244052678347,0.08039298700168729,0.021090032532811165,rt_fast_path,0.441470998339355,0.4788499791175127,0.5650469684042037,16.729004972148687
522,8.772536217002198,16.737263998948038,0.06407499313354492,0.016016012523323298,rt_fast_path,0.41484698886051774,0.4471300053410232,0.5145369796082377,16.701266984455287
523,8.789244650979526,16.70843397732824,0.056240009143948555,0.014210003428161144,rt_fast_path,0.36610401002690196,0.3945539938285947,0.4536589840427041,16.87147800112143
524,8.806124941969756,16.880290990229696,0.06449600914493203,0.01591700129210949,rt_fast_path,0.3849489730782807,0.4151769680902362,0.4828799865208566,16.730814997572452
525,8.822864162968472,16.73922099871561,0.05679897731170058,0.014993944205343723,rt_fast_path,0.3246230189688504,0.354039017111063,0.41375099681317806,16.736492980271578
526,8.839608154958114,16.74399198964238,0.054458039812743664,0.014346966054290533,rt_fast_path,0.4244819865562022,0.4534139879979193,0.5107020260766149,16.826017992570996
527,8.856454597960692,16.84644300257787,0.05997298285365105,0.01520104706287384,rt_fast_path,0.5629970110021532,0.5927860038354993,0.6559430039487779,16.92793401889503
528,8.873390330001712,16.935732041019946,0.05561899160966277,0.014369958080351353,rt_fast_path,0.3571110428310931,0.386247003916651,0.44467096449807286,16.790563997346908
529,8.890189983998425,16.79965399671346,0.06308197043836117,0.015351979527622461,rt_fast_path,0.3224720130674541,0.3520470345392823,0.41833799332380295,16.7336689773947
530,8.906931428995449,16.74144499702379,0.053743948228657246,0.013815006241202354,rt_fast_path,0.5495210061781108,0.5782750085927546,0.6345089641399682,16.735657991375774
531,8.92367531399941,16.743885003961623,0.05641899770125747,0.014254008419811726,rt_fast_path,0.3961860202252865,0.4226889577694237,0.48203294863924384,16.73921599285677
532,8.940422866959125,16.747552959714085,0.05796295590698719,0.01512601738795638,rt_fast_path,0.44964399421587586,0.4774730186909437,0.5382570088841021,16.79702801629901
533,8.957229441963136,16.806575004011393,0.12394197983667254,0.016978010535240173,rt_fast_path,0.3558049793355167,0.3888480132445693,0.5434280028566718,16.798777040094137
534,8.974037066975143,16.80762501200661,0.06236002082005143,0.016090983990579844,rt_fast_path,0.4085169639438391,0.43742998968809843,0.5027860170230269,16.907155979424715
535,8.990971478982829,16.93441200768575,0.054921023547649384,0.013962970115244389,rt_fast_path,0.5329150008037686,0.5607809871435165,0.6185279926285148,16.738097998313606
536,9.007717523956671,16.7460449738428,0.054427015129476786,0.014192017260938883,rt_fast_path,0.2189379883930087,0.24470099015161395,0.3019360010512173,16.776909993495792
537,9.024503260967322,16.785737010650337,0.06311200559139252,0.01588696613907814,rt_fast_path,0.36547501804307103,0.3938850131817162,0.4603270208463073,16.816104005556554
538,9.041327790997457,16.824530030135065,0.058792997151613235,0.01412298297509551,rt_fast_path,0.510482001118362,0.5388089921325445,0.6008259952068329,16.830073960591108
539,9.058166560949758,16.838769952300936,0.05699601024389267,0.013695971574634314,rt_fast_path,0.3978770109824836,0.42892596684396267,0.4889940028078854,16.73689903691411
540,9.074911610980053,16.745050030294806,0.056015036534518,0.01452502328902483,rt_fast_path,0.43980299960821867,0.466167984995991,0.5250269896350801,16.73433999530971
541,9.091655208962038,16.74359798198566,0.0577589962631464,0.014613033272325993,rt_fast_path,0.41217601392418146,0.4399979952722788,0.5009750020690262,16.786868043709546
542,9.108449781953823,16.794572991784662,0.060049991589039564,0.014962977729737759,rt_fast_path,0.5100909620523453,0.5410060402937233,0.6041180458851159,16.906657023355365
543,9.12538882996887,16.939048015046865,0.0602679792791605,0.015388010069727898,rt_fast_path,0.3935080021619797,0.42374798795208335,0.48707600217312574,16.75529300700873
544,9.142177586967591,16.78875699872151,0.0667550484649837,0.014150049537420273,rt_fast_path,0.25989802088588476,0.28571300208568573,0.3662520321086049,16.786097025033087
545,9.159013464988675,16.835878021083772,0.055604963563382626,0.014298013411462307,rt_fast_path,0.32070500310510397,0.34724402939900756,0.4058459890075028,16.737549973186105
546,9.175758765952196,16.745300963521004,0.05540996789932251,0.014649005606770515,rt_fast_path,0.627924979198724,0.6570530240423977,0.7152600446715951,16.80665201274678
547,9.192572710977402,16.813945025205612,0.057677971199154854,0.014572055079042912,rt_fast_path,0.47570402966812253,0.5055799847468734,0.566085975151509,16.84545399621129
548,9.209445763961412,16.873052984010428,0.05550897913053632,0.014277989976108074,rt_fast_path,0.422378012444824,0.45121205039322376,0.5097720422782004,16.804044018499553
549,9.226271761988755,16.825998027343303,0.09391596540808678,0.015981029719114304,rt_fast_path,0.503755989484489,0.5344510427676141,0.6447460036724806,16.732971009332687
550,9.243012674967758,16.740912979003042,0.05328102270141244,0.013425014913082123,rt_fast_path,0.48673799028620124,0.5142139852978289,0.5701310001313686,16.734764038119465
551,9.259755973995198,16.743299027439207,0.05958497058600187,0.01535296905785799,rt_fast_path,0.46292500337585807,0.49087998922914267,0.5534229567274451,16.7413639719598
552,9.276505394955166,16.74942095996812,0.054123986046761274,0.014095974620431662,rt_fast_path,0.49019698053598404,0.5167489871382713,0.5736100138165057,16.919711022637784
553,9.293434023973532,16.928629018366337,0.061330036260187626,0.015377998352050781,rt_fast_path,0.583537039346993,0.6146649830043316,0.679454009514302,16.861915006302297
554,9.310323571960907,16.88954798737541,0.05725101800635457,0.014211982488632202,rt_fast_path,0.47915696632117033,0.5085589946247637,0.5688550299964845,16.80519903311506
555,9.327136842999607,16.813271038699895,0.059092999435961246,0.015485973563045263,rt_fast_path,0.3505040076561272,0.38095901254564524,0.4428619868122041,17.768730991519988
556,9.344913624983747,17.776781984139234,0.05617894930765033,0.013944983948022127,rt_fast_path,0.3310960019007325,0.3588140243664384,0.41762099135667086,16.73694798955694
557,9.36165880894987,16.745183966122568,0.0583169749006629,0.014404009561985731,rt_fast_path,0.3279839875176549,0.3567810053937137,0.41813100688159466,16.80533605394885
558,9.37847212899942,16.813320049550384,0.06097101140767336,0.015631027054041624,rt_fast_path,0.542544003110379,0.5736959865316749,0.6377979880198836,16.926401993259788
559,9.39540586899966,16.933740000240505,0.05401601083576679,0.013812968973070383,rt_fast_path,0.3595479647628963,0.3871130174957216,0.4439610056579113,16.90638897707686
560,9.412324835953768,16.918966954108328,0.05425803828984499,0.014182005543261766,rt_fast_path,0.48972596414387226,0.5177409620955586,0.5747569957748055,16.807044041343033
561,9.42913891596254,16.81408000877127,0.12400699779391289,0.014977995306253433,rt_fast_path,0.40160800563171506,0.4311049706302583,0.5579550052061677,16.729347000364214
562,9.445875885954592,16.736969992052764,0.05408294964581728,0.013871991541236639,rt_fast_path,0.48937200335785747,0.5175060359761119,0.5744980298914015,16.73549704719335
563,9.462618586956523,16.742701001930982,0.0548549578525126,0.0145210069604218,rt_fast_path,0.3694909974001348,0.39844901766628027,0.4563360125757754,16.816952032968402
564,9.479445215954911,16.826628998387605,0.053897034376859665,0.01355004496872425,rt_fast_path,0.573221012018621,0.6004519527778029,0.6571389967575669,16.92034601001069
565,9.49637356196763,16.928346012718976,0.05671696271747351,0.014233984984457493,rt_fast_path,0.36762701347470284,0.39673398714512587,0.4564829869195819,17.01729401247576
566,9.5133980679675,17.0245059998706,0.05317002069205046,0.013945973478257656,rt_fast_path,0.3304290003143251,0.35828398540616035,0.41424098890274763,16.957880987320095
567,9.530363632948138,16.965564980637282,0.06041501183062792,0.015129044186323881,rt_fast_path,0.34539797343313694,0.37549901753664017,0.4390200483612716,16.96178305428475
568,9.547338165983092,16.97453303495422,0.05434599006548524,0.01405901275575161,rt_fast_path,0.5537550314329565,0.5822579842060804,0.6394889787770808,16.800833982415497
569,9.564147616969422,16.809450986329466,0.07492798613384366,0.018535996787250042,rt_fast_path,0.37918705493211746,0.41722599416971207,0.4960449878126383,16.899776994250715
570,9.58106878498802,16.92116801859811,0.0586929963901639,0.014939054381102324,rt_fast_path,0.3516679862514138,0.37815497489646077,0.4399659810587764,16.733662982005626
571,9.597810000996105,16.741216008085757,0.05513901123777032,0.013956974726170301,rt_fast_path,0.364159990567714,0.3923429758287966,0.4503789823502302,16.730729956179857
572,9.614548266981728,16.738265985623002,0.055568001698702574,0.013974960893392563,rt_fast_path,0.5285439547151327,0.5568269989453256,0.615292985457927,16.835212998557836
573,9.63139215297997,16.843885998241603,0.057282974012196064,0.014037010259926319,rt_fast_path,0.46169996494427323,0.4897020407952368,0.5499700200743973,16.804976970888674
574,9.648204936995171,16.812784015201032,0.06407796172425151,0.015173049177974463,rt_fast_path,0.5179730360396206,0.5479429964907467,0.6151279667392373,16.72875799704343
575,9.66494090098422,16.735963989049196,0.05374097963795066,0.013878976460546255,rt_fast_path,0.3963870112784207,0.4243719740770757,0.4812799743376672,16.737935016863048
576,9.681686282972805,16.745381988584995,0.05294801667332649,0.01398398308083415,rt_fast_path,0.3488739603199065,0.37695199716836214,0.4327200003899634,16.775433032307774
577,9.69847043196205,16.784148989245296,0.05904003046452999,0.0148970284499228,rt_fast_path,0.4663370200432837,0.4967919667251408,0.5590289947576821,16.881085000932217
578,9.715359169000294,16.888737038243562,0.05463301204144955,0.0140840420499444,rt_fast_path,0.2576009719632566,0.2829029690474272,0.34045695792883635,16.82795595843345
579,9.732195033982862,16.835864982567728,0.06358296377584338,0.015576020814478397,rt_fast_path,0.3620280185714364,0.3923220210708678,0.4590559983626008,16.880951006896794
580,9.749111764947884,16.916730965021998,0.06591901183128357,0.015817000530660152,rt_fast_path,0.5242530023679137,0.5555790266953409,0.6353340577334166,16.79971703561023
581,9.765919609984849,16.807845036964864,0.06301997927948833,0.016418984159827232,rt_fast_path,0.4540889640338719,0.48300198977813125,0.5493559874594212,16.729158000089228
582,9.78265680797631,16.73719799146056,0.058563018683344126,0.015256984625011683,rt_fast_path,0.49154501175507903,0.5220499588176608,0.5839709774591029,16.844103985931724
583,9.799516882980242,16.86007500393316,0.05873903864994645,0.014492019545286894,rt_fast_path,0.5647470243275166,0.593390956055373,0.6553009734489024,16.93214802071452
584,9.816492568003014,16.97568502277136,0.06314599886536598,0.016361998859792948,rt_fast_path,0.37010497180745006,0.4019309999421239,0.47332694521173835,16.855483991093934
585,9.833381661970634,16.889093967620283,0.058057019487023354,0.014939985703676939,rt_fast_path,1.0171849862672389,1.046077988576144,1.1084339930675924,16.868846025317907
586,9.850304981984664,16.92332001402974,0.0543700298294425,0.013843993656337261,rt_fast_path,0.34896802389994264,0.3767409943975508,0.4385070060379803,16.855490976013243
587,9.867181295005139,16.87631302047521,0.0622730003669858,0.014944002032279968,rt_fast_path,0.5850740126334131,0.6142929778434336,0.6795659428462386,16.833515954203904
588,9.884041782992426,16.860487987287343,0.055477023124694824,0.013915007002651691,rt_fast_path,0.35188597394153476,0.3798999823629856,0.4382929764688015,16.97729795705527
589,9.9010263789678,16.98459597537294,0.055150012485682964,0.013545970432460308,rt_fast_path,1.306189049500972,1.3344649923965335,1.392156002111733,16.731743002310395
590,9.917764960962813,16.7385819950141,0.05294400034472346,0.013075012248009443,rt_fast_path,0.9701899834908545,0.9967130026780069,1.0522720403969288,16.756627010181546
591,9.93452916899696,16.764208034146577,0.058165984228253365,0.014846038538962603,rt_fast_path,0.2851450117304921,0.3127399832010269,0.37407997297123075,16.724639979656786
592,9.951261329988483,16.732160991523415,0.0569939729757607,0.014255987480282784,rt_fast_path,1.1944450088776648,1.2221450451761484,1.282125012949109,16.950271965470165
593,9.968220050970558,16.958720982074738,0.060869031585752964,0.014578050468116999,rt_fast_path,0.3440729924477637,0.3732559853233397,0.4373720148578286,16.99080498656258
594,9.985217697976623,16.997647006064653,0.06156601011753082,0.014994991943240166,rt_fast_path,0.4788429941982031,0.5081639974378049,0.5723839858546853,17.32840499607846
595,10.002552734978963,17.33503700233996,0.053886964451521635,0.013501965440809727,rt_fast_path,0.24003599537536502,0.26450800942257047,0.32117898808792233,16.684891015756875
596,10.0192443789565,16.69164397753775,0.05488604074344039,0.014124030712991953,rt_fast_path,0.47589599853381515,0.5042749689891934,0.5617740098387003,16.726458037737757
597,10.035977608989924,16.73323003342375,0.054236967116594315,0.013582990504801273,rt_fast_path,0.3910890081897378,0.4183290293440223,0.47517300117760897,16.735041979700327
598,10.052719325001817,16.741716011893004,0.05295302253216505,0.013320997823029757,rt_fast_path,0.36590301897376776,0.3904899931512773,0.44587498996406794,16.72592299291864
599,10.069451965973713,16.732640971895307,0.053078983910381794,0.01314998371526599,rt_fast_path,0.4605790018104017,0.487170007545501,0.542845984455198,16.93832199089229
600,10.086445391003508,16.993425029795617,0.05462497938424349,0.01409999094903469,rt_fast_path,0.43628597632050514,0.46262703835964203,0.5205009947530925,16.814965987578034
601,10.103268907987513,16.823516984004527,0.060598948039114475,0.014937017112970352,rt_fast_path,0.5528369802050292,0.5830090376548469,0.6469200015999377,16.731587995309383
602,10.120007505989634,16.738598002120852,0.05432398756965995,0.013948010746389627,rt_fast_path,0.5472360062412918,0.5751830176450312,0.6320530083030462,16.738799982704222
603,10.13676152098924,16.754014999605715,0.05238596349954605,0.013532000593841076,rt_fast_path,0.24246302200481296,0.2676430158317089,0.3227359848096967,16.742297972086817
604,10.153511167969555,16.749646980315447,0.10521698277443647,0.013726996257901192,rt_fast_path,0.21287199342623353,0.2381190424785018,0.3463050234131515,16.7274700361304
605,10.170245918969158,16.73475099960342,0.057446013670414686,0.014527002349495888,rt_fast_path,0.42598601430654526,0.4553840262815356,0.5157340201549232,16.98256703093648
606,10.187260565988254,17.01464701909572,0.06335403304547071,0.015253026504069567,rt_fast_path,0.5315410089679062,0.5612809909507632,0.627884001005441,16.904231975786388
607,10.204173237958457,16.91267197020352,0.061373983044177294,0.01496501499786973,rt_fast_path,0.48947602044790983,0.5191619857214391,0.5835240008309484,16.807331994641572
608,10.220988484972622,16.815247014164925,0.060955993831157684,0.015319033991545439,rt_fast_path,0.4252609796822071,0.45557698467746377,0.5194619880057871,16.74123900011182
609,10.237736933981068,16.748449008446187,0.05307502578943968,0.013287004549056292,rt_fast_path,0.25765603641048074,0.28217799263074994,0.3380459966138005,16.78025198634714
610,10.254551858990453,16.81492500938475,0.05331396823748946,0.013585027772933245,rt_fast_path,0.44423004146665335,0.4718230338767171,0.5309960106387734,16.907585959415883
611,10.27146827999968,16.916421009227633,0.05826802225783467,0.014691962860524654,rt_fast_path,0.3928099758923054,0.4222069983370602,0.4834699793718755,16.750025970395654
612,10.288261890003923,16.79361000424251,0.05703599890694022,0.014138000551611185,rt_fast_path,0.31141197541728616,0.33795798663049936,0.40282896952703595,16.802461992483586
613,10.305072125978768,16.810235974844545,0.05797104677185416,0.015060009900480509,rt_fast_path,0.3930910024791956,0.4232070059515536,0.48428302397951484,16.74307999201119
614,10.321822445956059,16.75031997729093,0.055141979828476906,0.013947021216154099,rt_fast_path,0.25924801593646407,0.28499600011855364,0.34309900365769863,16.7283330229111
615,10.3385579540045,16.73550804844126,0.053427007514983416,0.013737007975578308,rt_fast_path,0.35976304206997156,0.3875279799103737,0.443747965618968,16.720968997105956
616,10.355313868960366,16.75591495586559,0.07513200398534536,0.013939978089183569,rt_fast_path,0.27639500331133604,0.30187296215444803,0.39106199983507395,16.72901801066473
617,10.372052692982834,16.73882402246818,0.07345201447606087,0.017775979358702898,rt_fast_path,0.37386297481134534,0.407649960834533,0.4852599813602865,16.729555965866894
618,10.388789781951346,16.73708896851167,0.05815201438963413,0.015112978871911764,rt_fast_path,0.2882150001823902,0.31499494798481464,0.376156996935606,16.744483029469848
619,10.405567778972909,16.77799702156335,0.11143897427245975,0.015000987332314253,rt_fast_path,0.221238995436579,0.24800002574920654,0.37248601438477635,16.84942899737507
620,10.422460306959692,16.892527986783534,0.05933298962190747,0.014959950931370258,rt_fast_path,0.2929160255007446,0.321566010825336,0.3859270364046097,16.75170101225376
621,10.439254309982061,16.794003022368997,0.053221010603010654,0.01352198887616396,rt_fast_path,0.24683400988578796,0.27208897517994046,0.3342349664308131,16.787736967671663
622,10.456050171982497,16.79586200043559,0.05702505586668849,0.014305987861007452,rt_fast_path,0.4098049830645323,0.43830694630742073,0.4982039681635797,16.761987993959337
623,10.472846510005184,16.79633802268654,0.0736379879526794,0.014185032341629267,rt_fast_path,0.3421900328248739,0.3690189914777875,0.4568309523165226,16.72950794454664
624,10.489585381001234,16.738870996050537,0.060567050240933895,0.01536303898319602,rt_fast_path,0.24618598399683833,0.2752330037765205,0.33906300086528063,16.824190970510244
625,10.506439770979341,16.854389978107065,0.059450045228004456,0.014116987586021423,rt_fast_path,0.5028519663028419,0.5315219750627875,0.5940209957771003,16.767401015385985
626,10.523242400959134,16.802629979792982,0.05513499490916729,0.014384975656867027,rt_fast_path,0.504214025568217,0.5307539831846952,0.5889710155315697,16.735864046495408
627,10.539985135954339,16.742734995204955,0.052456045523285866,0.0131340348161757,rt_fast_path,0.25188096333295107,0.27598696760833263,0.33105601323768497,16.728667018469423
628,10.556720979977399,16.735844023060054,0.05520402919501066,0.013791024684906006,rt_fast_path,0.3406789619475603,0.3664169926196337,0.42445200961083174,16.74685097532347
629,10.573509829002433,16.788849025033414,0.13158901128917933,0.028933980502188206,rt_fast_path,0.2898529637604952,0.33904198789969087,0.47834397992119193,16.769462963566184
630,10.59031800396042,16.80817495798692,0.12277800124138594,0.029183982405811548,rt_fast_path,0.3219880163669586,0.37303799763321877,0.5124520394019783,16.73843100434169
631,10.607106657989789,16.788654029369354,0.15341502148658037,0.03330595791339874,rt_fast_path,0.3554799477569759,0.415129994507879,0.5768240080215037,16.757030971348286
632,10.623899225960486,16.792567970696837,0.09379000402987003,0.026362016797065735,rt_fast_path,0.2879460225813091,0.3306330181658268,0.43958501191809773,16.790388035587966
633,10.640700004005339,16.80077804485336,0.06002304144203663,0.01525896368548274,rt_fast_path,0.44190598418936133,0.4708199994638562,0.5344619858078659,16.733837954234332
634,10.657440735958517,16.7407319531776,0.0539079774171114,0.013539975043386221,rt_fast_path,0.4541919915936887,0.4793790285475552,0.5362090305425227,16.761422040872276
635,10.674236631952226,16.795895993709564,0.05313399014994502,0.013530021533370018,rt_fast_path,0.2589279902167618,0.28449000092223287,0.34045102074742317,16.79301104741171
636,10.691050782974344,16.814151022117585,0.058191013522446156,0.014908029697835445,rt_fast_path,0.4810619866475463,0.5116249667480588,0.5730349803343415,16.802154015749693
637,10.707861837989185,16.81105501484126,0.0546189839951694,0.01379696186631918,rt_fast_path,0.26001298101618886,0.285354966763407,0.34258596133440733,16.73405198380351
638,10.724604076996911,16.74223900772631,0.05699496250599623,0.014966004528105259,rt_fast_path,0.4244799492880702,0.45191904064267874,0.5119559937156737,16.749214963056147
639,10.741386501991656,16.78242499474436,0.06742303958162665,0.014805002138018608,rt_fast_path,0.25344500318169594,0.280053005553782,0.3612060099840164,16.735207987949252
640,10.758128630986903,16.742128995247185,0.10788702638819814,0.013337994460016489,rt_fast_path,0.30863797292113304,0.3343310090713203,0.44499500654637814,18.536855990532786
641,10.776673373999074,18.54474301217124,0.057142984587699175,0.01452502328902483,rt_fast_path,0.37457101279869676,0.4011350101791322,0.4614079953171313,16.740711987949908
642,10.793423551949672,16.7501779505983,0.060640973970294,0.015672994777560234,rt_fast_path,0.29936101054772735,0.32862700754776597,0.3924540360458195,16.846326005179435
643,10.810287988977507,16.864437027834356,0.055167998652905226,0.014154007658362389,rt_fast_path,0.3680119989439845,0.3970469697378576,0.455070985481143,16.789373010396957
644,10.827121354988776,16.83336601126939,0.05922198761254549,0.014690973330289125,rt_fast_path,0.35955302882939577,0.38892903830856085,0.450965017080307,16.79606596007943
645,10.843930239963811,16.808884975034744,0.05669298116117716,0.014294986613094807,rt_fast_path,0.2402139944024384,0.2664630301296711,0.3261340316385031,16.736984020099044
646,10.860675584001001,16.74534403719008,0.057004974223673344,0.014121003914624453,rt_fast_path,0.3881980082951486,0.4170230240561068,0.4767929785884917,16.75587595673278
647,10.8774707869743,16.79520297329873,0.05764898378401995,0.01463497756049037,rt_fast_path,0.26154000079259276,0.28798996936529875,0.3498779842630029,16.855344991199672
648,10.894370858964976,16.900071990676224,0.06189401028677821,0.01519802026450634,rt_fast_path,0.49413798842579126,0.5258249584585428,0.6028549978509545,16.740949009545147
649,10.91111990698846,16.749048023484647,0.05490303738042712,0.01331500243395567,rt_fast_path,0.3670299774967134,0.3944839700125158,0.4521189839579165,16.73409400973469
650,10.92786154395435,16.741636965889484,0.05390000296756625,0.01334003172814846,rt_fast_path,0.26103202253580093,0.2861490356735885,0.34258305095136166,16.737021040171385
651,10.944606645964086,16.745102009736,0.0578800099901855,0.014605000615119934,rt_fast_path,0.3733100020326674,0.4003049689345062,0.46127999667078257,16.849640000145882
652,10.961465663975105,16.859018011018634,0.05496898666024208,0.014252029359340668,rt_fast_path,0.3674119943752885,0.3960840404033661,0.45401701936498284,16.87330601271242
653,10.978356257954147,16.890593979042023,0.05820801015943289,0.015022000297904015,rt_fast_path,0.5242970073595643,0.5537450197152793,0.6150310509838164,16.811406007036567
654,10.995177408971358,16.821151017211378,0.07324002217501402,0.015808967873454094,rt_fast_path,0.43049303349107504,0.46154798474162817,0.538474996574223,16.810938017442822
655,11.011995655950159,16.818246978800744,0.05775300087407231,0.014449004083871841,rt_fast_path,0.4448729450814426,0.47367496881633997,0.5344210076145828,16.924160008784384
656,11.028960951953195,16.9652960030362,0.059466983657330275,0.01456396421417594,rt_fast_path,0.33575703855603933,0.3644570242613554,0.42750604916363955,16.813308000564575
657,11.04578272299841,16.821771045215428,0.05999300628900528,0.01545401755720377,rt_fast_path,0.3125100047327578,0.34156901529058814,0.4046449903398752,16.739042999688536
658,11.062529615999665,16.746893001254648,0.0542459893040359,0.013598008081316948,rt_fast_path,0.5604049656540155,0.5881540128029883,0.6452529923990369,16.833448957186192
659,11.079397214984056,16.867598984390497,0.06203202065080404,0.013948010746389627,rt_fast_path,0.5076840170659125,0.5356920300982893,0.6120040197856724,16.86903100926429
660,11.096277828968596,16.880613984540105,0.05973898805677891,0.015386962331831455,rt_fast_path,0.35966798895969987,0.38997200317680836,0.4533019964583218,16.863705008290708
661,11.113174974976573,16.897146007977426,0.05922600394114852,0.014410994481295347,rt_fast_path,0.3922280156984925,0.42043899884447455,0.4833859857171774,16.78806997369975
662,11.129971660964657,16.796685988083482,0.05889998283237219,0.01427001552656293,rt_fast_path,0.33536198316141963,0.36405399441719055,0.42597000719979405,16.732691030483693
663,11.146712287969422,16.740627004764974,0.054055999498814344,0.013854994904249907,rt_fast_path,0.4051039577461779,0.43020996963605285,0.48709800466895103,16.742682026233524
664,11.163462277967483,16.74998999806121,0.05323096411302686,0.013602024409919977,rt_fast_path,0.4161429824307561,0.44388300739228725,0.4998749936930835,16.88877202104777
665,11.180358657962643,16.896379995159805,0.054311007261276245,0.013877986930310726,rt_fast_path,0.30422204872593284,0.3297989605925977,0.38689799839630723,16.822770005092025
666,11.197191518964246,16.832861001603305,0.0737019581720233,0.01662998693063855,rt_fast_path,0.3533440176397562,0.3859570133499801,0.46382000437006354,16.733396041672677
667,11.213932539976668,16.741021012421697,0.058905978221446276,0.016337959095835686,rt_fast_path,0.30729902209714055,0.3362190327607095,0.39802701212465763,16.74007799010724
668,11.230680861975998,16.748321999330074,0.05816103657707572,0.014370016288012266,rt_fast_path,0.3924689954146743,0.4210149636492133,0.4819899913854897,16.74191397614777
669,11.247430597955827,16.749735979828984,0.054217991419136524,0.014421006198972464,rt_fast_path,0.3504360211081803,0.3791659837588668,0.43616502080112696,16.794833005405962
670,11.264236539951526,16.80594199569896,0.11889199959114194,0.014911987818777561,rt_fast_path,0.4116420168429613,0.44121104292571545,0.5628830404020846,16.867054044269025
671,11.281129656999838,16.89311704831198,0.05891500040888786,0.01500395592302084,rt_fast_path,0.33305498072877526,0.36295002792030573,0.4248360055498779,16.881591989658773
672,11.298020655987784,16.89099898794666,0.05828001303598285,0.014069024473428726,rt_fast_path,0.5725479568354785,0.600840023253113,0.6622369983233511,16.726967005524784
673,11.314756432955619,16.73577696783468,0.05998997949063778,0.01466099638491869,rt_fast_path,0.5851579480804503,0.6147859967313707,0.6777980015613139,16.734228003770113
674,11.331498524989001,16.742092033382505,0.05617196438834071,0.014272984117269516,rt_fast_path,0.34163903910666704,0.3701600362546742,0.42933999793604016,16.80147199658677
675,11.348308460961562,16.809935972560197,0.06229500286281109,0.015181023627519608,rt_fast_path,0.3583049983717501,0.38845499511808157,0.45381300151348114,16.78591698873788
676,11.365102290990762,16.793830029200763,0.05498697282746434,0.014078977983444929,rt_fast_path,0.38240099092945457,0.41127705480903387,0.46922301407903433,16.735481971409172
677,11.381845973955933,16.743682965170592,0.054731033742427826,0.014271005056798458,rt_fast_path,0.36066502798348665,0.3890939988195896,0.4467660328373313,16.733305004891008
678,11.398588351963554,16.742378007620573,0.06055901758372784,0.01542700920253992,rt_fast_path,0.47586701111868024,0.5064079887233675,0.570080999750644,16.851052991114557
679,11.415459874959197,16.871522995643318,0.06577401654794812,0.015685975085943937,rt_fast_path,0.37319399416446686,0.4041499923914671,0.47353102127090096,16.787958040367812
680,11.432256102969404,16.796228010207415,0.05937303649261594,0.015820958651602268,rt_fast_path,0.524875009432435,0.5555689567700028,0.617838988546282,16.82830200297758
681,11.449092631984968,16.83652901556343,0.05829799920320511,0.015005003660917282,rt_fast_path,0.4793669795617461,0.5092649953439832,0.5705200019292533,16.734457982238382
682,11.465835009992588,16.742378007620573,0.056217017117887735,0.013873039279133081,rt_fast_path,0.5090559716336429,0.5372599698603153,0.596234982367605,16.72963099554181
683,11.482572730979882,16.73772098729387,0.05524797597900033,0.013928976841270924,rt_fast_path,0.44301501475274563,0.4712250083684921,0.5293419817462564,16.88131398987025
684,11.499480492959265,16.907761979382485,0.06024300819262862,0.015620025806128979,rt_fast_path,0.5031370092183352,0.5333460285328329,0.5968030309304595,16.9212170294486
685,11.516429426963441,16.948934004176408,0.056258984841406345,0.014358025509864092,rt_fast_path,0.5192229873500764,0.5481939879246056,0.6073070107959211,16.79591101128608
686,11.533236199989915,16.80677302647382,0.0588300172239542,0.015286030247807503,rt_fast_path,0.38538099033758044,0.41529099689796567,0.47713599633425474,16.84807799756527
687,11.550118535989895,16.88233599998057,0.05628698272630572,0.014534976799041033,rt_fast_path,0.51489396719262,0.5434740451164544,0.610437011346221,16.81175798876211
688,11.56693854695186,16.820010961964726,0.06031000521034002,0.015588011592626572,rt_fast_path,0.3669349825941026,0.3976650186814368,0.46103703789412975,16.88014605315402
689,11.58382832998177,16.889783029910177,0.05850102752447128,0.014951976481825113,rt_fast_path,0.5211170064285398,0.5509490147233009,0.6125110085122287,16.73009997466579
690,11.600566824956331,16.738494974561036,0.058814010117203,0.01463195076212287,rt_fast_path,0.35147101152688265,0.38155895890668035,0.4434660077095032,16.93266601068899
691,11.61750845296774,16.941628011409193,0.06683898391202092,0.01577497459948063,rt_fast_path,0.3970409743487835,0.4285670001991093,0.49886800115928054,16.974208992905915
692,11.634491322969552,16.982870001811534,0.061143015045672655,0.01603702548891306,rt_fast_path,0.3743429551832378,0.4027279792353511,0.46706199645996094,16.92242902936414
693,11.65142458898481,16.933266015257686,0.0585270463488996,0.014354998711496592,rt_fast_path,0.35507098073139787,0.38388598477467895,0.4454570007510483,16.750623006373644
694,11.668210128962528,16.785539977718145,0.09603099897503853,0.01638400135561824,rt_fast_path,0.2837040228769183,0.31301798298954964,0.423163000959903,16.87446003779769
695,11.685113756975625,16.90362801309675,0.05748402327299118,0.014456978533416986,rt_fast_path,0.40706602158024907,0.4358059959486127,0.49634999595582485,16.72940602293238
696,11.701853402948473,16.73964597284794,0.0580779742449522,0.014274031855165958,rt_fast_path,0.25089498376473784,0.2775440225377679,0.3385200398042798,16.770668036770076
697,11.718653133953921,16.799731005448848,0.0619670026935637,0.01598900416865945,rt_fast_path,0.23739499738439918,0.26568700559437275,0.3309290041215718,16.711336036678404
698,11.735371833958197,16.718700004275888,0.13858400052413344,0.015347963199019432,rt_fast_path,0.9111069957725704,0.940601050388068,1.081921043805778,16.797433025203645
699,11.752177116984967,16.805283026769757,0.06344396388158202,0.015159021131694317,rt_fast_path,0.43478800216689706,0.4648450412787497,0.5313800065778196,16.902845003642142
700,11.769099872966763,16.92275598179549,0.060239050071686506,0.01610000617802143,rt_fast_path,0.3601639764383435,0.391583947930485,0.4548929864540696,16.743105021305382
701,11.785851408960298,16.75153599353507,0.055074982810765505,0.014121003914624453,rt_fast_path,0.9675190085545182,0.9953560074791312,1.0533140157349408,16.729027032852173
702,11.802589094964787,16.73768600448966,0.058999983593821526,0.014106975868344307,rt_fast_path,0.35313901025801897,0.38209499325603247,0.4440880147740245,17.993549001403153
703,11.820591923955362,18.002828990574926,0.07651600753888488,0.019103987142443657,rt_fast_path,0.39140600711107254,0.4248690092936158,0.5054070497862995,16.733822994865477
704,11.8373340999824,16.742176027037203,0.05377503111958504,0.013581011444330215,rt_fast_path,0.23820402566343546,0.2634989796206355,0.3198449849151075,16.734710021410137
705,11.854076850984711,16.742751002311707,0.05595199763774872,0.013264012522995472,rt_fast_path,0.5187910282984376,0.5463630077429116,0.6049979710951447,16.771695984061807
706,11.870855725952424,16.77887496771291,0.05324999801814556,0.013655982911586761,rt_fast_path,0.2779680071398616,0.3039829898625612,0.35967101575806737,16.726784000638872
707,11.887589852965903,16.734127013478428,0.05264597712084651,0.013200973626226187,rt_fast_path,0.37915800930932164,0.40394801180809736,0.4591320175677538,16.726521018426865
708,11.904324001981877,16.734149015974253,0.05427200812846422,0.013544980902224779,rt_fast_path,0.345886975992471,0.3737370134331286,0.43062400072813034,16.801215999294072
709,11.92115254199598,16.828540014103055,0.0816140091046691,0.015182013157755136,rt_fast_path,0.387214997317642,0.41749997762963176,0.5172189557924867,16.80259295972064
710,11.937963600968942,16.8110589729622,0.05860201781615615,0.01517200144007802,rt_fast_path,0.44702296145260334,0.4772329702973366,0.5389479920268059,16.729581984691322
711,11.954700893955305,16.737292986363173,0.05579099524766207,0.014554010704159737,rt_fast_path,0.26013999013230205,0.2866840222850442,0.34516502637416124,16.736974997911602
712,11.971446395968087,16.7455020127818,0.05551299545913935,0.01472595613449812,rt_fast_path,0.34424400655552745,0.3735049976967275,0.43225998524576426,16.728534013964236
713,11.988182165951002,16.73576998291537,0.05634600529447198,0.013516983017325401,rt_fast_path,0.38939795922487974,0.4167300066910684,0.4756360431201756,16.737630998250097
714,12.004929445974994,16.74728002399206,0.0725890276953578,0.016639998648315668,rt_fast_path,1.1144810123369098,1.1471289908513427,1.223500003106892,16.7361120111309
715,12.02167557599023,16.746130015235394,0.08262594928964972,0.020668026991188526,rt_fast_path,0.2772680018097162,0.3128340467810631,0.4000510089099407,16.73532696440816
716,12.038430293963756,16.754717973526567,0.06614899029955268,0.01673202496021986,rt_fast_path,0.3087680088356137,0.33844803692772985,0.4077330231666565,16.92912698490545
717,12.055379464989528,16.949171025771648,0.05589902866631746,0.014255987480282784,rt_fast_path,0.42353395838290453,0.45244197826832533,0.5112579674459994,16.776013013441116
718,12.072210815967992,16.831350978463888,0.055490992963314056,0.013645971193909645,rt_fast_path,0.4174539935775101,0.4424020298756659,0.5012400215491652,16.744600026868284
719,12.08896563295275,16.75481698475778,0.06388104520738125,0.016060948837548494,rt_fast_path,0.2635500277392566,0.29352999990805984,0.3606860409490764,16.81553403614089
720,12.10578910796903,16.82347501628101,0.05444500129669905,0.014294986613094807,rt_fast_path,0.3137620515190065,0.3399670240469277,0.39731303695589304,16.740199993364513
721,12.122536965995096,16.747858026064932,0.056451011914759874,0.01452199649065733,rt_fast_path,0.3033599932678044,0.33029098995029926,0.38942997343838215,16.87894796486944
722,12.139458828954957,16.921862959861755,0.060673977714031935,0.014098011888563633,rt_fast_path,0.37844094913452864,0.4042710061185062,0.47533801989629865,16.806619009003043
723,12.156274164968636,16.81533601367846,0.05889497697353363,0.015464960597455502,rt_fast_path,0.3607789985835552,0.39103999733924866,0.45298098120838404,16.852807020768523
724,12.173135662975255,16.861498006619513,0.059613026678562164,0.015136029105633497,rt_fast_path,0.5839170189574361,0.6144409999251366,0.6770190084353089,16.81541302241385
725,12.189959151961375,16.823488986119628,0.0560469925403595,0.014146964531391859,rt_fast_path,0.27854996733367443,0.30492403311654925,0.3637490444816649,16.758606012444943
726,12.20674778096145,16.78862900007516,0.05703500937670469,0.014608027413487434,rt_fast_path,0.46196894254535437,0.4880719934590161,0.5483489949256182,16.72737201442942
727,12.223483863985166,16.736083023715764,0.0636469922028482,0.01675903331488371,rt_fast_path,0.25434099370613694,0.28463598573580384,0.3517349832691252,16.884137003216892
728,12.240391770959832,16.90790697466582,0.06296200444921851,0.015399011317640543,rt_fast_path,0.3489790251478553,0.37947698729112744,0.4457880277186632,16.758817015215755
729,12.25718421296915,16.79244200931862,0.06458000279963017,0.013819022569805384,rt_fast_path,0.3846529871225357,0.41025097016245127,0.4880939959548414,16.73529000254348
730,12.273927372996695,16.743160027544945,0.05354004679247737,0.013512035366147757,rt_fast_path,0.27280504582449794,0.2981610014103353,0.3543680068105459,16.788562992587686
731,12.290726017963607,16.798644966911525,0.05934399086982012,0.014947028830647469,rt_fast_path,0.4362119943834841,0.46462303726002574,0.5272240377962589,16.761893988586962
732,12.30749651096994,16.77049300633371,0.055931974202394485,0.014513032510876656,rt_fast_path,0.28907397063449025,0.31674699857831,0.37563900696113706,16.9519130140543
733,12.32445649500005,16.9599840301089,0.055217999033629894,0.01438503386452794,rt_fast_path,0.26858499040827155,0.29534101486206055,0.35339000169187784,16.799524950329214
734,12.341263421985786,16.806926985736936,0.05448999581858516,0.014354009181261063,rt_fast_path,0.26183202862739563,0.2881099935621023,0.34522899659350514,16.756218974478543
735,12.35805243899813,16.78901701234281,0.07072999142110348,0.013752956874668598,rt_fast_path,0.3310799947939813,0.3562360070645809,0.44050399446859956,16.73592795850709
736,12.374795787967741,16.74334896961227,0.05357601912692189,0.014081946574151516,rt_fast_path,0.2582920133136213,0.28410699451342225,0.3402740112505853,16.735957004129887
737,12.391539621981792,16.743834014050663,0.05457096267491579,0.014200981240719557,rt_fast_path,0.2507760073058307,0.27683901134878397,0.33424998400732875,16.728198970668018
738,12.408300822949968,16.761200968176126,0.06371899507939816,0.01316796988248825,rt_fast_path,0.41011301800608635,0.4351279931142926,0.5123160080984235,16.75710204290226
739,12.42509303195402,16.792209004051983,0.07686199387535453,0.016081961803138256,rt_fast_path,0.4297620034776628,0.45922602294012904,0.5489640170708299,16.73504599602893
740,12.441835649951827,16.74261799780652,0.058909994550049305,0.01387501833960414,rt_fast_path,0.22798602003604174,0.2534210216253996,0.3154650330543518,16.72910404158756
741,12.458572361967526,16.736712015699595,0.05551602225750685,0.013881013728678226,rt_fast_path,0.26948394952341914,0.2963439910672605,0.35474501783028245,16.764120024163276
742,12.475369798950851,16.797436983324587,0.056210963521152735,0.014180026482790709,rt_fast_path,0.3120059845969081,0.33795402850955725,0.398170028347522,16.755539050791413
743,12.492159252986312,16.78945403546095,0.056289019994437695,0.01631805207580328,rt_fast_path,0.435490976087749,0.46399299753829837,0.5268219974823296,16.760307014919817
744,12.508953369979281,16.794116992969066,0.053503026720136404,0.01310702646151185,rt_fast_path,0.34473504638299346,0.36960100987926126,0.4284260212443769,16.75641897600144
745,12.525742911966518,16.78954198723659,0.057774013839662075,0.015117984730750322,rt_fast_path,0.3879870055243373,0.41541497921571136,0.48234598943963647,16.736597986891866
746,12.542486827995162,16.74391602864489,0.05609198706224561,0.014925957657396793,rt_fast_path,0.46690896851941943,0.4936259938403964,0.5525059532374144,16.845153993926942
747,12.559352657001,16.86582900583744,0.053770956583321095,0.013806973583996296,rt_fast_path,0.4154769703745842,0.44358003651723266,0.5001859972253442,16.740542952902615
748,12.576100419973955,16.74776297295466,0.05437602521851659,0.013720011338591576,rt_fast_path,0.35687797935679555,0.38200500421226025,0.4392840201035142,16.794890980236232
749,12.592903405951802,16.80298597784713,0.055262993555516005,0.013982993550598621,rt_fast_path,0.5022149998694658,0.5310520064085722,0.5891530308872461,16.734920034650713
750,12.609646525990684,16.743120038881898,0.054257980082184076,0.014169025234878063,rt_fast_path,0.39109401404857635,0.41974999476224184,0.4769429797306657,16.75587601494044
751,12.626436616003048,16.79009001236409,0.07901102071627975,0.01749396324157715,rt_fast_path,0.48573396634310484,0.5176779814064503,0.6026839837431908,16.81982196168974
752,12.643264648970217,16.828032967168838,0.06516900612041354,0.01587200677022338,rt_fast_path,0.2909749746322632,0.3188539994880557,0.38745900383219123,16.810571018140763
753,12.660083661961835,16.819012991618365,0.05957001121714711,0.01535599585622549,rt_fast_path,0.2999429707415402,0.32793200807645917,0.39077200926840305,16.733542026486248
754,12.676825106958859,16.74144499702379,0.05562801379710436,0.014448014553636312,rt_fast_path,0.22481702035292983,0.2507269964553416,0.3093000268563628,16.729198046959937
755,12.693562880973332,16.73777401447296,0.05814997712150216,0.014358956832438707,rt_fast_path,0.43037300929427147,0.45900698751211166,0.5205579800531268,16.869546030648053
756,12.710440773982555,16.877893009223044,0.06140198092907667,0.014870020095258951,rt_fast_path,0.24792697513476014,0.274783989880234,0.33949798671528697,16.84845401905477
757,12.727323428960517,16.882654977962375,0.05504401633515954,0.014370016288012266,rt_fast_path,0.5497370148077607,0.5784149980172515,0.6415260140784085,16.84484799625352
758,12.7441768089775,16.853380016982555,0.06389699410647154,0.015285040717571974,rt_fast_path,0.4059350467287004,0.43560098856687546,0.502711976878345,16.74658799311146
759,12.760955176956486,16.778367978986353,0.08543295552954078,0.014312972780317068,rt_fast_path,0.4106289707124233,0.4398450255393982,0.5386840202845633,16.72926702303812
760,12.777691597992089,16.73642103560269,0.054054020438343287,0.013598008081316948,rt_fast_path,0.2375040203332901,0.26230799267068505,0.31917798332870007,16.73289795871824
761,12.794432750961278,16.741152969188988,0.053409021347761154,0.013597018551081419,rt_fast_path,0.3494609845802188,0.37729699397459626,0.43357000686228275,16.73487003426999
762,12.8111752809491,16.742529987823218,0.05919497925788164,0.014060002285987139,rt_fast_path,0.26036601047962904,0.2865060232579708,0.348550034686923,16.942141053732485
763,12.828154906979762,16.979626030661166,0.06524700438603759,0.01959101064130664,rt_fast_path,0.2590360236354172,0.29124802676960826,0.3598980256356299,16.726390982512385
764,12.844888455001637,16.733548021875322,0.053326948545873165,0.013373966794461012,rt_fast_path,0.5015020142309368,0.5292410496622324,0.5854869959875941,16.864914970938116
765,12.86177154496545,16.88308996381238,0.058578967582434416,0.014787947293370962,rt_fast_path,0.28486596420407295,0.31200703233480453,0.37377001717686653,16.736438032239676
766,12.878516390977893,16.744846012443304,0.060560007113963366,0.01547602005302906,rt_fast_path,0.5454280180856586,0.5758749903179705,0.6393889780156314,16.948035976383835
767,12.895473935001064,16.957544023171067,0.060393998865038157,0.01487403642386198,rt_fast_path,0.6113889976404607,0.6425120518542826,0.7059960043989122,17.01829396188259
768,12.912499570986256,17.02563598519191,0.0557379680685699,0.013652956113219261,rt_fast_path,0.6337420199997723,0.6615539896301925,0.7201269618235528,17.00316701317206
769,12.92951083095977,17.011259973514825,0.05449401214718819,0.013531011063605547,rt_fast_path,0.5040959804318845,0.5318670300766826,0.5892140325158834,17.02231401577592
770,12.946542116987985,17.0312860282138,0.061670958530157804,0.015177996829152107,rt_fast_path,0.22227701265364885,0.24959305301308632,0.31439901795238256,16.693586017936468
771,12.96324305597227,16.70093898428604,0.05520298145711422,0.013721990399062634,rt_fast_path,0.36256201565265656,0.39068603655323386,0.44882402289658785,16.88618602929637
772,12.980151016963646,16.90796099137515,0.05528202746063471,0.014227000065147877,rt_fast_path,0.4789609811268747,0.5105339805595577,0.56892802240327,16.954098013229668
773,12.997136014979333,16.98499801568687,0.05727098323404789,0.014447025023400784,rt_fast_path,0.5131869693286717,0.5426179850474,0.6028069765307009,16.73639297951013
774,13.01388030796079,16.744292981456965,0.055620039347559214,0.014160003047436476,rt_fast_path,0.335320015437901,0.3629649872891605,0.4215050139464438,16.72969601349905
775,13.030619000957813,16.738692997023463,0.06099400343373418,0.014921999536454678,rt_fast_path,0.41382003109902143,0.4436509916558862,0.5080560222268105,16.875951027031988
776,13.04750270297518,16.883702017366886,0.057446013670414686,0.01414999132975936,rt_fast_path,0.3709839656949043,0.3993809805251658,0.4600089741870761,16.95800799643621
777,13.064468048978597,16.965346003416926,0.053705007303506136,0.01370999962091446,rt_fast_path,0.5726580275222659,0.6007300107739866,0.6573270075023174,16.74217899562791
778,13.08121807599673,16.75002701813355,0.056257995311170816,0.013961049262434244,rt_fast_path,0.3152760327793658,0.3403059672564268,0.39938895497471094,16.81468600872904
779,13.098041919001844,16.823843005113304,0.060771009884774685,0.015455007087439299,rt_fast_path,0.3201479557901621,0.35188801120966673,0.41584199061617255,16.806293977424502
780,13.114857080974616,16.81516197277233,0.06111100083217025,0.01589301973581314,rt_fast_path,0.3859589924104512,0.41722599416971207,0.48168498324230313,16.81027701124549
781,13.13168513297569,16.828052001073956,0.054315023589879274,0.014079036191105843,rt_fast_path,0.4820789908990264,0.5100239650346339,0.5673309788107872,16.73343201400712
782,13.148426814994309,16.74168201861903,0.0551799894310534,0.014026009012013674,rt_fast_path,0.46939996536821127,0.4976419731974602,0.5556849646382034,16.787072003353387
783,13.165222037991043,16.795222996734083,0.05990400677546859,0.01461501233279705,rt_fast_path,0.4792700055986643,0.5084079457446933,0.5712189595215023,16.82033797260374
784,13.182076390949078,16.854352958034724,0.047623005229979753,0.012266973499208689,rt_fast_path,0.3178179613314569,0.3394549712538719,0.3894920228049159,16.736953053623438
785,13.198840046999976,16.763656050898135,0.09405898163095117,0.013998011127114296,rt_fast_path,0.24815299548208714,0.27362204855307937,0.3799819969572127,16.81304397061467
786,13.215657372958958,16.81732595898211,0.043516047298908234,0.011740019544959068,rt_fast_path,0.34271099139004946,0.3643809468485415,0.40998199256137013,16.75849303137511
787,13.232450638955925,16.79326599696651,0.058454053942114115,0.013792014215141535,rt_fast_path,0.41454698657616973,0.4402759950608015,0.5125630414113402,16.750958049669862
788,13.249249383981805,16.798745025880635,0.04222802817821503,0.011861964594572783,rt_fast_path,0.2667719963937998,0.28842996107414365,0.3328449674881995,16.820502991322428
789,13.266077518987004,16.82813500519842,0.05956797394901514,0.015632016584277153,rt_fast_path,0.4921139916405082,0.5223909975029528,0.5849269800819457,16.732106974814087
790,13.282814153004438,16.73663401743397,0.0473950058221817,0.012658012565225363,rt_fast_path,0.37262996193021536,0.3949249512515962,0.4443669458851218,16.731654992327094
791,13.299549851974007,16.735698969569057,0.035566044971346855,0.009909970685839653,rt_fast_path,0.3521009930409491,0.3713140031322837,0.4083830281160772,16.791180009022355
792,13.316347477957606,16.797625983599573,0.040273997001349926,0.011436000932008028,rt_fast_path,0.33521000295877457,0.3561900230124593,0.39828504668548703,16.812776040751487
793,13.333167754986789,16.820277029182762,0.05683803465217352,0.014641962479799986,rt_fast_path,0.3585880040191114,0.3914499538950622,0.4514919710345566,16.813457012176514
794,13.349988834990654,16.821080003865063,0.05824299296364188,0.014780962374061346,rt_fast_path,0.4562379908747971,0.4851840203627944,0.5465209833346307,16.803601989522576
795,13.366799423005432,16.81058801477775,0.052375951781868935,0.013643002603203058,rt_fast_path,0.506265030708164,0.5331700085662305,0.588203954976052,16.757891979068518
796,13.383565114985686,16.765691980253905,0.05671096732839942,0.014699005987495184,rt_fast_path,0.36106701008975506,0.3900370211340487,0.4497990012168884,16.874026972800493
797,13.400446701969486,16.881586983799934,0.05620595766231418,0.01463800435885787,rt_fast_path,0.45031204354017973,0.4764550249092281,0.5356220062822104,16.95211202604696
798,13.417406831984408,16.96013001492247,0.05800899816676974,0.014027988072484732,rt_fast_path,0.4664930165745318,0.4947540001012385,0.5561769939959049,16.80629700422287
799,13.434221692965366,16.814860980957747,0.07052900036796927,0.01616799272596836,rt_fast_path,0.4908330156467855,0.5227540386840701,0.5966480239294469,16.79169200360775
800,13.451022733992431,16.801041027065367,0.07558200741186738,0.017351005226373672,rt_fast_path,0.26554602663964033,0.29717403231188655,0.3767340094782412,16.851883963681757
801,13.46790130698355,16.878572991117835,0.06289297016337514,0.01575704663991928,rt_fast_path,0.4715680261142552,0.5028270534239709,0.5691340193152428,16.73982699867338
802,13.484648345969617,16.74703898606822,0.05686201620846987,0.014602032024413347,rt_fast_path,0.47885801177471876,0.5075510125607252,0.5673590349033475,16.740765015129
803,13.501397766987793,16.74942101817578,0.05819700891152024,0.014563032891601324,rt_fast_path,0.4756780108436942,0.5064889555796981,0.567871960811317,16.888301994185895
804,13.518293756002095,16.89598901430145,0.057123019360005856,0.014332996215671301,rt_fast_path,0.3592009888961911,0.3883289755322039,0.44838397298008204,16.78548997733742
805,13.53508659999352,16.79284399142489,0.05474599311128259,0.013687997125089169,rt_fast_path,0.5167769850231707,0.5449230084195733,0.6024590111337602,16.82851801160723
806,13.551949144981336,16.862544987816364,0.06926298374310136,0.013626005966216326,rt_fast_path,0.4921589861623943,0.5199210136197507,0.6040949956513941,16.731042007450014
807,13.568687667953782,16.738522972445935,0.05575304385274649,0.014277000445872545,rt_fast_path,0.40017603896558285,0.42907497845590115,0.48820202937349677,16.75502903526649
808,13.585450599959586,16.762932005804032,0.0573699944652617,0.0140810152515769,rt_fast_path,0.4439139738678932,0.4722059820778668,0.53257099352777,16.897360037546605
809,13.602360172953922,16.909572994336486,0.0794689985923469,0.019369996152818203,rt_fast_path,0.5068430327810347,0.5414100014604628,0.6260710069909692,16.858212009537965
810,13.619276398967486,16.916226013563573,0.1264750026166439,0.02837303327396512,rt_fast_path,0.4004559596069157,0.4513210151344538,0.585890025831759,16.997125989291817
811,13.636283162981272,17.00676401378587,0.0998270115815103,0.024478009436279535,rt_fast_path,2.8364810277707875,2.883469976950437,2.9882339877076447,16.73833600943908
812,13.65303268795833,16.749524977058172,0.12096302816644311,0.029053946491330862,rt_fast_path,0.48844702541828156,0.5360840004868805,0.6628170376643538,16.843526042066514
813,13.669920233951416,16.88754599308595,0.08290295954793692,0.020064006093889475,rt_fast_path,0.5384660325944424,0.5754400044679642,0.6649710121564567,16.834473004564643
814,13.686769425985403,16.849192033987492,0.05521898856386542,0.014417979400604963,rt_fast_path,0.37824298487976193,0.4062960506416857,0.464380020275712,16.759451013058424
815,13.703563782968558,16.794356983155012,0.05340698407962918,0.013643002603203058,rt_fast_path,1.0728760389611125,1.099628978408873,1.1572259827516973,16.727879992686212
816,13.720299345965032,16.735562996473163,0.06008002674207091,0.014346034731715918,rt_fast_path,0.35855802707374096,0.3859240096062422,0.4490450373850763,16.904546006117016
817,13.737212120962795,16.912774997763336,0.06655999459326267,0.01612800406292081,rt_fast_path,0.7181019755080342,0.7492669974453747,0.8192820241674781,16.772849019616842
818,13.753991653968114,16.779533005319536,0.054311996791511774,0.013933982700109482,rt_fast_path,0.41421002242714167,0.4420410259626806,0.49913302063941956,16.727938025724143
819,13.770726650953293,16.73499698517844,0.22129702847450972,0.014493998605757952,rt_fast_path,0.9072599932551384,0.9353620116598904,1.1594490497373044,16.81987103074789
820,13.787554318958428,16.82766800513491,0.0528529635630548,0.013308017514646053,rt_fast_path,0.24762202519923449,0.27191301342099905,0.3273970214650035,16.766774002462626
821,13.804327558958903,16.773240000475198,0.051805051043629646,0.013293989468365908,rt_fast_path,0.35398598993197083,0.3787009627558291,0.43298600940033793,16.818709031213075
822,13.821254117996432,16.926559037528932,0.05940499249845743,0.01521798549219966,rt_fast_path,0.6428430206142366,0.671975954901427,0.7345879566855729,16.727530979551375
823,13.837988315965049,16.73419796861708,0.05543703446164727,0.014346966054290533,rt_fast_path,0.41286699706688523,0.4384169587865472,0.49642298836261034,16.875285014975816
824,13.854870088980533,16.881773015484214,0.055078009609133005,0.01384800998494029,rt_fast_path,0.38552400656044483,0.41138799861073494,0.46887301141396165,16.72658498864621
825,13.871604555984959,16.734467004425824,0.056942051742225885,0.01410802360624075,rt_fast_path,0.8074859506450593,0.833615951705724,0.8933799690566957,16.72711200080812
826,13.888338429969735,16.733873984776437,0.05343399243429303,0.014032004401087761,rt_fast_path,0.4041880019940436,0.4301639855839312,0.48609700752422214,16.75655401777476
827,13.90510223095771,16.76380098797381,0.053254945669323206,0.01324398908764124,rt_fast_path,0.26445696130394936,0.28904405189678073,0.3448630450293422,16.738890029955655
828,13.92184774496127,16.745514003559947,0.053848023526370525,0.013162032701075077,rt_fast_path,0.22375199478119612,0.24868000764399767,0.3050750237889588,16.732319025322795
829,13.938587284996174,16.739540034905076,0.053244002629071474,0.013210985343903303,rt_fast_path,0.2512479550205171,0.27591997059062123,0.33194897696375847,16.72573498217389
830,13.955319780972786,16.732495976611972,0.05371600855141878,0.013210985343903303,rt_fast_path,0.5407609860412776,0.5655119894072413,0.6218000198714435,16.72611600952223
831,13.972052589990199,16.732809017412364,0.053101044613868,0.013311044313013554,rt_fast_path,0.2339910133741796,0.2582739689387381,0.31401397427544,16.729980998206884
832,13.98878913797671,16.73654798651114,0.05253002746030688,0.013219018001109362,rt_fast_path,0.2001830143854022,0.22498698672279716,0.280126987490803,16.798884025774896
833,14.005594741960522,16.805603983812034,0.052660994697362185,0.013107957784086466,rt_fast_path,0.1987959840334952,0.2233940176665783,0.2787680132314563,17.04281201818958
834,14.02264474297408,17.050001013558358,0.05961902206763625,0.014673045370727777,rt_fast_path,0.2358400379307568,0.2624619519338012,0.32483297400176525,16.732310003135353
835,14.03939683898352,16.75209600944072,0.05328998668119311,0.013624958228319883,rt_fast_path,0.2572669764049351,0.2821130328811705,0.3380679991096258,17.04512699507177
836,14.056449462950695,17.05262396717444,0.05767098627984524,0.014546967577189207,rt_fast_path,0.8390460279770195,0.8678529993630946,0.9283560211770236,16.74411603016779
837,14.07320207299199,16.752610041294247,0.06334000499919057,0.015527009963989258,rt_fast_path,0.5008910084143281,0.5286550149321556,0.5950279883109033,16.733797965571284
838,14.089944740000647,16.74266700865701,0.05768699338659644,0.014532997738569975,rt_fast_path,0.38769200909882784,0.41475403122603893,0.4751289961859584,16.746291948948056
839,14.106744466000237,16.79972599959001,0.05556998075917363,0.014200981240719557,rt_fast_path,0.42773899622261524,0.4529569996520877,0.5119929555803537,16.731754993088543
840,14.12348261999432,16.738153994083405,0.05166901974007487,0.013255979865789413,rt_fast_path,0.42478396790102124,0.44942001113668084,0.5035210051573813,16.731926007196307
841,14.140220773988403,16.738153994083405,0.05652802065014839,0.014071003533899784,rt_fast_path,0.21844898583367467,0.24421396665275097,0.3032399690710008,16.725340974517167
842,14.156953218975104,16.73244498670101,0.054684001952409744,0.014410004951059818,rt_fast_path,0.31316501554101706,0.33961597364395857,0.39700500201433897,16.733398020733148
843,14.173695317003876,16.74209802877158,0.07643504068255424,0.018569990061223507,rt_fast_path,0.24928903440013528,0.2821729867719114,0.36245398223400116,16.72429294558242
844,14.190426432003733,16.7311149998568,0.05875900387763977,0.014112039934843779,rt_fast_path,0.2753169974312186,0.30121003510430455,0.36287499824538827,16.726517002098262
845,14.207158831995912,16.732399992179126,0.05436502397060394,0.015600002370774746,rt_fast_path,0.5561629659496248,0.5846559652127326,0.6415689713321626,16.73561497591436
846,14.223901030956767,16.742198960855603,0.05815300391986966,0.015965953934937716,rt_fast_path,0.610959017649293,0.6384500302374363,0.6993440329097211,16.730318020563573
847,14.24063842499163,16.73739403486252,0.05536997923627496,0.014071003533899784,rt_fast_path,0.24139799643307924,0.2673980197869241,0.3252740134485066,17.258304986171424
848,14.257903900987003,17.26547599537298,0.058281992096453905,0.014421995729207993,rt_fast_path,0.3759459941647947,0.4045100067742169,0.465495977550745,16.730742994695902
849,14.274641484953463,16.73758396646008,0.057649973314255476,0.014473043847829103,rt_fast_path,0.22495404118672013,0.25185500271618366,0.31214201590046287,16.738899052143097
850,14.291400119953323,16.758634999860078,0.04804501077160239,0.012874952517449856,rt_fast_path,0.37430902011692524,0.39776996709406376,0.4482869990170002,16.735609038732946
851,14.308143031958025,16.742912004701793,0.05476601654663682,0.013621000107377768,rt_fast_path,0.38725597551092505,0.412738008890301,0.47019001794978976,16.734376025851816
852,14.324883855995722,16.740824037697166,0.053822994232177734,0.013932993169873953,rt_fast_path,0.32333197304978967,0.3491989918984473,0.40555099258199334,16.729722963646054
853,14.341619946004357,16.736090008635074,0.05120999412611127,0.013320997823029757,rt_fast_path,0.2152330125682056,0.2395730116404593,0.2934499643743038,16.73677796497941
854,14.35836367297452,16.743726970162243,0.057680008467286825,0.014140969142317772,rt_fast_path,0.2267000381834805,0.2522220020182431,0.31250802567228675,16.730138973798603
855,14.375100351986475,16.736679011955857,0.051546026952564716,0.013148004654794931,rt_fast_path,0.2804840332828462,0.3045109915547073,0.358705990947783,16.729977971408516
856,14.391837134957314,16.73678297083825,0.05406799027696252,0.013705051969736814,rt_fast_path,0.21400401601567864,0.2390440204180777,0.2955300151370466,16.74143399577588
857,14.408608010970056,16.77087601274252,0.05766801768913865,0.01454702578485012,rt_fast_path,0.24129298981279135,0.2677519805729389,0.34377299016341567,16.730976989492774
858,14.425345897965599,16.737886995542794,0.05214399425312877,0.013360986486077309,rt_fast_path,0.25718804681673646,0.2820329973474145,0.33658702159300447,16.736378020141274
859,14.442088892974425,16.742995008826256,0.05304301157593727,0.013744982425123453,rt_fast_path,0.2554330276325345,0.28041296172887087,0.33583497861400247,16.735354030970484
860,14.458832238975447,16.743346001021564,0.06389495683833957,0.01610402250662446,rt_fast_path,0.47925300896167755,0.5088850157335401,0.5753459990955889,16.733176016714424
861,14.475572458992247,16.740220016799867,0.05807698471471667,0.01512700691819191,rt_fast_path,0.23431004956364632,0.2617670106701553,0.3225620021112263,16.730576986446977
862,14.492308088985737,16.735629993490875,0.04849000833928585,0.013208948075771332,rt_fast_path,0.4231469938531518,0.44723699102178216,0.49797300016507506,16.730548988562077
863,14.509045131970197,16.73704298445955,0.05250197136774659,0.014138990081846714,rt_fast_path,0.22116804029792547,0.24639605544507504,0.3013100358657539,16.730174014810473
864,14.52578194095986,16.736808989662677,0.050794973503798246,0.013080018106848001,rt_fast_path,0.3594039590097964,0.38352300180122256,0.43673499021679163,16.730420000385493
865,14.542519014969002,16.737074009142816,0.05356100155040622,0.013404001947492361,rt_fast_path,0.3873059758916497,0.41235395474359393,0.46833098167553544,16.73989702248946
866,14.55929423699854,16.775222029536963,0.09386299643665552,0.013497017789632082,rt_fast_path,0.24293200112879276,0.2675509895198047,0.3772859927266836,16.73347200267017
867,14.576060557970777,16.766320972237736,0.0661910162307322,0.01421797787770629,rt_fast_path,0.25835505221039057,0.28448901139199734,0.36568602081388235,16.741944011300802
868,14.592824238992762,16.763681021984667,0.05093403160572052,0.012976001016795635,rt_fast_path,0.3770010080188513,0.4010489792563021,0.45452796621248126,16.736807010602206
869,14.609567106992472,16.742867999710143,0.056093966122716665,0.014060002285987139,rt_fast_path,0.38647500332444906,0.41190203046426177,0.47044799430295825,16.730910982005298
870,14.62630437000189,16.737263009417802,0.05351402796804905,0.013594981282949448,rt_fast_path,0.2430380554869771,0.2679579774849117,0.32393995206803083,16.73141395440325
871,14.643042481970042,16.738111968152225,0.0522980117239058,0.013289973139762878,rt_fast_path,0.38083503022789955,0.40566897951066494,0.46059698797762394,16.730485018342733
872,14.659779876004905,16.73739403486252,0.05512498319149017,0.013911980204284191,rt_fast_path,0.4437310271896422,0.46940799802541733,0.5269089597277343,16.78857597289607
873,14.676575336954556,16.795460949651897,0.05934701766818762,0.01356599386781454,rt_fast_path,0.4178070230409503,0.44365000212565064,0.5057740490883589,16.786308027803898
874,14.693367139960174,16.791803005617112,0.05455705104395747,0.014016986824572086,rt_fast_path,0.20972301717847586,0.2342969528399408,0.2910899929702282,16.732682997826487
875,14.710104666999541,16.737527039367706,0.05329999839887023,0.013655982911586761,rt_fast_path,0.23775699082762003,0.2623290056362748,0.3180829808115959,16.72363094985485
876,14.726836769958027,16.732102958485484,0.06940099410712719,0.017691985704004765,rt_fast_path,1.237761985976249,1.272068009711802,1.3451900449581444,16.775001015048474
877,14.743619967950508,16.78319799248129,0.08883001282811165,0.02193398540839553,rt_fast_path,0.46028796350583434,0.4990199813619256,0.592244032304734,16.728098038583994
878,14.7603548829793,16.734915028791875,0.07655099034309387,0.01938204513862729,rt_fast_path,0.3861800068989396,0.4182760021649301,0.49829500494524837,16.73054799903184
879,14.777091098949313,16.73621597001329,0.0560629996471107,0.01370598329231143,rt_fast_path,0.2400679513812065,0.264924019575119,0.3236920456402004,16.699369007255882
880,14.793795293953735,16.704195004422218,0.053060008212924004,0.013012962881475687,rt_fast_path,0.4499219940043986,0.47393498243764043,0.5295680020935833,16.731919022276998
881,14.810532119998243,16.736826044507325,0.05424104165285826,0.013814016710966825,rt_fast_path,0.3482309984974563,0.37300895201042295,0.4299719585105777,16.709326999261975
882,14.827247782959603,16.715662961360067,0.06440799916163087,0.01635699300095439,rt_fast_path,0.22154604084789753,0.25090400595217943,0.31945103546604514,16.740631021093577
883,14.84399336396018,16.74558100057766,0.05412101745605469,0.014336023014038801,rt_fast_path,0.2846539719030261,0.31070399563759565,0.36769703729078174,16.731026000343263
884,14.860729238949716,16.73587498953566,0.050363014452159405,0.013066979590803385,rt_fast_path,0.37136103492230177,0.3954250132665038,0.4484040546230972,16.727099020499736
885,14.877463986980729,16.734748031012714,0.07011700654402375,0.01653999788686633,rt_fast_path,0.9875029791146517,1.0199500247836113,1.093871018383652,16.74287999048829
886,14.894240412977524,16.776425996795297,0.08584599709138274,0.018122023902833462,rt_fast_path,0.2386739943176508,0.2697050222195685,0.36932301009073853,16.735892975702882
887,14.910981744993478,16.741332015953958,0.05892099579796195,0.015300000086426735,rt_fast_path,0.2383490209467709,0.2649339730851352,0.32679695868864655,16.777840966824442
888,14.927764647989534,16.782902996055782,0.05253299605101347,0.013026990927755833,rt_fast_path,0.36903703585267067,0.39299100171774626,0.44796400470659137,17.2583109815605
889,14.945028254995123,17.26360700558871,0.05359196802601218,0.012924952898174524,rt_fast_path,0.2687100204639137,0.293763994704932,0.34972396679222584,16.734846984036267
890,14.961768183973618,16.7399289784953,0.05326204700395465,0.013522978406399488,rt_fast_path,0.2268209937028587,0.2513389918021858,0.30715501634404063,16.727818991057575
891,14.978527851984836,16.75966801121831,0.05646405043080449,0.014181947335600853,rt_fast_path,0.2221610047854483,0.24778494844213128,0.31692796619609,16.715397010557353
892,14.995247951999772,16.72010001493618,0.049295020289719105,0.012882985174655914,rt_fast_path,0.23707601940259337,0.26035698829218745,0.31188299180939794,16.729185997974128
893,15.011982216965407,16.734264965634793,0.051946029998362064,0.013832002878189087,rt_fast_path,0.3702010144479573,0.39506598841398954,0.4494470194913447,16.732781019527465
894,15.02872079599183,16.738579026423395,0.05409703589975834,0.013273966033011675,rt_fast_path,0.4068250418640673,0.4311329685151577,0.48778997734189034,16.721848980523646
895,15.045447868003976,16.727072012145072,0.04980497760698199,0.012666976545006037,rt_fast_path,0.22237998200580478,0.2456590300425887,0.2978609991259873,16.747011977713555
896,15.062220852996688,16.772984992712736,0.06430502980947495,0.012717035133391619,rt_fast_path,0.4018740146420896,0.42522698640823364,0.5078379763290286,16.730116971302778
897,15.07895880198339,16.737948986701667,0.0737879890948534,0.01774798147380352,rt_fast_path,0.43800700223073363,0.4696300020441413,0.5470910109579563,16.739177983254194
898,15.095726148982067,16.767346998676658,0.09384896839037538,0.014049001038074493,rt_fast_path,0.4347310168668628,0.46027201460674405,0.566790986340493,16.729959985241294
899,15.11246166296769,16.735513985622674,0.05540699930861592,0.016308040358126163,rt_fast_path,0.48029294703155756,0.5086380406282842,0.5667920340783894,16.734739998355508
900,15.129201914998703,16.74025203101337,0.052638992201536894,0.012628035619854927,rt_fast_path,0.40231895400211215,0.4258860135450959,0.4809849779121578,16.72271400457248
901,15.145929484977387,16.727569978684187,0.049468944780528545,0.012778968084603548,rt_fast_path,0.2840029774233699,0.30713604064658284,0.3589930129237473,16.731565003283322
902,15.162665568990633,16.736084013246,0.049644033424556255,0.012978969607502222,rt_fast_path,0.18416601233184338,0.2078019897453487,0.2598069841042161,16.734311007894576
903,15.1794047379517,16.739168961066753,0.04887901013717055,0.012815988156944513,rt_fast_path,0.18900498980656266,0.21236902102828026,0.26352202985435724,16.731109004467726
904,15.196140889951494,16.736151999793947,0.050220987759530544,0.012712960597127676,rt_fast_path,0.23014500038698316,0.25443302001804113,0.30720402719452977,16.736176039557904
905,15.212908785964828,16.767896013334394,0.09289098670706153,0.015274970792233944,rt_fast_path,0.25236100191250443,0.27929397765547037,0.38751499960199,16.757403034716845
906,15.229671093984507,16.76230801967904,0.05282694473862648,0.013327982742339373,rt_fast_path,0.20354101434350014,0.2283710055053234,0.28355896938592196,16.730844974517822
907,15.246406645979732,16.73555199522525,0.04960299702361226,0.01265999162569642,rt_fast_path,0.2584489993751049,0.2817140193656087,0.33372099278494716,16.733946977183223
908,15.263145189965144,16.738543985411525,0.11901900870725513,0.013878976460546255,rt_fast_path,0.3573159920051694,0.3822740400210023,0.503618037328124,16.730959992855787
909,15.279881308961194,16.73611899605021,0.05565199535340071,0.013862969353795052,rt_fast_path,0.40307798190042377,0.4281490109860897,0.4865480004809797,16.73262903932482
910,15.296619344968349,16.738036007154733,0.056401011534035206,0.014265009667724371,rt_fast_path,0.2568039926700294,0.2819029614329338,0.34118699841201305,16.730517032556236
911,15.313354945974424,16.73560100607574,0.05546800093725324,0.014790974091738462,rt_fast_path,0.2149019856005907,0.24082395248115063,0.2992639783769846,16.727694019209594
912,15.33010835800087,16.753412026446313,0.05009298911318183,0.012714997865259647,rt_fast_path,0.21682603983208537,0.239996996242553,0.29988796450197697,16.730181989260018
913,15.346843109990004,16.734751989133656,0.04909897688776255,0.012816977687180042,rt_fast_path,0.21888298215344548,0.24223100626841187,0.29368599643930793,16.73036301508546
914,15.363578407966997,16.735297976993024,0.05026796134188771,0.012759002856910229,rt_fast_path,0.3367700264789164,0.3603040240705013,0.4131720052100718,17.069983994588256
915,15.380653912958223,17.0755049912259,0.05148496711626649,0.013057026080787182,rt_fast_path,0.2865690039470792,0.31153298914432526,0.3654489992186427,16.730260045733303
916,15.397389004996512,16.735092038288713,0.049152004066854715,0.01298700226470828,rt_fast_path,0.19461603369563818,0.2183099859394133,0.269886979367584,16.805003979243338
917,15.4142282709945,16.83926599798724,0.05080900155007839,0.013033044524490833,rt_fast_path,0.23209198843687773,0.25584298418834805,0.3104179631918669,16.73519000178203
918,15.4309683329775,16.740061983000487,0.049272028263658285,0.012353993952274323,rt_fast_path,0.1987770083360374,0.2217149594798684,0.27337297797203064,16.72955899266526
919,15.44770310196327,16.734768985770643,0.05296303424984217,0.014015997294336557,rt_fast_path,0.34884799970313907,0.37418800638988614,0.42951502837240696,16.732193005736917
920,15.464440003968775,16.736902005504817,0.04940299550071359,0.012620002962648869,rt_fast_path,0.36510900827124715,0.3883180324919522,0.440129020716995,16.733002034015954
921,15.481179274967872,16.739270999096334,0.06277399370446801,0.015133991837501526,rt_fast_path,0.3929769736714661,0.41976000647991896,0.4854840226471424,16.730891016777605
922,15.497915649961215,16.736374993342906,0.055194017477333546,0.0134530127979815,rt_fast_path,0.22032897686585784,0.2450720057822764,0.30284503009170294,16.731713025365025
923,15.514652176003437,16.736526042222977,0.051031995099037886,0.01361599424853921,rt_fast_path,0.20611000945791602,0.23064902052283287,0.2840569941326976,16.732344985939562
924,15.531389485986438,16.73730998300016,0.04910002462565899,0.01264503225684166,rt_fast_path,0.35796803422272205,0.38174301153048873,0.43322599958628416,16.784566978458315
925,15.548181295976974,16.79180999053642,0.06223795935511589,0.014413963072001934,rt_fast_path,0.4702869919128716,0.49922498874366283,0.5644179764203727,16.731083975173533
926,15.564917254960164,16.735958983190358,0.050228030886501074,0.012635951861739159,rt_fast_path,0.3489289665594697,0.37240301026031375,0.42510603088885546,16.73067401861772
927,15.581667092978023,16.749838017858565,0.04830601392313838,0.01271301880478859,rt_fast_path,0.21517102140933275,0.238540000282228,0.28942700009793043,16.731392999645323
928,15.598404217977077,16.737124999053776,0.05160900764167309,0.013073964510113001,rt_fast_path,0.20613399101421237,0.23004697868600488,0.28414500411599874,16.854314017109573
929,15.615265929955058,16.86171197798103,0.05401199450716376,0.013493001461029053,rt_fast_path,0.35146099980920553,0.37919095484539866,0.4361059982329607,16.794447030406445
930,15.63206839497434,16.802465019281954,0.05976902320981026,0.01477799378335476,rt_fast_path,0.3538160235621035,0.38350099930539727,0.4463799996301532,16.732139978557825
931,15.648805854958482,16.737459984142333,0.051754002925008535,0.013326993212103844,rt_fast_path,0.35990000469610095,0.38450403371825814,0.4387320368550718,16.731089039240032
932,15.665541677968577,16.735823010094464,0.050941016525030136,0.012884032912552357,rt_fast_path,0.2408099826425314,0.26478100335225463,0.3182479995302856,16.71989803435281
933,15.682266942982096,16.725265013519675,0.0504140043631196,0.012842996511608362,rt_fast_path,0.3817839897237718,0.4059480270370841,0.4588770098052919,16.74717600690201
934,15.69904807000421,16.78112702211365,0.10843196650967002,0.0262810499407351,rt_fast_path,0.32786099473014474,0.3744480200111866,0.4961639642715454,16.73325995216146
935,15.71578706195578,16.738991951569915,0.06342900451272726,0.01665600575506687,rt_fast_path,0.44288899516686797,0.4731880035251379,0.5395790212787688,17.13115902384743
936,15.73292592499638,17.138863040599972,0.07424800423905253,0.018933031242340803,rt_fast_path,0.3029429935850203,0.336922996211797,0.41469396091997623,16.725868976209313
937,15.749660111963749,16.73418696736917,0.09660900104790926,0.023949018213897943,rt_fast_path,2.4952749954536557,2.539579989388585,2.640918013639748,16.725831024814397
938,15.766394350968767,16.734239005018026,0.09075901471078396,0.022453023120760918,rt_fast_path,0.37733803037554026,0.417404982727021,0.5120160058140755,16.727268986869603
939,15.783129561983515,16.73521101474762,0.08490297477692366,0.023784989025443792,rt_fast_path,0.23446697741746902,0.274372985586524,0.3629169659689069,16.743529005907476
940,15.799903001985513,16.773440001998097,0.0638670171611011,0.015652971342206,rt_fast_path,0.21250901045277715,0.2400350058451295,0.31702598789706826,16.756795987021178
941,15.81668627698673,16.78327500121668,0.059721001889556646,0.014507968444377184,rt_fast_path,0.23892399622127414,0.2652769908308983,0.33734197495505214,16.73102396307513
942,15.833422313968185,16.73603698145598,0.05203497130423784,0.013065990060567856,rt_fast_path,0.23969000903889537,0.26367802638560534,0.318134028930217,16.73607202246785
943,15.85016304597957,16.740732011385262,0.04911900032311678,0.01477700425311923,rt_fast_path,0.35020499490201473,0.37864799378439784,0.4300290020182729,16.73208799911663
944,15.866899992979597,16.736947000026703,0.051378970965743065,0.01287501072511077,rt_fast_path,0.264513015281409,0.2885780413635075,0.3423640155233443,16.73618401400745
945,15.883643409993965,16.74341701436788,0.054984993766993284,0.014188000932335854,rt_fast_path,0.5030969623476267,0.5340450443327427,0.5919579998590052,16.755829972680658
946,15.900404813990463,16.761403996497393,0.06845698226243258,0.017125974409282207,rt_fast_path,0.34816202241927385,0.3779300022870302,0.4500079667195678,16.737099969759583
947,15.917174350004643,16.76953601418063,0.07624801946803927,0.016507983673363924,rt_fast_path,0.35972497425973415,0.3887430066242814,0.48078899271786213,16.732281947042793
948,15.93391130497912,16.736954974476248,0.04990899469703436,0.012994976714253426,rt_fast_path,0.4246429889462888,0.4484680248424411,0.5007570143789053,16.731399984564632
949,15.95064753695624,16.736231977120042,0.05339999916031957,0.013490964192897081,rt_fast_path,0.3597040195018053,0.3842959995381534,0.44028100091964006,16.7305720387958
950,15.967383217997849,16.735681041609496,0.05446601426228881,0.01349498052150011,rt_fast_path,0.3946049837395549,0.419315998442471,0.47637097304686904,16.73161197686568
951,15.98411938699428,16.736168996430933,0.05011301254853606,0.012704986147582531,rt_fast_path,0.3839359851554036,0.4071570001542568,0.45962497824802995,16.730955976527184
952,16.0008558909758,16.73650398151949,0.12547301594167948,0.01373904524371028,rt_fast_path,0.35226502222940326,0.37700694520026445,0.5051029729656875,16.72947098268196
953,16.017590202973224,16.73431199742481,0.04946498665958643,0.012669013813138008,rt_fast_path,0.19808998331427574,0.22171903401613235,0.27356803184375167,16.732049989514053
954,16.03434707899578,16.756876022554934,0.07225497392937541,0.013177050277590752,rt_fast_path,0.34223595866933465,0.366554013453424,0.45150198275223374,16.70824200846255
955,16.051060269994196,16.713190998416394,0.04977098433300853,0.012926990166306496,rt_fast_path,0.44010899728164077,0.46418100828304887,0.516391999553889,16.73326297895983
956,16.067798108968418,16.73783897422254,0.04869501572102308,0.012723030522465706,rt_fast_path,0.381238991394639,0.4043119843117893,0.4552869941107929,16.73083903733641
957,16.084533708984964,16.735600016545504,0.049106020014733076,0.012590026017278433,rt_fast_path,0.394162954762578,0.41737500578165054,0.4686969914473593,16.71041699592024
958,16.10124970896868,16.715999983716756,0.05503901047632098,0.014308025129139423,rt_fast_path,0.20917400252074003,0.23458601208403707,0.29227102641016245,16.729791997931898
959,16.117985535995103,16.735827026423067,0.06066600326448679,0.015824043657630682,rt_fast_path,0.22012495901435614,0.24853297509253025,0.3122079651802778,16.74597500823438
960,16.13475661497796,16.771078982856125,0.062087958212941885,0.01375802094116807,rt_fast_path,0.2693260321393609,0.2942400169558823,0.3686689888127148,16.739059996325523
961,16.1515214619576,16.764846979640424,0.07904198719188571,0.013027980457991362,rt_fast_path,0.3483420005068183,0.37198897916823626,0.46325300354510546,16.912127030082047
962,16.168440013949294,16.918551991693676,0.05679001333191991,0.013876997400075197,rt_fast_path,0.5463379784487188,0.5742110079154372,0.6337900413200259,16.938467044383287
963,16.185384601005353,16.94458705605939,0.051525013986974955,0.013503013178706169,rt_fast_path,0.30442397110164165,0.3294990165159106,0.3834629897028208,16.729722963646054
964,16.202119441994,16.734840988647193,0.04975101910531521,0.012905977200716734,rt_fast_path,0.1979519729502499,0.22154697217047215,0.27371395844966173,16.729519004002213
965,16.218854133971035,16.734691977035254,0.050922040827572346,0.013137003406882286,rt_fast_path,0.32392999855801463,0.34817500272765756,0.4014620208181441,16.730647010263056
966,16.235589505988173,16.735372017137706,0.05104899173602462,0.013442011550068855,rt_fast_path,0.40016998536884785,0.4240499692969024,0.4774379776790738,16.729692986700684
967,16.25232428597519,16.734779987018555,0.04936498589813709,0.012932985555380583,rt_fast_path,0.3824980231001973,0.42708899127319455,0.4788499791175127,16.73149998532608
968,16.26906047796365,16.736191988456994,0.04987599095329642,0.013035023584961891,rt_fast_path,0.2592590171843767,0.28342800214886665,0.33563701435923576,16.734651988372207
969,16.285799842968117,16.73936500446871,0.05212804535403848,0.013265002053231001,rt_fast_path,0.20011694869026542,0.22451096447184682,0.2790199941955507,16.80342498002574
970,16.302609527949244,16.80968498112634,0.06026803748682141,0.015084980987012386,rt_fast_path,0.4102559760212898,0.43837400153279305,0.5017660441808403,16.729319002479315
971,16.319344076968264,16.73454901902005,0.055350945331156254,0.013858021702617407,rt_fast_path,0.3733520279638469,0.39916503010317683,0.4573980113491416,16.736666031647474
972,16.33608546096366,16.741383995395154,0.09994301944971085,0.012748991139233112,rt_fast_path,0.3625759854912758,0.38634397787973285,0.48872700426727533,16.793975024484098
973,16.352886709966697,16.80124900303781,0.050108006689697504,0.012553005944937468,rt_fast_path,0.3025989863090217,0.3260750090703368,0.378697004634887,16.731941024772823
974,16.36962329398375,16.736584017053246,0.051040027756243944,0.013068027328699827,rt_fast_path,0.19451900152489543,0.21840399131178856,0.27188099920749664,16.749862988945097
975,16.386399894952774,16.776600969024003,0.057029013987630606,0.012761971447616816,rt_fast_path,0.3855450195260346,0.4089479916729033,0.47781202010810375,16.732579038944095
976,16.403138430963736,16.73853601096198,0.051050970796495676,0.0132010318338871,rt_fast_path,0.2968700136989355,0.3211460425518453,0.3747190348803997,16.790029010735452
977,16.4199356919853,16.797261021565646,0.057519006077200174,0.014652963727712631,rt_fast_path,0.33866800367832184,0.3679569927044213,0.4282830050215125,16.74237399129197
978,16.436706551001407,16.770859016105533,0.09742600377649069,0.01414900179952383,rt_fast_path,0.21094398107379675,0.23714901180937886,0.34741999115794897,16.733720956835896
979,16.453447913983837,16.741362982429564,0.053769967053085566,0.013612967450171709,rt_fast_path,0.31041301554068923,0.33813301706686616,0.39482099236920476,16.908151970710605
980,16.47037110099336,16.923187009524554,0.059067970141768456,0.014678982552140951,rt_fast_path,0.3984430222772062,0.4260839777998626,0.48819195944815874,16.846293001435697
981,16.487243430980016,16.872329986654222,0.054224045015871525,0.013842014595866203,rt_fast_path,0.5026249564252794,0.5308639956638217,0.5880260141566396,16.806887986604124
982,16.5040599819622,16.816550982184708,0.07013697177171707,0.017943966668099165,rt_fast_path,0.5447620060294867,0.5806669942103326,0.6549879908561707,16.733124037273228
983,16.520800764963496,16.740783001296222,0.059026991948485374,0.014602963346987963,rt_fast_path,0.2588059869594872,0.285657006315887,0.3476560232229531,16.73014200059697
984,16.537538381002378,16.737616038881242,0.05505402805283666,0.014061981346458197,rt_fast_path,0.4067480331286788,0.43489300878718495,0.4927970003336668,16.703091969247907
985,16.554246950952802,16.708569950424135,0.056334014516323805,0.014797027688473463,rt_fast_path,0.37902098847553134,0.4084159736521542,0.467405014205724,16.727527021430433
986,16.570979267999064,16.732317046262324,0.051307957619428635,0.013109005521982908,rt_fast_path,0.2368279965594411,0.2608400536701083,0.3146170056425035,16.73232699977234
987,16.5877192899934,16.74002199433744,0.05791697185486555,0.01465796958655119,rt_fast_path,0.22988999262452126,0.2563159796409309,0.3171619609929621,16.72584196785465
988,16.604450161976274,16.730871982872486,0.05181599408388138,0.013379030860960484,rt_fast_path,0.23796898312866688,0.26220898143947124,0.3163520013913512,16.726965026464313
989,16.621183963958174,16.733801981899887,0.056567019782960415,0.013638986274600029,rt_fast_path,0.21678197663277388,0.24183699861168861,0.301279011182487,16.73246902646497
990,16.637921903980896,16.737940022721887,0.05110999336466193,0.012979027815163136,rt_fast_path,0.9341879631392658,0.9599730256013572,1.013614994008094,16.73844800097868
991,16.654673473967705,16.751569986809045,0.12234295718371868,0.028331996873021126,rt_fast_path,1.8517350545153022,1.9041250343434513,2.0328370155766606,16.743479995056987
992,16.671428716974333,16.755243006628007,0.12887798948213458,0.02964900340884924,rt_fast_path,0.5115499952808022,0.5646570352837443,0.7005120278336108,16.757883015088737
993,16.688226762984414,16.798046010080725,0.1474039745517075,0.03306195139884949,rt_fast_path,0.5979129928164184,0.6552609847858548,0.8308289689011872,16.739020007662475
994,16.7049770479789,16.75028499448672,0.11130201164633036,0.02688501263037324,rt_fast_path,1.0021170019172132,1.0514530004002154,1.170060015283525,16.735095996409655
995,16.721718121960294,16.74107398139313,0.06532698171213269,0.016671023331582546,rt_fast_path,0.23095501819625497,0.26142800925299525,0.33005402656272054,16.735612996853888
996,16.73846223799046,16.74411603016779,0.06424396997317672,0.015170953702181578,rt_fast_path,0.5865180282853544,0.617382989730686,0.6850509671494365,16.73909300006926
997,16.755229018977843,16.766780987381935,0.0936680007725954,0.016576959751546383,rt_fast_path,0.27825002325698733,0.3079359885305166,0.4236800014041364,16.737136989831924
998,16.77199210698018,16.76308800233528,0.06876402767375112,0.014523975551128387,rt_fast_path,0.2495039952918887,0.27605798095464706,0.3571049892343581,16.73483697231859
999,16.788733228982892,16.741122002713382,0.054823001846671104,0.013845041394233704,rt_fast_path,0.2203119802288711,0.24628301616758108,0.3040750161744654,16.73169300192967
1000,16.805470132967457,16.736903984565288,0.05290197441354394,0.013626005966216326,rt_fast_path,0.2151029766537249,0.24005601881071925,0.29526802245527506,16.7316630249843
1001,16.822206646960694,16.736513993237168,0.052027986384928226,0.012959993910044432,rt_fast_path,0.2391330199316144,0.26275101117789745,0.31713303178548813,16.7318070307374
1002,16.838943238952197,16.73659199150279,0.0492660328745842,0.012730015441775322,rt_fast_path,0.27258601039648056,0.2959929988719523,0.34770905040204525,16.728941001929343
1003,16.855677116953302,16.73387800110504,0.04853599239140749,0.012609991244971752,rt_fast_path,0.3556109732016921,0.37876900751143694,0.4296540282666683,16.767887049354613
1004,16.87246930395486,16.792187001556158,0.057263008784502745,0.013041018974035978,rt_fast_path,0.36297301994636655,0.3863989841192961,0.45546202454715967,16.73100603511557
1005,16.889205334999133,16.73603104427457,0.05489896284416318,0.014361983630806208,rt_fast_path,0.21256098989397287,0.23810501443222165,0.29551697662100196,16.746043984312564
1006,16.905976106005255,16.77077100612223,0.07971399463713169,0.013063952792435884,rt_fast_path,0.2531470381654799,0.27685402892529964,0.3685469855554402,16.745005967095494
1007,16.922735436004587,16.759329999331385,0.054367003031075,0.013766984920948744,rt_fast_path,0.5625610356219113,0.5899940151721239,0.6470339722000062,16.730192000977695
1008,16.93947116995696,16.735733952373266,0.05502096610143781,0.014144985470920801,rt_fast_path,0.23101596161723137,0.2569400239735842,0.3147030365653336,16.732823045458645
1009,16.956209212949034,16.738042992074043,0.06018200656399131,0.01408200478181243,rt_fast_path,0.3659520298242569,0.3908629878424108,0.45404600678011775,16.757659032009542
1010,16.972971583949402,16.762371000368148,0.05062000127509236,0.013576005585491657,rt_fast_path,0.19234500359743834,0.21649099653586745,0.2695710281841457,16.730162024032325
1011,16.98970662197098,16.735038021579385,0.053266005124896765,0.01284497557207942,rt_fast_path,0.33202097984030843,0.35583198769018054,0.4115200135856867,16.74838800681755
1012,17.006470741995145,16.764120024163276,0.04840199835598469,0.01273199450224638,rt_fast_path,0.30317698838189244,0.326941953971982,0.3775949589908123,16.918732959311455
1013,17.02339565899456,16.924916999414563,0.051663024351000786,0.013581011444330215,rt_fast_path,0.3391520003788173,0.36437297239899635,0.41887996485456824,16.91118098096922
1014,17.040313166973647,16.91750797908753,0.051637995056807995,0.013451965060085058,rt_fast_path,1.014692010357976,1.041113049723208,1.0954660247080028,16.760163009166718
1015,17.05707816197537,16.764995001722127,0.04883803194388747,0.013693992514163256,rt_fast_path,0.9273680043406785,0.9530679672025144,1.0039539774879813,16.726259025745094
1016,17.073810756963212,16.732594987843186,0.052027986384928226,0.013113021850585938,rt_fast_path,0.6296040373854339,0.6547190132550895,0.7092420128174126,16.747275018133223
1017,17.090563970967196,16.753214003983885,0.05597498966380954,0.014032004401087761,rt_fast_path,0.7431539706885815,0.7703899755142629,0.8290919940918684,17.059337988030165
1018,17.107630611979403,17.066641012206674,0.056055025197565556,0.01458596671000123,rt_fast_path,0.27834996581077576,0.3057889989577234,0.36464101867750287,16.7397569748573
1019,17.12437631795183,16.74570597242564,0.05884701386094093,0.015261000953614712,rt_fast_path,0.350264017470181,0.3782580024562776,0.43972901767119765,16.72659005271271
1020,17.14110966498265,16.733347030822188,0.0605229870416224,0.014969962649047375,rt_fast_path,0.40326197631657124,0.4317359998822212,0.49512000987306237,16.707570990547538
1021,17.15782236098312,16.712696000467986,0.04978798096999526,0.013068027328699827,rt_fast_path,0.25868997909128666,0.28270704206079245,0.33492001239210367,16.73161901999265
1022,17.17455986799905,16.73750701593235,0.051225011702626944,0.013070995919406414,rt_fast_path,0.26000896468758583,0.2839720109477639,0.33771200105547905,16.680868982803077
1023,17.191247267997824,16.68739999877289,0.05384697578847408,0.014516001101583242,rt_fast_path,0.4119640216231346,0.44101098319515586,0.4974649637006223,16.733830969315022
1024,17.207987398956902,16.74013095907867,0.050942995585501194,0.013659009709954262,rt_fast_path,0.4242629511281848,0.4479619674384594,0.5014920025132596,16.738414007704705
1025,17.224731341993902,16.743943036999553,0.050292001105844975,0.013749988283962011,rt_fast_path,0.2550500212237239,0.2792369923554361,0.33205095678567886,16.72492700163275
1026,17.24146320699947,16.73186500556767,0.04960899241268635,0.013902026694267988,rt_fast_path,0.5136429681442678,0.538803986273706,0.591158983297646,16.727807989809662
1027,17.25819652195787,16.733314958401024,0.05036895163357258,0.013239041436463594,rt_fast_path,0.4035289748571813,0.42732805013656616,0.480111048091203,16.903515032026917
1028,17.275106199958827,16.909678000956774,0.050622038543224335,0.013354991097003222,rt_fast_path,0.43722399277612567,0.46129594556987286,0.5144359893165529,16.725776018574834
1029,17.29183668398764,16.730484028812498,0.04900101339444518,0.01326296478509903,rt_fast_path,0.20649796351790428,0.22938399342820048,0.28062600176781416,16.733739990741014
1030,17.308577105985023,16.740421997383237,0.05405995761975646,0.014714023564010859,rt_fast_path,0.3060059971176088,0.3327910089865327,0.38962397957220674,16.73207600833848
1031,17.32531686796574,16.73976198071614,0.06186496466398239,0.016789010260254145,rt_fast_path,0.29625301249325275,0.3249290166422725,0.3903820179402828,16.730607021600008
1032,17.342053644999396,16.736777033656836,0.05267804954200983,0.18083903705701232,rt_fast_path,0.2638360019773245,0.4570569726638496,0.5126359756104648,16.733073978684843
1033,17.358793110994156,16.739465994760394,0.04909199196845293,0.01299404539167881,rt_fast_path,0.37845096085220575,0.4009749973192811,0.452637963462621,16.73028100049123
1034,17.375528706994373,16.7355960002169,0.04843901842832565,0.012737989891320467,rt_fast_path,0.34680002136155963,0.369057001080364,0.42000500252470374,16.715551959350705
1035,17.392249921977054,16.721214982680976,0.04941900260746479,0.0130099942907691,rt_fast_path,0.20785897504538298,0.23065699497237802,0.2826509880833328,16.734712990000844
1036,17.408991106960457,16.74118498340249,0.05021097604185343,0.013043987564742565,rt_fast_path,0.18391001503914595,0.20849797874689102,0.26129098841920495,16.725609020795673
1037,17.425722371961456,16.731265000998974,0.05180900916457176,0.013209995813667774,rt_fast_path,0.23324298672378063,0.2568740164861083,0.3110560355708003,16.725337016396224
1038,17.442453105992172,16.73073403071612,0.04798901500180364,0.012863019946962595,rt_fast_path,0.3788609756156802,0.4013539873994887,0.45173196122050285,16.73069701064378
1039,17.459189574990887,16.73646899871528,0.051663024351000786,0.013159995432943106,rt_fast_path,0.3877710551023483,0.4106249543838203,0.46484696213155985,16.702412976883352
1040,17.475897411000915,16.707836010027677,0.04893902223557234,0.013372977264225483,rt_fast_path,0.3526299842633307,0.37601200165227056,0.42771699372678995,16.724992950912565
1041,17.492627215979155,16.72980497824028,0.046756991650909185,0.012856035027652979,rt_fast_path,0.2492929925210774,0.27199898613616824,0.32107799779623747,16.72230800613761
1042,17.509355302958284,16.72808697912842,0.04822999471798539,0.012749049346894026,rt_fast_path,0.22738700499758124,0.2497269888408482,0.3003220190294087,16.93907199660316
1043,17.526301874953788,16.9465719955042,0.05747901741415262,0.016072008293122053,rt_fast_path,0.5051540210843086,0.533432001248002,0.59441605117172,16.72664104262367
1044,17.54303447098937,16.732596035581082,0.05297001916915178,0.0138229806907475,rt_fast_path,0.37401303416118026,0.39770198054611683,0.45336998300626874,16.713921970222145
1045,17.559756075963378,16.721604974009097,0.05253800190985203,0.013969955034554005,rt_fast_path,0.3784450236707926,0.402195961214602,0.4575439961627126,16.727951006032526
1046,17.576503992953803,16.747916990425438,0.04775996785610914,0.01313001848757267,rt_fast_path,0.40308700408786535,0.4259900306351483,0.476038025226444,16.918784996960312
1047,17.593429900996853,16.925908043049276,0.055710028391331434,0.015428988263010979,rt_fast_path,0.6883530295453966,0.7177089573815465,0.7760899607092142,16.865056997630745
1048,17.610303260968067,16.873359971214086,0.05780201172456145,0.015837955288589,rt_fast_path,0.4157830262556672,0.44564896961674094,0.5062730051577091,16.82197698391974
1049,17.627132314955816,16.82905398774892,0.055319047532975674,0.01537898788228631,rt_fast_path,0.386320985853672,0.4151989705860615,0.47320901649072766,16.81069901678711
1050,17.64395452896133,16.82221400551498,0.11326797539368272,0.03055599518120289,rt_fast_path,0.4505689721554518,0.49967499217018485,0.6189720006659627,16.895164037123322
1051,17.660857346956618,16.902817995287478,0.06966403452679515,0.019323022570461035,rt_fast_path,0.44575700303539634,0.4805100033991039,0.553088029846549,16.82734803762287
1052,17.677692736964673,16.835390008054674,0.05634501576423645,0.016143021639436483,rt_fast_path,0.37960498593747616,0.4094939795322716,0.4688079934567213,16.869354993104935
1053,17.69457082799636,16.87809103168547,0.05767703987658024,0.016046978998929262,rt_fast_path,0.5064979777671397,0.5374010070227087,0.5979400011710823,16.82400197023526
1054,17.71140288596507,16.832057968713343,0.06294198101386428,0.017867947462946177,rt_fast_path,0.46225503319874406,0.49488001968711615,0.5609830259345472,16.818757983855903
1055,17.728229489002842,16.826603037770838,0.06850302452221513,0.014700053725391626,rt_fast_path,0.3276140196248889,0.35308999940752983,0.42897299863398075,16.726213973015547
1056,17.7449626569869,16.733167984057218,0.05264597712084651,0.014513032510876656,rt_fast_path,0.5854059709236026,0.613538024481386,0.6686240085400641,16.736652003601193
1057,17.76171292999061,16.75027300370857,0.07356004789471626,0.014018965885043144,rt_fast_path,0.3515779972076416,0.3763349959626794,0.45495200902223587,16.73520397162065
1058,17.77846221398795,16.74928399734199,0.10518397903069854,0.013475015293806791,rt_fast_path,0.354635005351156,0.3788599860854447,0.4895299789495766,16.743598971515894
1059,17.79522031598026,16.758101992309093,0.07265002932399511,0.013627985026687384,rt_fast_path,0.4865810042247176,0.5107430042698979,0.5892040207982063,16.73618401400745
1060,17.81196355598513,16.74324000487104,0.05146302282810211,0.013436016160994768,rt_fast_path,0.28601300437003374,0.3094489802606404,0.36361697129905224,16.737097001168877
1061,17.82870750495931,16.743948974180967,0.049750960897654295,0.013287004549056292,rt_fast_path,0.24258997291326523,0.26568304747343063,0.3181880456395447,16.737685014959425
1062,17.845459004980512,16.751500021200627,0.07811898831278086,0.013550976291298866,rt_fast_path,0.29230298241600394,0.3162180073559284,0.39987300988286734,16.739041020628065
1063,17.862211864965502,16.75285998499021,0.08980499114841223,0.013373035471886396,rt_fast_path,0.4604100249707699,0.48375496407970786,0.5790329887531698,16.73627202399075
1064,17.87895501998719,16.743155021686107,0.04995596827939153,0.013069016858935356,rt_fast_path,0.30247599352151155,0.325756031088531,0.3784080035984516,16.742490988690406
1065,17.895711631979793,16.75661199260503,0.06787799065932631,0.013454991858452559,rt_fast_path,0.2857029903680086,0.3094659768976271,0.3829089691862464,16.756144003011286
1066,17.912481368985027,16.769737005233765,0.07861800258979201,0.013360986486077309,rt_fast_path,0.4819520399905741,0.5053809727542102,0.5896649672649801,16.741552972234786
1067,17.929240243975073,16.758874990046024,0.07615098729729652,0.0132010318338871,rt_fast_path,0.3215370234102011,0.3449789946898818,0.4267590120434761,16.82387402979657
1068,17.946083950984757,16.843707009684294,0.08502398850396276,0.019457016605883837,rt_fast_path,0.5327429971657693,0.5672890110872686,0.6604670197702944,16.74929796718061
1069,17.96284629299771,16.762342012953013,0.06962701445445418,0.014007964637130499,rt_fast_path,0.34300098195672035,0.36773300962522626,0.4426609957590699,16.75027096644044
1070,17.979609131987672,16.762838989961892,0.0700739910826087,0.012646021787077188,rt_fast_path,0.3405889729037881,0.36328600253909826,0.4383879713714123,16.743364976719022
1071,17.996366095962003,16.756963974330574,0.08703797357156873,0.013539043720811605,rt_fast_path,0.45085500460118055,0.47459901543334126,0.5672040279023349,16.833289992064238
1072,18.013206420990173,16.8403250281699,0.05565001629292965,0.013887009117752314,rt_fast_path,0.683413993101567,0.7079899660311639,0.7663939613848925,16.733527998439968
1073,18.0299531359924,16.746715002227575,0.07889000698924065,0.01354399137198925,rt_fast_path,0.26613700902089477,0.2900770050473511,0.3744059940800071,16.75875799264759
1074,18.04672533698613,16.772200993727893,0.07552700117230415,0.013305048923939466,rt_fast_path,0.38176297675818205,0.40588300907984376,0.48698001774027944,16.827412007842213
1075,18.06356932997005,16.843992983922362,0.06716698408126831,0.013542012311518192,rt_fast_path,0.4307510098442435,0.4548070137389004,0.5288179963827133,16.751071030739695
1076,18.080327014962677,16.75768499262631,0.04962598904967308,0.01325004268437624,rt_fast_path,0.2734549925662577,0.2967590116895735,0.34917303128167987,16.752571042161435
1077,18.0970946069574,16.767591994721442,0.08728599641472101,0.01370901009067893,rt_fast_path,0.3953870036639273,0.420394993852824,0.5134840030223131,16.73953200224787
1078,18.113848381966818,16.75377500941977,0.10354002006351948,0.01409696415066719,rt_fast_path,0.3107479424215853,0.33511698711663485,0.44457800686359406,16.735351004172117
1079,18.130597549956292,16.74916798947379,0.07070397259667516,0.013078970368951559,rt_fast_path,0.2532390062697232,0.2764090313576162,0.3526640357449651,16.725744993891567
1080,18.14734122797381,16.743678017519414,0.08423998951911926,0.016999023500829935,rt_fast_path,0.4819669993594289,0.5138250417076051,0.6054430268704891,16.730264003854245
1081,18.16407914098818,16.737913014367223,0.052728981245309114,0.01342798350378871,rt_fast_path,0.24797901278361678,0.27171202236786485,0.32718299189582467,16.736274992581457
1082,18.18082280998351,16.743668995331973,0.05171896191313863,0.013625016435980797,rt_fast_path,0.3125900402665138,0.3366710152477026,0.391028996091336,16.73238299554214
1083,18.19756292999955,16.740120016038418,0.05226401844993234,0.013507029507309198,rt_fast_path,0.5606759805232286,0.5875399801880121,0.6429029745049775,16.842919983901083
1084,18.21442286099773,16.85993099818006,0.07696897955611348,0.014955003280192614,rt_fast_path,0.33690599957481027,0.363076978828758,0.44693396193906665,16.73543598735705
1085,18.23117113194894,16.748270951211452,0.07141596870496869,0.013276003301143646,rt_fast_path,0.43660198571160436,0.4601040272973478,0.5367520498111844,16.736248042434454
1086,18.2479210679885,16.749936039559543,0.0790129997767508,0.01333700492978096,rt_fast_path,0.5043409764766693,0.5282959900796413,0.6128379609435797,16.791973961517215
1087,18.264726911962498,16.80584397399798,0.07079797796905041,0.013461976777762175,rt_fast_path,0.4734759568236768,0.5003049736842513,0.5768149858340621,16.799553006421775
1088,18.281543164979666,16.816253017168492,0.07377401925623417,0.015146972145885229,rt_fast_path,0.5539609701372683,0.5822050152346492,0.6629130220972002,16.846730024553835
1089,18.29840745695401,16.86429197434336,0.08626596536487341,0.014514022041112185,rt_fast_path,0.3620630013756454,0.38947799475863576,0.48286799574270844,16.85714302584529
1090,18.315281244984362,16.873788030352443,0.05539500853046775,0.013818033039569855,rt_fast_path,0.43509999522939324,0.4616579972207546,0.5237219738774002,16.811718000099063
1091,18.33210975799011,16.82851300574839,0.07101398659870028,0.014908029697835445,rt_fast_path,0.6070820381864905,0.6349660106934607,0.7128400029614568,16.73625101102516
1092,18.348855085961986,16.745327971875668,0.06389705231413245,0.01661200076341629,rt_fast_path,0.4855479928664863,0.5164920003153384,0.5844040424562991,16.843335004523396
1093,18.365712850005366,16.857764043379575,0.08287199307233095,0.015067984350025654,rt_fast_path,0.42245100485160947,0.45108405174687505,0.5396479973569512,16.81282394565642
1094,18.382542214996647,16.82936499128118,0.09225303074344993,0.014899997040629387,rt_fast_path,0.3902770113199949,0.4187059821560979,0.5174279795028269,16.839549993164837
1095,18.399398449982982,16.85623498633504,0.08274399442598224,0.013357028365135193,rt_fast_path,0.39108103374019265,0.41698699351400137,0.5065869772806764,16.830064996611327
1096,18.41624705295544,16.848602972459048,0.04901998909190297,0.013226002920418978,rt_fast_path,0.7123369723558426,0.7358239963650703,0.7873050053603947,16.726238012779504
1097,18.432976774987765,16.72972203232348,0.03420800203457475,0.010891992133110762,rt_fast_path,0.43002801248803735,0.4490640130825341,0.4848840180784464,16.720657993573695
1098,18.449700759956613,16.723984968848526,0.03215699689462781,0.009808980394154787,rt_fast_path,1.7278200248256326,1.7496540094725788,1.7833970487117767,16.797326039522886
1099,18.466514888976235,16.81412901962176,0.07689202902838588,0.016874982975423336,rt_fast_path,0.5129360361024737,0.5433500045910478,0.6275590276345611,16.81842200923711
1100,18.48334941297071,16.834523994475603,0.082347949501127,0.014376011677086353,rt_fast_path,0.5525000160560012,0.579871004447341,0.6689819856546819,16.836269001942128
1101,18.500204527983442,16.855115012731403,0.06585102528333664,0.013898999895900488,rt_fast_path,0.588016991969198,0.6150400149635971,0.6876370171085,16.795168980024755
1102,18.517016752972268,16.81222498882562,0.0835779937915504,0.014491030015051365,rt_fast_path,0.5203640321269631,0.5475970101542771,0.6380630075000226,16.733834985643625
1103,18.533757437951863,16.740684979595244,0.05072401836514473,0.013151962775737047,rt_fast_path,0.28064800426363945,0.30367099680006504,0.3572330460883677,16.757593024522066
1104,18.550523027952295,16.765590000431985,0.0596939935348928,0.01522101229056716,rt_fast_path,0.4795350250788033,0.5080269766040146,0.5710810073651373,16.831522050779313
1105,18.56737278396031,16.849756008014083,0.07461401401087642,0.016111996956169605,rt_fast_path,0.3573900321498513,0.3873879904858768,0.46974699944257736,16.78518601693213
1106,18.584165675973054,16.792892012745142,0.05446397699415684,0.017739017494022846,rt_fast_path,0.5168960196897388,0.5480030085891485,0.6053050165064633,16.81878400268033
1107,18.600998118985444,16.832443012390286,0.06362999556586146,0.013117038179188967,rt_fast_path,0.4432810237631202,0.4687529872171581,0.5379130016081035,16.816253017168492
1108,18.617830503964797,16.832384979352355,0.0779929687269032,0.014118966646492481,rt_fast_path,0.3577499883249402,0.38475601468235254,0.4693180089816451,16.82505803182721
1109,18.63467205496272,16.84155099792406,0.0747250160202384,0.014430959708988667,rt_fast_path,0.43599301716312766,0.4613150376826525,0.5427850410342216,16.812270041555166
1110,18.65150087996153,16.828824998810887,0.09145995136350393,0.013376993592828512,rt_fast_path,0.5454070051200688,0.5713850259780884,0.6697240169160068,16.802808037027717
1111,18.668317116971593,16.81623701006174,0.08077401435002685,0.01421797787770629,rt_fast_path,0.5469470052048564,0.573710014577955,0.6600440246984363,16.84804499382153
1112,18.685182282002643,16.8651650310494,0.11639902368187904,0.014532997738569975,rt_fast_path,0.30690000858157873,0.33387000439688563,0.4571710014715791,16.86311699450016
1113,18.702063270960934,16.88098895829171,0.07469498086720705,0.015277008060365915,rt_fast_path,0.40401500882580876,0.4330259980633855,0.5148680065758526,16.812490997835994
1114,18.718892687989864,16.829417028930038,0.0703929690644145,0.014445977285504341,rt_fast_path,0.4489460261538625,0.47631101915612817,0.5536649841815233,16.810618981253356
1115,18.73571938398527,16.826695995405316,0.07160496897995472,0.014235032722353935,rt_fast_path,0.35132502671331167,0.3789140027947724,0.45716098975390196,16.802261990960687
1116,18.75253854697803,16.81916299276054,0.10145595297217369,0.017607002519071102,rt_fast_path,0.5417789798229933,0.57341402862221,0.6819450063630939,16.840371012222022
1117,18.769396198971663,16.857651993632317,0.06599404150620103,0.015480967704206705,rt_fast_path,0.3956349682994187,0.42487395694479346,0.498079985845834,16.80534001206979
1118,18.786215710977558,16.819512005895376,0.0638099736534059,0.01398700987920165,rt_fast_path,0.3816909738816321,0.4056920297443867,0.47520402586087584,17.186806013341993
1119,18.803419717005454,17.204006027895957,0.07669697515666485,0.015493016690015793,rt_fast_path,0.5548729677684605,0.584322027862072,0.6679259822703898,16.83396298903972
1120,18.82027040194953,16.8506849440746,0.07518305210396647,0.013364013284444809,rt_fast_path,0.45904197031632066,0.48481597332283854,0.5667540244758129,16.79226302076131
1121,18.837069914967287,16.799513017758727,0.05357799818739295,0.014416989870369434,rt_fast_path,0.54553197696805,0.5726999952457845,0.629157992079854,16.82968600653112
1122,18.853913705970626,16.843791003338993,0.08369202259927988,0.013109995052218437,rt_fast_path,0.585961970500648,0.6119940080679953,0.7014200091362,16.840427997522056
1123,18.870771547954064,16.857841983437538,0.06977299926802516,0.014966994058340788,rt_fast_path,0.5443239933811128,0.5727550014853477,0.6492490065284073,16.802016994915903
1124,18.88759046298219,16.818915028125048,0.07355399429798126,0.01372798578813672,rt_fast_path,0.41218497790396214,0.43870200170204043,0.5190289812162519,16.760718019213527
1125,18.90436933998717,16.77887700498104,0.07348699728026986,0.013792014215141535,rt_fast_path,0.4358199657872319,0.4624070134013891,0.542883004527539,16.81590999942273
1126,18.921200610988308,16.831271001137793,0.06606098031625152,0.013537006452679634,rt_fast_path,0.3446310292929411,0.3711010213010013,0.44287898344919086,16.729091992601752
1127,18.9379372659605,16.7366549721919,0.05311000859364867,0.012845033779740334,rt_fast_path,0.2896880032494664,0.3148529794998467,0.3708290169015527,16.823826998006552
1128,18.954775958962273,16.83869300177321,0.07437099702656269,0.018189020920544863,rt_fast_path,0.5465960130095482,0.5803839885629714,0.6620530039072037,16.814378031995147
1129,18.971607404004317,16.831445042043924,0.08099700789898634,0.016950012650340796,rt_fast_path,0.5343500524759293,0.5656389985233545,0.6536979926750064,16.850212996359915
1130,18.988474095996935,16.866691992618144,0.0631180009804666,0.013930024579167366,rt_fast_path,0.5605859914794564,0.5881049437448382,0.6578549509868026,16.80558896623552
1131,19.005294225993566,16.820129996631294,0.06783200660720468,0.013774959370493889,rt_fast_path,0.36974099930375814,0.3969040117226541,0.4702580044977367,16.80733496323228
1132,19.02211800997611,16.823783982545137,0.08061499102041125,0.013464014045894146,rt_fast_path,0.93783502234146,0.9627760155126452,1.0499299969524145,16.723659995477647
1133,19.038847633986734,16.7296240106225,0.050201022531837225,0.013437995221465826,rt_fast_path,0.5968110053800046,0.6202749791555107,0.6728119915351272,16.72745600808412
1134,19.055580784974154,16.73315098742023,0.044436019379645586,0.012796022929251194,rt_fast_path,1.1372219887562096,1.1604360188357532,1.2069590156897902,16.72695600427687
1135,19.072313007956836,16.732222982682288,0.04778901347890496,0.013662036508321762,rt_fast_path,0.560968997888267,0.5847759894095361,0.6348250317387283,16.726809029933065
1136,19.08904476900352,16.73176104668528,0.04655105294659734,0.012661970686167479,rt_fast_path,1.338983012828976,1.3648499734699726,1.4135019737295806,16.81781094521284
1137,19.10587761498755,16.83284598402679,0.0809609773568809,0.015743018593639135,rt_fast_path,0.5079139955341816,0.537351006641984,0.6241559749469161,16.802584985271096
1138,19.122694214980584,16.816599993035197,0.06577500607818365,0.01370999962091446,rt_fast_path,2.3701339960098267,2.3961089900694788,2.4673810112290084,16.725668974686414
1139,19.139425910951104,16.731695970520377,0.048155023250728846,0.013425946235656738,rt_fast_path,1.3460449990816414,1.3694739900529385,1.419668027665466,16.724476008675992
1140,19.15615474898368,16.728838032577187,0.04744203761219978,0.013513956218957901,rt_fast_path,0.6143369828350842,0.6377469981089234,0.6876040133647621,16.72220299951732
1141,19.172882194980048,16.72744599636644,0.04888797411695123,0.013904005754739046,rt_fast_path,1.1359190102666616,1.1601279838941991,1.2111319811083376,16.725335968658328
1142,19.189613358990755,16.73116401070729,0.04736799746751785,0.01361599424853921,rt_fast_path,0.23034296464174986,0.25396799901500344,0.30361698009073734,17.63531198957935
1143,19.20725332997972,17.639970988966525,0.046881032176315784,0.013191020116209984,rt_fast_path,1.0780470329336822,1.1044919956475496,1.1540100094862282,16.736498975660652
1144,19.223997152992524,16.74382301280275,0.05193200195208192,0.013766984920948744,rt_fast_path,1.1507620220072567,1.179738959763199,1.2343289563432336,16.728985006920993
1145,19.240731401951052,16.734248958528042,0.04554400220513344,0.013580953236669302,rt_fast_path,0.5966669996269047,0.6203119992278516,0.6680120131932199,16.72743505332619
1146,19.257464255962986,16.73285401193425,0.04710000939667225,0.013259996194392443,rt_fast_path,0.5049660103395581,0.5280409823171794,0.577296013943851,16.723849985282868
1147,19.27419382199878,16.72956603579223,0.048685993533581495,0.013391021639108658,rt_fast_path,0.4299490246921778,0.4528579884208739,0.5040009855292737,16.727614973206073
1148,19.29092611296801,16.732290969230235,0.04419602919369936,0.012723961845040321,rt_fast_path,1.4659360167570412,1.4910449972376227,1.5373590285889804,16.844928031787276
1149,19.307788324949797,16.862211981788278,0.08756498573347926,0.015437020920217037,rt_fast_path,0.2534310333430767,0.2808640128932893,0.37529802648350596,16.834319045301527
1150,19.324637121986598,16.848797036800534,0.06198696792125702,0.013797020073980093,rt_fast_path,0.40963495848700404,0.4360679886303842,0.5035639624111354,17.10236899089068
1151,19.341743921977468,17.10679999087006,0.047366018407046795,0.013201963156461716,rt_fast_path,1.431922020856291,1.455521967727691,1.505040971096605,16.72502001747489
1152,19.358474291977473,16.73037000000477,0.04276295658200979,0.012950971722602844,rt_fast_path,0.4015649901703,0.4243270377628505,0.46895002014935017,16.750966024119407
1153,19.375236308958847,16.762016981374472,0.08409202564507723,0.015422992873936892,rt_fast_path,0.2671490074135363,0.35612197825685143,0.4433260182850063,16.782118007540703
1154,19.39203310298035,16.796794021502137,0.05264999344944954,0.014087010640650988,rt_fast_path,0.8095810189843178,0.8358669583685696,0.890894967596978,20.158249011728913
1155,19.412197889003437,20.1647860230878,0.0587599934078753,0.01426198286935687,rt_fast_path,0.2235660213045776,0.24782703258097172,0.30916399555280805,16.7815099703148
1156,19.428984137950465,16.78624894702807,0.05475699435919523,0.014049990568310022,rt_fast_path,0.23546803276985884,0.2598999999463558,0.31723000574856997,16.730763018131256
1157,19.445719649957027,16.735512006562203,0.04937901394441724,0.012976001016795635,rt_fast_path,0.7908749976195395,0.8133259834721684,0.8651090320199728,16.83073304593563
1158,19.46255530999042,16.83566003339365,0.04820997128263116,0.012876000255346298,rt_fast_path,0.2810129662975669,0.30351104214787483,0.3540010075084865,16.710711002815515
1159,19.479292100993916,16.736791003495455,0.05959399277344346,0.01291697844862938,rt_fast_path,0.2245999639853835,0.24704000679776073,0.3190509742125869,16.73403597669676
1160,19.49603181798011,16.739716986194253,0.048991001676768064,0.013637007214128971,rt_fast_path,0.24089199723675847,0.26446901028975844,0.3163450164720416,16.733700002077967
1161,19.512770656961948,16.738838981837034,0.04813697887584567,0.012718024663627148,rt_fast_path,0.22693100618198514,0.24924299214035273,0.29974099015817046,16.731576004531235
1162,19.52950869698543,16.738040023483336,0.05027599399909377,0.013274024240672588,rt_fast_path,0.2403130056336522,0.26325101498514414,0.3161630011163652,16.756016993895173
1163,19.546295502979774,16.786805994343013,0.10627502342686057,0.014549004845321178,rt_fast_path,0.23466203128919005,0.2593829995021224,0.3790070186369121,16.732950985897332
1164,19.563034894992597,16.739392012823373,0.04922202788293362,0.012963020708411932,rt_fast_path,0.30310702277347445,0.32600201666355133,0.3779350081458688,16.73071295954287
1165,19.57977320998907,16.73831499647349,0.06164202932268381,0.01624500146135688,rt_fast_path,0.23692200193181634,0.26516796788200736,0.32988598104566336,16.769776993896812
1166,19.596572796988767,16.799586999695748,0.058186997193843126,0.01545099075883627,rt_fast_path,0.2571800141595304,0.28308096807450056,0.3539429744705558,16.74237399129197
1167,19.613321883953176,16.7490869644098,0.05053903441876173,0.013298995327204466,rt_fast_path,0.21818705135956407,0.24124595802277327,0.2942740102298558,16.733083000872284
1168,19.630061561998446,16.739678045269102,0.05125300958752632,0.013585027772933245,rt_fast_path,0.23243902251124382,0.2560829743742943,0.3099509631283581,16.734609962441027
1169,19.646823927992955,16.76236599450931,0.10747899068519473,0.012679025530815125,rt_fast_path,0.22434600396081805,0.2468699822202325,0.366625958122313,16.79393299855292
1170,19.66362475400092,16.800826007965952,0.049314985517412424,0.013079959899187088,rt_fast_path,0.2987820189446211,0.32194401137530804,0.37389196222648025,16.732886957470328
1171,19.680364318948705,16.739564947783947,0.05021702963858843,0.013097014743834734,rt_fast_path,0.23490196326747537,0.2581339795142412,0.31095201848074794,16.735131037421525
1172,19.69710882997606,16.744511027354747,0.10927498806267977,0.027313013561069965,rt_fast_path,1.0102330124936998,1.0690659983083606,1.1840129736810923,16.739643993787467
1173,19.713860160962213,16.751330986153334,0.11372799053788185,0.030127004720270634,rt_fast_path,2.8327949694357812,2.8810310177505016,3.0007390305399895,16.911039012484252
1174,19.73078107397305,16.920913010835648,0.11444895062595606,0.030677998438477516,rt_fast_path,0.23035297635942698,0.2789400168694556,0.3993739956058562,16.733123979065567
1175,19.74752674397314,16.745670000091195,0.13323902385309339,0.03448099596425891,rt_fast_path,0.24610600667074323,0.30355097260326147,0.44381298357620835,16.70536200981587
1176,19.764238240954,16.71149698086083,0.0670200097374618,0.020191946532577276,rt_fast_path,0.19917194731533527,0.2326740068383515,0.30326005071401596,16.727071022614837
1177,19.780970299965702,16.732059011701494,0.05629297811537981,0.015623983927071095,rt_fast_path,0.27031899662688375,0.2981160068884492,0.3571209963411093,16.724647022783756
1178,19.79770060098963,16.730301023926586,0.0496489810757339,0.014310004189610481,rt_fast_path,3.4910349640995264,3.5164669970981777,3.5687239724211395,16.724966000765562
1179,19.81443029397633,16.729692986700684,0.044242013245821,0.012413016520440578,rt_fast_path,0.18315500346943736,0.20520598627626896,0.25152601301670074,16.724387009162456
1180,19.8311602390022,16.72994502587244,0.04899600753560662,0.015839992556720972,rt_fast_path,0.19252096535637975,0.21867698524147272,0.2703869831748307,16.72338496427983
1181,19.84788774396293,16.727504960726947,0.044454995077103376,0.012899981811642647,rt_fast_path,0.18556101713329554,0.2075789961963892,0.25428301887586713,16.72413502819836
1182,19.864616153994575,16.72841003164649,0.03668299177661538,0.01164100831374526,rt_fast_path,0.21296401973813772,0.2335350145585835,0.27200899785384536,16.72056899406016
1183,19.881341732980218,16.725578985642642,0.042279018089175224,0.012302014511078596,rt_fast_path,0.22137397900223732,0.2431750181131065,0.2875140053220093,16.721373016480356
1184,19.898069966991898,16.728234011679888,0.04512700252234936,0.014338002074509859,rt_fast_path,0.2080569975078106,0.23712700931355357,0.2846670104190707,16.724844987038523
1185,19.914800098980777,16.730131988879293,0.043481006287038326,0.012172968126833439,rt_fast_path,0.23728201631456614,0.2591540105640888,0.30458898982033134,16.72201999463141
1186,19.931527551962063,16.72745298128575,0.046449946239590645,0.012813019566237926,rt_fast_path,0.19618001533672214,0.2188260550610721,0.2674070419743657,16.708884038962424
1187,19.948241028992925,16.713477030862123,0.04521297523751855,0.012617034371942282,rt_fast_path,0.20796502940356731,0.22985099349170923,0.2773279557004571,16.72452298225835
1188,19.964969806955196,16.728777962271124,0.04633702337741852,0.012752949260175228,rt_fast_path,0.19043899374082685,0.21396600641310215,0.2623920445330441,16.732799005694687
1189,19.981708463979885,16.73865702468902,0.058792997151613235,0.015233003068715334,rt_fast_path,0.2544890157878399,0.28034200659021735,0.3421609872020781,16.730998002458364
1190,19.998444582975935,16.73611899605021,0.053419964388012886,0.013814948033541441,rt_fast_path,0.22836198331788182,0.25268603349104524,0.3085950156673789,16.737542988266796
1191,20.015192524995655,16.74794201971963,0.08249800885096192,0.012936012353748083,rt_fast_path,0.21887902403250337,0.2422250108793378,0.3295330097898841,16.731684969272465
1192,20.03193455497967,16.74202998401597,0.0821910216473043,0.012842996511608362,rt_fast_path,0.22715202067047358,0.24968700017780066,0.3367320168763399,16.735295997932553
1193,20.048675008991268,16.74045401159674,0.04898803308606148,0.012795033399015665,rt_fast_path,0.21870998898521066,0.24172698613256216,0.2932639908976853,16.732650983612984
1194,20.065418366983067,16.743357991799712,0.07059198105707765,0.013137992937117815,rt_fast_path,0.2369810244999826,0.2602339955046773,0.335500983055681,16.733200987800956
1195,20.08215657999972,16.73821301665157,0.048008980229496956,0.012751028407365084,rt_fast_path,0.2597109996713698,0.2821729867719114,0.33250596607103944,16.730182978790253
1196,20.09889155597193,16.73497597221285,0.04710501525551081,0.013276992831379175,rt_fast_path,0.2456590300425887,0.2684940118342638,0.3177280304953456,16.728734015487134
1197,20.11562605400104,16.73449802910909,0.04816398723050952,0.012564007192850113,rt_fast_path,0.23542903363704681,0.2576070255599916,0.3081129980273545,16.72932895598933
1198,20.132361349998973,16.735295997932553,0.04975602496415377,0.012966978829354048,rt_fast_path,0.21852500503882766,0.24198100436478853,0.29420998180285096,16.72994700493291
1199,20.149097472953144,16.73612295417115,0.05204800982028246,0.013837008737027645,rt_fast_path,0.1935330219566822,0.2175829722546041,0.27210701955482364,16.72921102726832
1200,20.1658314979868,16.734025033656508,0.047173991333693266,0.012622971553355455,rt_fast_path,0.19682699348777533,0.21904701134189963,0.2685000072233379,16.732776013668627
1201,20.182568782998715,16.737285011913627,0.04591903416439891,0.012519012670964003,rt_fast_path,0.21590502001345158,0.237491971347481,0.28547196416184306,16.725694003980607
1202,20.19930038700113,16.731604002416134,0.058507954236119986,0.014405988622456789,rt_fast_path,0.22983900271356106,0.2548040356487036,0.31631399178877473,16.731431998778135
1203,20.216037448961288,16.737061960157007,0.05168496863916516,0.013901968486607075,rt_fast_path,0.2355470205657184,0.2594059915281832,0.31358900014311075,16.737346013542265
1204,20.232779502985068,16.74205402377993,0.047573004849255085,0.012814998626708984,rt_fast_path,0.18808094318956137,0.21026597823947668,0.2602919703349471,16.729140013922006
1205,20.249513813992962,16.734311007894576,0.05099299596622586,0.014180026482790709,rt_fast_path,0.2048310125246644,0.22913003340363503,0.2824669936671853,16.727946989703923
1206,20.266247161955107,16.733347962144762,0.05044799763709307,0.013587006833404303,rt_fast_path,0.21472794469445944,0.23844803217798471,0.2912310301326215,16.731453011743724
1207,20.28298326698132,16.73610502621159,0.04692003130912781,0.012633041478693485,rt_fast_path,0.22755202371627092,0.2494049840606749,0.29860599897801876,16.73196698538959
1208,20.29972034599632,16.737079015001655,0.04954996984452009,0.013007957022637129,rt_fast_path,0.2023510169237852,0.22521603386849165,0.27730100555345416,16.731224954128265
1209,20.31645614997251,16.735803976189345,0.046832021325826645,0.012598000466823578,rt_fast_path,0.20538800163194537,0.22745097521692514,0.27667899848893285,16.731094976421446
1210,20.33319183898857,16.73568901605904,0.04889100091531873,0.012415985111147165,rt_fast_path,0.19261403940618038,0.21446001483127475,0.2655930002219975,16.73029101220891
1211,20.349926911003422,16.73507201485336,0.04747603088617325,0.012792006600648165,rt_fast_path,0.1970109879039228,0.21886901231482625,0.26851199800148606,16.730844974517822
1212,20.366667700000107,16.740788996685296,0.06486999336630106,0.012517033610492945,rt_fast_path,0.19633304327726364,0.21793204359710217,0.28749299235641956,16.731676005292684
1213,20.383406359993387,16.738659993279725,0.05441100802272558,0.015326018910855055,rt_fast_path,0.31472102273255587,0.34108199179172516,0.39826700231060386,16.732365009374917
1214,20.40014377195621,16.73741196282208,0.058071978855878115,0.015766010619699955,rt_fast_path,0.20565197337418795,0.23253803374245763,0.29338302556425333,16.766955028288066
1215,20.416921007970814,16.77723601460457,0.07410399848595262,0.0138899777084589,rt_fast_path,0.2156670088879764,0.23943802807480097,0.31856901478022337,16.730217030271888
1216,20.43365655199159,16.735544020775706,0.046689994633197784,0.012864009477198124,rt_fast_path,0.1927010016515851,0.21508801728487015,0.26425300166010857,18.580305972136557
1217,20.45224126498215,18.584712990559638,0.047667010221630335,0.013240962289273739,rt_fast_path,0.4621139960363507,0.48483500722795725,0.5349789862520993,16.723567969165742
1218,20.468968757952098,16.7274929699488,0.047178997192531824,0.012465985491871834,rt_fast_path,0.21803099662065506,0.2397070056758821,0.2889730385504663,16.72251202398911
1219,20.485695871990174,16.72711403807625,0.044226995669305325,0.012810982298105955,rt_fast_path,0.1868989784270525,0.2096130046993494,0.25594100588932633,17.641331010963768
1220,20.503354556974955,17.658684984780848,0.09396398672834039,0.01461902866140008,rt_fast_path,0.4020709893666208,0.4294620011933148,0.5305620143190026,17.01589598087594
1221,20.520384186995216,17.02963002026081,0.058056029956787825,0.013376993592828512,rt_fast_path,0.4104080144315958,0.43642299715429544,0.5003039841540158,16.868737991899252
1222,20.537258818978444,16.874631983228028,0.051593000534921885,0.013120006769895554,rt_fast_path,0.23931002942845225,0.2620710292831063,0.31610100995749235,16.733377997297794
1223,20.553997515991796,16.738697013352066,0.04776701098307967,0.013162032701075077,rt_fast_path,1.4042560360394418,1.4270569663494825,1.4771089772693813,16.73478097654879
1224,20.57075284200255,16.75532601075247,0.047479989007115364,0.012520002201199532,rt_fast_path,0.32999401446431875,0.35214400850236416,0.40197698399424553,16.730286995880306
1225,20.587488772987854,16.73593098530546,0.04949700087308884,0.014493009075522423,rt_fast_path,0.3506789798848331,0.3763670101761818,0.42840198148041964,16.73652697354555
1226,20.6042326449533,16.743871965445578,0.05839602090418339,0.01567899016663432,rt_fast_path,1.6761779552325606,1.7027329886332154,1.763868029229343,16.73652301542461
1227,20.620975006953813,16.742362000513822,0.05413597682490945,0.014697026927024126,rt_fast_path,0.2131130313500762,0.23870699806138873,0.29533501947298646,16.731056035496294
1228,20.637711699993815,16.736693040002137,0.05039299139752984,0.01294200774282217,rt_fast_path,0.19923696527257562,0.2224539639428258,0.2754599554464221,16.753909992985427
1229,20.654471246991307,16.75954699749127,0.04751398228108883,0.012675998732447624,rt_fast_path,0.227743003051728,0.2503679716028273,0.30026095919311047,16.731248004361987
1230,20.67120800097473,16.736753983423114,0.04841398913413286,0.012853008229285479,rt_fast_path,0.23939803941175342,0.2619180013425648,0.3126509836874902,16.730195027776062
1231,20.687944039993454,16.736039018724114,0.053446972742676735,0.013836019206792116,rt_fast_path,0.23747299565002322,0.2612820244394243,0.317153986543417,16.72554697142914
1232,20.7046761889942,16.732149000745267,0.052175018936395645,0.014128978364169598,rt_fast_path,0.41077297646552324,0.43791497591882944,0.49289496382698417,16.731248004361987
1233,20.721413300954737,16.73711196053773,0.04841596819460392,0.013164011761546135,rt_fast_path,0.21574401762336493,0.23837701883167028,0.28904102509841323,16.731504001654685
1234,20.738150463963393,16.737163008656353,0.049731985200196505,0.01287501072511077,rt_fast_path,0.19794300897046924,0.22034201538190246,0.2724340301938355,16.744519991334528
1235,20.754922114952933,16.77165098953992,0.056977965869009495,0.013015989679843187,rt_fast_path,0.21041498985141516,0.23302901536226273,0.3016010159626603,16.730638046283275
1236,20.77165824495023,16.73612999729812,0.047943030949682,0.012729025911539793,rt_fast_path,0.220643007196486,0.24297897471114993,0.2933510113507509,17.07392104435712
1237,20.78873917198507,17.080927034839988,0.048693036660552025,0.013138051144778728,rt_fast_path,0.5169159849174321,0.5406689597293735,0.5917379749007523,16.72745100222528
1238,20.805473157961387,16.733985976316035,0.06244599353522062,0.01742399763315916,rt_fast_path,0.4827909870073199,0.5116689717397094,0.5771589931100607,16.726997040677816
1239,20.822205186996143,16.732029034756124,0.0460179871879518,0.013023964129388332,rt_fast_path,1.9892480340786278,2.0121500128880143,2.060270984657109,16.72870898619294
1240,20.83893937099492,16.734183998778462,0.04352204268798232,0.013221986591815948,rt_fast_path,1.5540900058113039,1.577037968672812,1.6224199789576232,16.72729797428474
1241,20.85567122598877,16.731854993849993,0.04058401100337505,0.012266973499208689,rt_fast_path,0.6688679568469524,0.6945469649508595,0.7370049715973437,16.86085300752893
1242,20.872540102980565,16.868876991793513,0.08107296889647841,0.0220060464926064,rt_fast_path,0.4311330267228186,0.46730402391403913,0.5517500103451312,16.8328529689461
1243,20.88937840197468,16.838298994116485,0.048297049943357706,0.014016986824572086,rt_fast_path,1.6700209816917777,1.696087943855673,1.7467719735577703,16.809642023872584
1244,20.90620053600287,16.822134028188884,0.054007978178560734,0.013461045455187559,rt_fast_path,0.20904099801555276,0.23249303922057152,0.28929999098181725,16.72577694989741
1245,20.9229312009993,16.730664996430278,0.04595599602907896,0.012992008123546839,rt_fast_path,0.3241910017095506,0.34683296689763665,0.3949749516323209,16.72241894993931
1246,20.939657741982955,16.72654098365456,0.045831024181097746,0.012491014786064625,rt_fast_path,0.2312939614057541,0.2530959900468588,0.3011089866049588,16.724379966035485
1247,20.956386720004957,16.728978022001684,0.05127600161358714,0.013398006558418274,rt_fast_path,0.19872799748554826,0.2225490170530975,0.276236969511956,16.72140194568783
1248,20.973111875995528,16.725155990570784,0.04471000283956528,0.0125669757835567,rt_fast_path,0.18870399799197912,0.2112549846060574,0.2581239677965641,16.721337975468487
1249,20.989837709988933,16.725833993405104,0.046314962673932314,0.013066979590803385,rt_fast_path,0.6446639890782535,0.6679000216536224,0.7163429982028902,16.729005961678922
1250,21.006572459999006,16.734750010073185,0.05863996921107173,0.013604993000626564,rt_fast_path,0.2171209780499339,0.24091900559142232,0.3016989794559777,16.725438996218145
1251,21.023303064983338,16.730604984331876,0.05156896077096462,0.015200988855212927,rt_fast_path,0.2282689674757421,0.2538870321586728,0.30806701397523284,16.724527988117188
1252,21.040032685967162,16.729620983824134,0.05058001261204481,0.014617980923503637,rt_fast_path,0.9296589996665716,0.9548519738018513,1.0082499939016998,16.915768035687506
1253,21.056953118997626,16.920433030463755,0.04706898471340537,0.01328496728092432,rt_fast_path,0.20631199004128575,0.23129599867388606,0.2805579570122063,16.722928965464234
1254,21.073680649977177,16.727530979551375,0.0482749892398715,0.01296499976888299,rt_fast_path,0.20604400197044015,0.22822996834293008,0.27873198268935084,16.99244399787858
1255,21.090677156986203,16.996507009025663,0.04738703137263656,0.01326599158346653,rt_fast_path,1.9908489775843918,2.0144350128248334,2.064066007733345,16.724244982469827
1256,21.107406100956723,16.72894397052005,0.04733499372377992,0.013234035577625036,rt_fast_path,0.1901279902085662,0.21302897948771715,0.26271201204508543,16.723308013752103
1257,21.124132801953238,16.72670099651441,0.03450596705079079,0.01098396023735404,rt_fast_path,0.2191609819419682,0.23845903342589736,0.27444103034213185,16.723769018426538
1258,21.14085968094878,16.726878995541483,0.031128001864999533,0.00959599856287241,rt_fast_path,0.17477100482210517,0.19308103946968913,0.2254920545965433,16.722246014978737
1259,21.15758731897222,16.727638023439795,0.0338209792971611,0.009781972039490938,rt_fast_path,0.1812750124372542,0.19910902483388782,0.23443601094186306,17.11120898835361
1260,21.17470387998037,17.11656100815162,0.04378799349069595,0.0117539893835783,rt_fast_path,1.7275450518354774,1.7488269950263202,1.7945439903996885,16.724672983400524
1261,21.191432035993785,16.728156013414264,0.03058102447539568,0.009271025191992521,rt_fast_path,0.43134199222549796,0.44778198935091496,0.47970598097890615,16.719556995667517
1262,21.20815608598059,16.724049986805767,0.04007597453892231,0.013042008504271507,rt_fast_path,0.2833690377883613,0.30489801429212093,0.34695101203396916,16.723676002584398
1263,21.22488421399612,16.728128015529364,0.04753499524667859,0.013365992344915867,rt_fast_path,0.2022869884967804,0.22541999351233244,0.27532398235052824,16.72506600152701
1264,21.241612787998747,16.728574002627283,0.0443790340796113,0.013206037692725658,rt_fast_path,3.329868020955473,3.352937987074256,3.399365989025682,17.09911396028474
1265,21.25871665397426,17.103865975514054,0.03797200042754412,0.010557996574789286,rt_fast_path,0.6499250303022563,0.672726018819958,0.7122040260583162,16.798869997728616
1266,21.275530448998325,16.813795024063438,0.08819397771731019,0.01796102151274681,rt_fast_path,0.5061350530013442,0.5372340092435479,0.6314209895208478,16.81048999307677
1267,21.292357770958915,16.82732196059078,0.06359000690281391,0.015487021300941706,rt_fast_path,0.7994369952939451,0.82588498480618,0.8961540297605097,16.82291302131489
1268,21.309186125989072,16.828355030156672,0.03599002957344055,0.01141201937571168,rt_fast_path,1.3259270344860852,1.3496179599314928,1.387416967190802,16.89184200949967
1269,21.326113592949696,16.92746696062386,0.15889201313257217,0.01008401159197092,rt_fast_path,0.812697981018573,0.8342929650098085,1.0077040060423315,16.797320044133812
1270,21.342918842972722,16.80525002302602,0.1131109893321991,0.020413019228726625,rt_fast_path,0.4802559851668775,0.5116670508868992,0.6276420317590237,16.729803988710046
1271,21.359653602994513,16.734760021790862,0.049017020501196384,0.013254990335553885,rt_fast_path,0.7791580283083022,0.8039549575187266,0.8553759544156492,16.83288998901844
1272,21.376492696988862,16.83909399434924,0.051422975957393646,0.013879034668207169,rt_fast_path,0.7369020022451878,0.7609369931742549,0.8150059729814529,16.760053986217827
1273,21.39327920495998,16.786507971119136,0.048806017730385065,0.01308805076405406,rt_fast_path,0.5243030027486384,0.5492459749802947,0.6005089962854981,16.73129602568224
1274,21.410015896952245,16.73669199226424,0.053174037020653486,0.013912038411945105,rt_fast_path,0.6476440466940403,0.6728249718435109,0.7287510088644922,17.04293704824522
1275,21.4270648949896,17.048998037353158,0.05525298183783889,0.015227997209876776,rt_fast_path,1.5205970266833901,1.5487230266444385,1.6065959935076535,16.735515964683145
1276,21.44380511099007,16.740216000471264,0.04911597352474928,0.013244978617876768,rt_fast_path,0.2941149869002402,0.3189490525983274,0.3703010152094066,17.355668998789042
1277,21.461165918968618,17.36080797854811,0.05067099118605256,0.016111007425934076,rt_fast_path,0.21571898832917213,0.24174997815862298,0.29497500509023666,16.744221036788076
1278,21.477915483992547,16.74956502392888,0.049172958824783564,0.013354001566767693,rt_fast_path,0.45241101179271936,0.4770510131493211,0.5285919760353863,16.74316596472636
1279,21.494664365949575,16.74888195702806,0.05001103272661567,0.013743003364652395,rt_fast_path,0.7237800164148211,0.747304002288729,0.799700035713613,16.728348040487617
1280,21.511399303970393,16.734938020817935,0.04918500781059265,0.013221986591815948,rt_fast_path,0.2878329833038151,0.3118539461866021,0.36372197791934013,16.732255986426026
1281,21.528138717985712,16.7394140153192,0.07642497075721622,0.01601001713424921,rt_fast_path,0.33616600558161736,0.3622280200943351,0.44126599095761776,16.74523000838235
1282,21.54488943598699,16.750718001276255,0.04956603515893221,0.013131008017808199,rt_fast_path,0.3265650011599064,0.3509629750624299,0.4030829877592623,16.83729700744152
1283,21.56173359195236,16.84415596537292,0.050403992645442486,0.013135024346411228,rt_fast_path,0.42106996988877654,0.4488829872570932,0.501892005559057,16.725182998925447
1284,21.57846410496859,16.730513016227633,0.047963985707610846,0.013064011000096798,rt_fast_path,0.7339169969782233,0.7568069850094616,0.8072489872574806,16.997962025925517
1285,21.59546863497235,17.00453000376001,0.05132396472617984,0.01422100467607379,rt_fast_path,0.37495698779821396,0.3999680047854781,0.45384798431769013,16.73687098082155
1286,21.612212562991772,16.743928019423038,0.06751198088750243,0.017368991393595934,rt_fast_path,0.35107298754155636,0.38053502794355154,0.4513880121521652,16.732227988541126
1287,21.628950705984607,16.738142992835492,0.05300098564475775,0.014142016880214214,rt_fast_path,0.25307596661150455,0.27745700208470225,0.33298798371106386,16.729719995055348
1288,21.645685974974185,16.73526898957789,0.04879699554294348,0.013374025002121925,rt_fast_path,0.25880197063088417,0.2818549983203411,0.33306999830529094,16.73265697900206
1289,21.66242342896294,16.73745398875326,0.04624103894457221,0.012786011211574078,rt_fast_path,0.3579609910957515,0.3801549901254475,0.42867002775892615,16.73167903209105
1290,21.6791597569827,16.73632801976055,0.04671397618949413,0.012799049727618694,rt_fast_path,0.2902350388467312,0.31254603527486324,0.3616680041886866,16.731181007344276
1291,21.695895314973313,16.735557990614325,0.04678999539464712,0.012658012565225363,rt_fast_path,0.23343705106526613,0.2553220256231725,0.30440802220255136,16.724431014154106
1292,21.712629042973276,16.733727999962866,0.08845701813697815,0.022899999748915434,rt_fast_path,0.22151198936626315,0.258715997915715,0.3527230001054704,16.725139983464032
1293,21.729360144003294,16.73110103001818,0.05710998084396124,0.014998950064182281,rt_fast_path,0.3311239997856319,0.35668700002133846,0.4168409504927695,16.722566972021013
1294,21.746087406005245,16.727262001950294,0.050408998504281044,0.013665994629263878,rt_fast_path,0.23526500444859266,0.25873497361317277,0.31161896185949445,16.734941978938878
1295,21.762828013976105,16.740607970859855,0.050920003559440374,0.013654993381351233,rt_fast_path,0.39688299875706434,0.4206320154480636,0.47410500701516867,16.744097985792905
1296,21.77958590700291,16.757893026806414,0.04844099748879671,0.013343000318855047,rt_fast_path,0.23057404905557632,0.2535420353524387,0.30441099079325795,16.739100974518806
1297,21.79634223197354,16.756324970629066,0.05014700582250953,0.013374025002121925,rt_fast_path,0.21215603919699788,0.23494998458772898,0.2873630146495998,16.73094998113811
1298,21.813078876992222,16.736645018681884,0.050005968660116196,0.013638986274600029,rt_fast_path,0.3841490251943469,0.4074909957125783,0.45995396794751287,16.813085007015616
1299,21.82990011398215,16.821236989926547,0.06372900679707527,0.017148966435343027,rt_fast_path,0.22555101895704865,0.25452999398112297,0.321639992762357,16.735620971303433
1300,21.84664282394806,16.742709965910763,0.058361038099974394,0.01596100628376007,rt_fast_path,0.2464750432409346,0.2724349615164101,0.3339860122650862,16.733078053221107
1301,21.863382740993984,16.739917045924813,0.05032197805121541,0.013098004274070263,rt_fast_path,0.3812219947576523,0.4047279944643378,0.4577579675242305,16.72841201070696
1302,21.88011763995746,16.734898963477463,0.051664013881236315,0.0133890425786376,rt_fast_path,0.292607001028955,0.3158670151606202,0.37005002377554774,16.734820033889264
1303,21.896859836997464,16.742197040002793,0.05118199624121189,0.013693002983927727,rt_fast_path,0.40640600491315126,0.430674001108855,0.4846740048378706,16.72533096279949
1304,21.913590163982008,16.730326984543353,0.05023303674533963,0.012725009582936764,rt_fast_path,0.4396059666760266,0.4617729573510587,0.5144379683770239,16.731956973671913
1305,21.930327200971078,16.737036989070475,0.048967020120471716,0.013170007150620222,rt_fast_path,0.233127037063241,0.2564599853940308,0.30775199411436915,16.745485016144812
1306,21.947078581957612,16.75138098653406,0.05533796502277255,0.014114018995314837,rt_fast_path,0.2886549918912351,0.3133610007353127,0.37147500552237034,16.744246997404844
1307,21.963850693951827,16.772111994214356,0.05384004907682538,0.013039971236139536,rt_fast_path,0.24004100123420358,0.2627819776535034,0.32894802279770374,16.725248016882688
1308,21.980582160002086,16.73146605025977,0.05137000698596239,0.013519020285457373,rt_fast_path,0.4537000204436481,0.4775899578817189,0.5315799498930573,16.735974000766873
1309,21.997324377996847,16.742217994760722,0.05077302921563387,0.01314899418503046,rt_fast_path,0.2157940180040896,0.23930397583171725,0.29263098258525133,16.739359009079635
1310,22.01407042698702,16.746048990171403,0.05027296720072627,0.013090029824525118,rt_fast_path,0.3866699989885092,0.4097120254300535,0.46246498823165894,16.771544003859162
1311,22.030849240953103,16.77881396608427,0.07903698133304715,0.021810003090649843,rt_fast_path,0.8611530065536499,0.9001160506159067,0.9836600511334836,16.734063043259084
1312,22.04758957895683,16.74033800372854,0.07092702435329556,0.017673999536782503,rt_fast_path,0.24877296527847648,0.27923297602683306,0.3535510040819645,16.740184044465423
1313,22.064356599003077,16.767020046245307,0.0821339781396091,0.013321987353265285,rt_fast_path,0.22951397113502026,0.2527390024624765,0.34662598045542836,16.80998399388045
1314,22.081172481004614,16.81588200153783,0.0525979558005929,0.013270007912069559,rt_fast_path,0.2110920031554997,0.2371820155531168,0.29244396137073636,16.731965995859355
1315,22.0979101479752,16.73766697058454,0.05155702820047736,0.013715005479753017,rt_fast_path,0.253718055319041,0.27802097611129284,0.3321029944345355,16.731537005398422
1316,22.1146466259961,16.736478020902723,0.04992895992472768,0.013192009646445513,rt_fast_path,0.21916796686127782,0.24261802900582552,0.2950149937532842,16.734797973185778
1317,22.13138735399116,16.74072799505666,0.05213299300521612,0.013381009921431541,rt_fast_path,0.27041102293878794,0.2938220277428627,0.34850899828597903,16.734127013478428
1318,22.148127091000788,16.739737009629607,0.1152820186689496,0.013092998415231705,rt_fast_path,0.26742398040369153,0.2906050067394972,0.40838599670678377,16.747278976254165
1319,22.164907337981276,16.7802469804883,0.0512779806740582,0.013346027117222548,rt_fast_path,0.23029098520055413,0.25364302564412355,0.3134370199404657,16.73183497041464
1320,22.181644502968993,16.737164987716824,0.0497190048918128,0.012920994777232409,rt_fast_path,0.35310297971591353,0.3757869708351791,0.4279160057194531,16.730735020246357
1321,22.198380504967645,16.736001998651773,0.04871899727731943,0.013061973731964827,rt_fast_path,0.22764800814911723,0.2509540063329041,0.302431988529861,16.742617008276284
1322,22.21514823299367,16.767728026024997,0.07904000813141465,0.012930016964673996,rt_fast_path,0.2812040038406849,0.3036370035260916,0.39460399420931935,16.733766009565443
1323,22.231891552975867,16.743319982197136,0.07766397902742028,0.01810200046747923,rt_fast_path,0.2770790015347302,0.30717503977939487,0.3881140146404505,16.730953007936478
1324,22.24862845998723,16.736907011363655,0.05541503196582198,0.01513003371655941,rt_fast_path,0.2628359943628311,0.2885430003516376,0.3471120144240558,16.735345008783042
1325,22.265391601948068,16.763141960836947,0.061401049606502056,0.014388991985470057,rt_fast_path,0.44884701492264867,0.473563966806978,0.5476130172610283,16.73147501423955
1326,22.28212851897115,16.736917023081332,0.04760199226438999,0.013663957361131907,rt_fast_path,0.3562170313671231,0.3793860087171197,0.429367006290704,16.756794007960707
1327,22.29892095795367,16.792438982520252,0.06302102701738477,0.012979959137737751,rt_fast_path,0.2505339798517525,0.2728999825194478,0.35144801950082183,16.752324998378754
1328,22.315680356987286,16.75939903361723,0.050013011787086725,0.01307798083871603,rt_fast_path,0.33871602499857545,0.36169099621474743,0.414264970459044,16.732257965486497
1329,22.332418054982554,16.73769799526781,0.047877023462206125,0.01289398642256856,rt_fast_path,0.2520090201869607,0.27454597875475883,0.3249139990657568,16.795044008176774
1330,22.349218318995554,16.800264012999833,0.04981999518349767,0.012842996511608362,rt_fast_path,0.23628701455891132,0.2585090114735067,0.31066598603501916,16.73113799188286
1331,22.365955310000572,16.736991005018353,0.04900299245491624,0.012921984307467937,rt_fast_path,0.21769001614302397,0.24029501946642995,0.2917149686254561,16.73266099533066
1332,22.38269279396627,16.73748396569863,0.04969903966411948,0.013535958714783192,rt_fast_path,0.1915539614856243,0.2147009945474565,0.2669090172275901,16.731697018258274
1333,22.39942925295327,16.736458986997604,0.04910101415589452,0.01340499147772789,rt_fast_path,0.35239901626482606,0.3753729979507625,0.42672903509810567,16.746040026191622
1334,22.416199667961337,16.770415008068085,0.06266299169510603,0.01352501567453146,rt_fast_path,0.36576902493834496,0.38869696436449885,0.46305899741128087,16.73045800998807
1335,22.432936219964176,16.736552002839744,0.05909998435527086,0.014726014342159033,rt_fast_path,0.22313394583761692,0.24856702657416463,0.31090201810002327,16.734515025746077
1336,22.44967614498455,16.739925020374358,0.05206698551774025,0.013598997611552477,rt_fast_path,0.20892603788524866,0.23247796343639493,0.28699496760964394,16.718527011107653
1337,22.466413111949805,16.736966965254396,0.050898001063615084,0.013809010852128267,rt_fast_path,0.3700869856402278,0.39342796662822366,0.44694601092487574,16.731803014408797
1338,22.483149765990674,16.736654040869325,0.04894495941698551,0.013407028745859861,rt_fast_path,0.19663298735395074,0.21935702534392476,0.2705309889279306,16.731573967263103
1339,22.499886107980274,16.73634198959917,0.046343018766492605,0.012884964235126972,rt_fast_path,0.45891100307926536,0.48068701289594173,0.5293110152706504,16.743953980039805
1340,22.5166432519909,16.75714401062578,0.04828302189707756,0.012899981811642647,rt_fast_path,0.22170401643961668,0.24393299827352166,0.29441999504342675,16.730433970224112
1341,22.53337845799979,16.73520600888878,0.04740298027172685,0.012544973287731409,rt_fast_path,0.21139701129868627,0.23346702801063657,0.28315698727965355,16.73069898970425
1342,22.550114702957217,16.736244957428426,0.05274801515042782,0.013725017197430134,rt_fast_path,0.2236400032415986,0.24762697285041213,0.30310399597510695,18.072683014906943
1343,22.56819803599501,18.083333037793636,0.10890496196225286,0.017241982277482748,rt_fast_path,0.7531499722972512,0.782652001362294,0.8964389562606812,16.731400974094868
1344,22.584934444981627,16.73640898661688,0.04808604717254639,0.01296098344027996,rt_fast_path,0.2416839706711471,0.26482297107577324,0.3151689888909459,17.966019979212433
1345,22.602904605970252,17.97016098862514,0.044994987547397614,0.013154000043869019,rt_fast_path,0.28457300504669547,0.30736398184672,0.354369985871017,16.72728400444612
1346,22.619636620976962,16.732015006709844,0.04715000977739692,0.01310801599174738,rt_fast_path,0.5501839914359152,0.5732399877160788,0.6225369870662689,16.726943023968488
1347,22.636369538959116,16.732917982153594,0.049456022679805756,0.014256045687943697,rt_fast_path,1.0301030124537647,1.056874985806644,1.1084330035373569,16.730157018173486
1348,22.65310611895984,16.736580000724643,0.052920018788427114,0.013270007912069559,rt_fast_path,0.21448294864967465,0.23764296201989055,0.29289600206539035,16.7341890046373
1349,22.669845614000224,16.73949504038319,0.05035399226471782,0.013695971574634314,rt_fast_path,0.39964704774320126,0.423578021582216,0.4761909949593246,16.729099967051297
1350,22.686580984969623,16.73537096939981,0.04753295797854662,0.012858014088124037,rt_fast_path,0.24889595806598663,0.27155602583661675,0.3213380114175379,16.728535993024707
1351,22.703322423971258,16.741439001634717,0.08187297498807311,0.014019024092704058,rt_fast_path,0.26877596974372864,0.2930340124294162,0.38050301373004913,16.730930015910417
1352,22.72005950496532,16.737080994062126,0.08122500730678439,0.01284899190068245,rt_fast_path,0.42018096428364515,0.44270098442211747,0.5262090126052499,16.73552399734035
1353,22.736812605988234,16.753101022914052,0.11801603250205517,0.026839959900826216,rt_fast_path,0.4819040186703205,0.5244750063866377,0.6517459987662733,16.73209696309641
1354,22.753554559953045,16.74195396481082,0.10176497744396329,0.02586300252005458,rt_fast_path,0.3301049582660198,0.3786460147239268,0.4866350209340453,17.145315010566264
1355,22.77070932899369,17.15476904064417,0.1014780136756599,0.0283500412479043,rt_fast_path,0.29179995181038976,0.3375199739821255,0.444308971054852,17.255013983231038
1356,22.787970245990437,17.260916996747255,0.05934498040005565,0.016761012375354767,rt_fast_path,0.5225969944149256,0.5511200288310647,0.6134790019132197,16.722897009458393
1357,22.804697790998034,16.727545007597655,0.043598003685474396,0.013109995052218437,rt_fast_path,0.5181789747439325,0.5428030272014439,0.5882609984837472,16.72706799581647
1358,22.821429907984566,16.732116986531764,0.0443059834651649,0.012256961781531572,rt_fast_path,1.1294970172457397,1.151195028796792,1.1973850196227431,16.72575098928064
1359,22.83816043200204,16.730524017475545,0.04734803223982453,0.013371987733989954,rt_fast_path,2.760019968263805,2.786252007354051,2.835972001776099,16.72722998773679
1360,22.854891686991323,16.731254989281297,0.048506015446037054,0.013517041224986315,rt_fast_path,1.13272899761796,1.156264974270016,1.2065909686498344,16.72452100319788
1361,22.87162145797629,16.729770984966308,0.03891799133270979,0.012001022696495056,rt_fast_path,0.8088309550657868,0.8295759907923639,0.8702930063009262,16.726655012462288
1362,22.888352796959225,16.731338982935995,0.044459011405706406,0.012710981536656618,rt_fast_path,0.2903179847635329,0.31254999339580536,0.3591270069591701,16.723728040233254
1363,22.905082611949183,16.72981498995796,0.03694399492815137,0.010992982424795628,rt_fast_path,0.914995966013521,0.9391020284965634,0.9779020329006016,16.736715042497963
1364,22.92182813695399,16.74552500480786,0.06380601553246379,0.016219040844589472,rt_fast_path,0.5700589972548187,0.599485996644944,0.6667050183750689,16.735868994146585
1365,22.93857143999776,16.74330304376781,0.05161395529285073,0.01370999962091446,rt_fast_path,0.44569699093699455,0.472263025585562,0.5265899817459285,16.784260980784893
1366,22.955369408999104,16.797969001345336,0.08243200136348605,0.013928976841270924,rt_fast_path,0.38808799581602216,0.41452801087871194,0.5027430015616119,16.816732997540385
1367,22.972199582960457,16.830173961352557,0.0793859944678843,0.015256984625011683,rt_fast_path,0.422825978603214,0.4518480272963643,0.5369270220398903,16.79623802192509
1368,22.989003955968656,16.804373008199036,0.055216019973158836,0.01454399898648262,rt_fast_path,0.3947420045733452,0.42241899063810706,0.4804750205948949,16.734444012399763
1369,23.005745366972405,16.741411003749818,0.05008699372410774,0.013331999070942402,rt_fast_path,0.5220090388320386,0.5477910162881017,0.6007149931974709,16.742251988034695
1370,23.02249583596131,16.750468988902867,0.051426992285996675,0.014199991710484028,rt_fast_path,0.4238010151311755,0.4482229705899954,0.5023200064897537,16.863007040228695
1371,23.039375217980705,16.87938201939687,0.07198803359642625,0.014533987268805504,rt_fast_path,2.4607559898868203,2.4875429808162153,2.565982984378934,17.087890999391675
1372,23.05647199199302,17.09677401231602,0.06961898179724813,0.019768020138144493,rt_fast_path,0.2694189897738397,0.30136998975649476,0.374397961422801,16.841150994878262
1373,23.073342011950444,16.87001995742321,0.10950199794024229,0.014809018466621637,rt_fast_path,0.28315401868894696,0.3082850016653538,0.4230570048093796,16.839604009874165
1374,23.090189021953847,16.84701000340283,0.05724903894588351,0.0144540099427104,rt_fast_path,0.35536999348551035,0.38278294960036874,0.44282199814915657,16.73985499655828
1375,23.10694050299935,16.75148104550317,0.07006904343143106,0.014087010640650988,rt_fast_path,0.44948398135602474,0.4743769532069564,0.5497589590959251,16.734877950511873
1376,23.123682432982605,16.741929983254522,0.052009010687470436,0.013604993000626564,rt_fast_path,0.397563970182091,0.42358500650152564,0.47850998817011714,16.749150003306568
1377,23.140445673954673,16.76324097206816,0.0658530043438077,0.013298005796968937,rt_fast_path,0.5012520123273134,0.5271490081213415,0.5987780168652534,16.799909994006157
1378,23.1572531319689,16.80745801422745,0.10319700231775641,0.014671997632831335,rt_fast_path,0.36589999217540026,0.3933300031349063,0.4994500195607543,16.737714991904795
1379,23.174001063976903,16.747932008001953,0.06832898361608386,0.01317501300945878,rt_fast_path,0.25969097623601556,0.28283504070714116,0.3560400218702853,16.73254801426083
1380,23.190744024002925,16.742960026022047,0.10376999853178859,0.013369019143283367,rt_fast_path,0.3614660236053169,0.38557802326977253,0.49433897947892547,16.73604699317366
1381,23.207490552973468,16.746528970543295,0.06994704017415643,0.012931006494909525,rt_fast_path,0.23432401940226555,0.25724800070747733,0.3321720287203789,16.828609979711473
1382,23.22433301899582,16.84246602235362,0.06046402268111706,0.0138869509100914,rt_fast_path,0.34100498305633664,0.36742602242156863,0.4335370031185448,16.80310897063464
1383,23.241150079004,16.817060008179396,0.053127994760870934,0.01375400461256504,rt_fast_path,0.4603250417858362,0.48842100659385324,0.5470949690788984,16.73163298983127
1384,23.257887978979852,16.737899975851178,0.06618397310376167,0.017690996173769236,rt_fast_path,0.3768519964069128,0.4060980281792581,0.47536002239212394,16.73201797530055
1385,23.274625320977066,16.73734199721366,0.053171999752521515,0.014995981473475695,rt_fast_path,0.21010200725868344,0.23554504150524735,0.29110402101650834,16.72892499482259
1386,23.291361168958247,16.735847981180996,0.05138799315318465,0.013433978892862797,rt_fast_path,0.24739495711401105,0.27130998205393553,0.325525994412601,16.74084202386439
1387,23.30810962797841,16.748459020163864,0.05339999916031957,0.013778044376522303,rt_fast_path,0.9367739548906684,0.9634550078772008,1.0197560186497867,16.73227798892185
1388,23.324849923956208,16.74029597779736,0.0871450174599886,0.023690983653068542,rt_fast_path,0.24182000197470188,0.2803410170599818,0.372573034837842,16.735197044909
1389,23.341591080999933,16.741157043725252,0.06644200766459107,0.0167780090123415,rt_fast_path,0.3716259961947799,0.4009910044260323,0.47068099956959486,16.73061796464026
1390,23.35832662298344,16.735541983507574,0.05090201739221811,0.013505981769412756,rt_fast_path,0.3592869616113603,0.3828799817711115,0.4360959865152836,16.729397990275174
1391,23.37506117997691,16.734556993469596,0.05060399416834116,0.013226992450654507,rt_fast_path,0.37496903678402305,0.4005989758297801,0.45366398990154266,16.73228497384116
1392,23.391798693977762,16.73751400085166,0.04967598943039775,0.013414013665169477,rt_fast_path,0.22914999863132834,0.25265797739848495,0.30468899058178067,16.738626000005752
1393,23.408542363962624,16.74366998486221,0.048348039854317904,0.012937001883983612,rt_fast_path,0.3907770151272416,0.4133099573664367,0.46415498945862055,16.69926499016583
1394,23.425251866981853,16.709503019228578,0.0705679995007813,0.012953998520970345,rt_fast_path,0.2781180082820356,0.30074099777266383,0.3761699772439897,16.730125003959984
1395,23.441992228967138,16.740361985284835,0.08438702207058668,0.012777047231793404,rt_fast_path,0.26116601657122374,0.2837349893525243,0.373097020201385,16.730397997889668
1396,23.45873308199225,16.7408530251123,0.0722259865142405,0.013125012628734112,rt_fast_path,0.3587829996831715,0.38217799738049507,0.4593879566527903,16.7317139566876
1397,23.47547022398794,16.737141995690763,0.054195988923311234,0.014372984878718853,rt_fast_path,0.3493339754641056,0.3744380082935095,0.4311809898354113,16.731549985706806
1398,23.492212213983294,16.741989995352924,0.07388502126559615,0.013561977539211512,rt_fast_path,0.24208601098507643,0.26590999914333224,0.34471298567950726,16.76939899334684
1399,23.50899462000234,16.782406019046903,0.05695200525224209,0.013989978469908237,rt_fast_path,0.22132298909127712,0.246535986661911,0.309344963170588,16.730739967897534
1400,23.525730241963174,16.73562196083367,0.04876498132944107,0.01293898094445467,rt_fast_path,0.24449400370940566,0.26717601576820016,0.31835201662033796,16.73154003219679
1401,23.54246664600214,16.736404038965702,0.04762498429045081,0.012913020327687263,rt_fast_path,0.25659496895968914,0.27955800760537386,0.3294979687780142,16.726334986742586
1402,23.559200041985605,16.733395983465016,0.054589996580034494,0.013652024790644646,rt_fast_path,0.34598499769344926,0.37237495416775346,0.42964896420016885,16.7324339854531
1403,23.57594309397973,16.74305199412629,0.08494697976857424,0.013320997823029757,rt_fast_path,0.3938349545933306,0.4172949702478945,0.5071269697509706,16.737241006921977
1404,23.592690525983926,16.747432004194707,0.08510402403771877,0.013820012100040913,rt_fast_path,0.33835601061582565,0.36219297908246517,0.45221898471936584,16.728754970245063
1405,23.60942764498759,16.737119003664702,0.054303964134305716,0.013516051694750786,rt_fast_path,0.3540969919413328,0.37963199429214,0.43695897329598665,16.814053989946842
1406,23.62625566497445,16.828019986860454,0.06291299359872937,0.013466051314026117,rt_fast_path,0.4330490482971072,0.45870698522776365,0.5272729904390872,16.733805008698255
1407,23.642994634981733,16.73897000728175,0.04952301969751716,0.013045966625213623,rt_fast_path,0.27930096257478,0.3023589961230755,0.3542010090313852,16.748682013712823
1408,23.659757589979563,16.762954997830093,0.06504298653453588,0.014743010979145765,rt_fast_path,0.42791099986061454,0.4534900072030723,0.5241360049694777,16.730413015466183
1409,23.676498506974895,16.740916995331645,0.07276498945429921,0.013999000657349825,rt_fast_path,0.4876700113527477,0.5141940200701356,0.591794028878212,16.840761993080378
1410,23.693353359994944,16.85485302004963,0.06469403160735965,0.014256977010518312,rt_fast_path,0.5761809879913926,0.6032710080035031,0.6737229996360838,16.726808971725404
1411,23.710085976985283,16.73261699033901,0.05390099249780178,0.013493001461029053,rt_fast_path,0.2547469921410084,0.2789530553855002,0.3354920190759003,16.723327978979796
1412,23.72681450995151,16.72853296622634,0.0528559903614223,0.01416797749698162,rt_fast_path,0.2488309983164072,0.27365999994799495,0.32898603240028024,17.36406300915405
1413,23.74418527499074,17.370765039231628,0.061214028391987085,0.015158962924033403,rt_fast_path,0.29158202232792974,0.31847896752879024,0.38252497324720025,16.731932992115617
1414,23.760922308953013,16.737033962272108,0.052423973102122545,0.014231016393750906,rt_fast_path,0.2680379548110068,0.292350014206022,0.3473340184427798,16.728000016883016
1415,23.77765730896499,16.73500001197681,0.05140999564900994,0.013704004231840372,rt_fast_path,0.30862598214298487,0.3349489998072386,0.38911099545657635,16.74641401041299
1416,23.794410738977604,16.753430012613535,0.05218898877501488,0.013643002603203058,rt_fast_path,0.3986579831689596,0.42256701271981,0.4776070127263665,16.73632499296218
1417,23.811157547985204,16.74680900759995,0.05276000592857599,0.015930039808154106,rt_fast_path,0.35692902747541666,0.3830520436167717,0.43851701775565743,16.730555973481387
1418,23.827893132984173,16.73558499896899,0.04886498209089041,0.012732984032481909,rt_fast_path,0.3752490156330168,0.3974100109189749,0.4487360129132867,16.736039018724114
1419,23.844643015996553,16.74988301238045,0.10014994768425822,0.013647950254380703,rt_fast_path,0.3155409940518439,0.3393650404177606,0.44511299347504973,16.72306895488873
1420,23.861371617997065,16.728602000512183,0.05616201087832451,0.014280027244240046,rt_fast_path,0.3428779891692102,0.36805198760703206,0.42673898860812187,16.76042197505012
1421,23.878139884967823,16.768266970757395,0.05715095903724432,0.015252036973834038,rt_fast_path,0.23249199148267508,0.2590230433270335,0.3189620329067111,16.782057005912066
1422,23.894935638993047,16.795754025224596,0.053404015488922596,0.01414597500115633,rt_fast_path,0.25728001492097974,0.282329972833395,0.33825397258624434,16.731748008169234
1423,23.911673006950878,16.73736795783043,0.04958099452778697,0.013772980310022831,rt_fast_path,0.26870897272601724,0.29244000324979424,0.34437101567164063,16.730851028114557
1424,23.928408637992106,16.73563104122877,0.04629604518413544,0.012670003343373537,rt_fast_path,0.26295200223103166,0.2853740006685257,0.33408100716769695,16.731043986510485
1425,23.945144811004866,16.736173012759537,0.053408031817525625,0.01370598329231143,rt_fast_path,0.30890200287103653,0.3334739594720304,0.3893549437634647,16.732301970478147
1426,23.961881636991166,16.736825986299664,0.08209201041609049,0.0132010318338871,rt_fast_path,0.2242519985884428,0.24761597160249949,0.3324159770272672,16.88618998741731
1427,23.97877393796807,16.89230097690597,0.049202004447579384,0.01314899418503046,rt_fast_path,0.5563989980146289,0.5817090277560055,0.6333980127237737,16.739783983211964
1428,23.995519662974402,16.74572500633076,0.050916976761072874,0.013322976883500814,rt_fast_path,0.3958389861509204,0.4198630340397358,0.4732360248453915,16.72088901977986
1429,24.012245438003447,16.7257750290446,0.04902598448097706,0.013304990716278553,rt_fast_path,0.20270299864932895,0.22550701396539807,0.27679000049829483,16.734040982555598
1430,24.02898419898702,16.73876098357141,0.04577101208269596,0.012764998245984316,rt_fast_path,0.2458179951645434,0.2684809733182192,0.3164829686284065,16.732460004277527
1431,24.045721695001703,16.73749601468444,0.048520974814891815,0.013046024832874537,rt_fast_path,0.23328501265496016,0.25586801348254085,0.30676397727802396,16.729330003727227
1432,24.06245599297108,16.73429796937853,0.047016015741974115,0.012609991244971752,rt_fast_path,0.7273320225067437,0.7514419849030674,0.8015880011953413,16.849785984959453
1433,24.079313570982777,16.857578011695296,0.056498043704777956,0.014844001270830631,rt_fast_path,0.4338590078987181,0.45968499034643173,0.5192930111661553,16.731939977034926
1434,24.096104713971727,16.791142988950014,0.05374295869842172,0.015342026017606258,rt_fast_path,0.6675250479020178,0.6951590185053647,0.7517519989050925,16.74264098983258
1435,24.112852303951513,16.747589979786426,0.04971795715391636,0.013805984053760767,rt_fast_path,0.2650609822012484,0.2910360344685614,0.34317304380238056,17.073094029910862
1436,24.12993185396772,17.079550016205758,0.050467962864786386,0.013042998034507036,rt_fast_path,0.23491104366257787,0.258120009675622,0.31143100932240486,17.039864032994956
1437,24.146976803953294,17.04494998557493,0.050110043957829475,0.013950979337096214,rt_fast_path,0.4475499736145139,0.4730760119855404,0.5256160511635244,16.844387049786747
1438,24.16382724297,16.85043901670724,0.0478989677503705,0.013213022612035275,rt_fast_path,0.21927698981016874,0.2433829940855503,0.2939089899882674,16.72351302113384
1439,24.180556360981427,16.72911801142618,0.04772195825353265,0.013019016478210688,rt_fast_path,0.4878020263276994,0.5110980127938092,0.56129798758775,16.67778700357303
1440,24.197238779976033,16.68241899460554,0.046505010686814785,0.012880016583949327,rt_fast_path,0.2388110151514411,0.26085396530106664,0.3096599830314517,16.724659013561904
1441,24.213969607953914,16.730827977880836,0.05244096973910928,0.013259996194392443,rt_fast_path,0.24414400104433298,0.2683090278878808,0.32322003971785307,16.725082998163998
1442,24.230700965970755,16.731358016841114,0.04960701335221529,0.013154000043869019,rt_fast_path,0.40335202356800437,0.4267650074325502,0.47893100418150425,18.128118012100458
1443,24.248834258003626,18.133292032871395,0.04876701859757304,0.01351896207779646,rt_fast_path,0.5451589822769165,0.5688319797627628,0.6199919735081494,16.72613900154829
1444,24.26556641596835,16.732157964725047,0.05177402636036277,0.014361052308231592,rt_fast_path,0.4093170282430947,0.43472001561895013,0.48891903134062886,17.173981002997607
1445,24.282747963967267,17.181547998916358,0.06982800550758839,0.018636987078934908,rt_fast_path,1.6456469893455505,1.6786649939604104,1.752773008774966,16.725478984881192
1446,24.299480602960102,16.732638992834836,0.062377017457038164,0.016928999684751034,rt_fast_path,0.23569201584905386,0.2654810086824,0.3312160260975361,16.72514498932287
1447,24.316210784949362,16.730181989260018,0.050066038966178894,0.013258948456496,rt_fast_path,0.346943037584424,0.36994501715525985,0.4223460564389825,16.724988003261387
1448,24.33294021600159,16.729431052226573,0.04691199865192175,0.013064011000096798,rt_fast_path,0.24010700872167945,0.26295799762010574,0.31198799842968583,16.72532898373902
1449,24.349671188974753,16.73097297316417,0.04666997119784355,0.012838980183005333,rt_fast_path,1.8253830494359136,1.848731015343219,1.8975629936903715,16.722153988666832
1450,24.366399051970802,16.727862996049225,0.047483015805482864,0.013522978406399488,rt_fast_path,3.2512369798496366,3.2747829682193696,3.3245609956793487,17.392467998433858
1451,24.383796805981547,17.397754010744393,0.04857999738305807,0.013885961379855871,rt_fast_path,1.0244069853797555,1.0486660175956786,1.099549001082778,19.257601001299918
1452,24.403058309981134,19.26150399958715,0.03633694723248482,0.01179997343569994,rt_fast_path,1.1324990191496909,1.15335505688563,1.1912690242752433,16.725435969419777
1453,24.4197878089617,16.72949898056686,0.031427014619112015,0.009426032193005085,rt_fast_path,0.7262559956870973,0.7438979810103774,0.776636996306479,16.724359011277556
1454,24.436515169974882,16.727361013181508,0.03059295704588294,0.00940397148951888,rt_fast_path,0.8509010076522827,0.8679910097271204,0.8998609846457839,16.72114001121372
1455,24.45323925296543,16.724082990549505,0.03145798109471798,0.009343959391117096,rt_fast_path,0.9712059982120991,0.9882450103759766,1.0209920001216233,16.725572990253568
1456,24.469968386983965,16.729134018532932,0.032584997825324535,0.00977999297901988,rt_fast_path,0.45147002674639225,0.4686350002884865,0.502859998960048,16.92013198044151
1457,24.48689319298137,16.9248059974052,0.04893698496744037,0.013873970601707697,rt_fast_path,1.190537994261831,1.2155930162407458,1.2668920098803937,17.564752022735775
1458,24.504461854987312,17.568662005942315,0.03424199530854821,0.011639960575848818,rt_fast_path,1.7556649981997907,1.7796100000850856,1.8153039854951203,16.73062000190839
1459,24.521198646980338,16.73679199302569,0.05960103590041399,0.01558999065309763,rt_fast_path,0.3862050361931324,0.41161099215969443,0.47417799942195415,16.73239201772958
1460,24.537936173961498,16.737526981160045,0.04974298644810915,0.01340499147772789,rt_fast_path,0.3871750086545944,0.4104719846509397,0.4626649897545576,16.732471995055676
1461,24.554673367994837,16.73719403333962,0.04829897079616785,0.013047014363110065,rt_fast_path,0.5447939620353281,0.567249022424221,0.6181600037962198,16.731652955058962
1462,24.57140964997234,16.736281977500767,0.0477680005133152,0.013038981705904007,rt_fast_path,0.3361920244060457,0.35850604763254523,0.4086440312676132,16.731469018850476
1463,24.588146153953858,16.73650398151949,0.10511098662391305,0.013234966900199652,rt_fast_path,0.23226899793371558,0.2549040364101529,0.3624200471676886,16.73580502392724
1464,24.604886595974676,16.74044202081859,0.04695099778473377,0.012765987776219845,rt_fast_path,0.28614996699616313,0.3093919949606061,0.3587129758670926,16.728752001654357
1465,24.621620401972905,16.73380599822849,0.04880101187154651,0.013625016435980797,rt_fast_path,0.2598710125312209,0.28327800100669265,0.33453298965469,16.734424978494644
1466,24.638359743985347,16.73934201244265,0.1254929811693728,0.01265999162569642,rt_fast_path,0.21782302064821124,0.24003902217373252,0.3681100206449628,16.729096008930355
1467,24.655093706969637,16.733962984289974,0.04723202437162399,0.013260985724627972,rt_fast_path,0.3459060098975897,0.3685600240714848,0.41805102955549955,16.73564501106739
1468,24.671833658998366,16.73995202872902,0.04716095281764865,0.012810982298105955,rt_fast_path,0.23227796191349626,0.25424902560189366,0.3037279821000993,16.761826002039015
1469,24.6886213819962,16.787722997833043,0.08562399307265878,0.01740199513733387,rt_fast_path,0.2216349821537733,0.2496790257282555,0.3483709879219532,16.7304509668611
1470,24.70537806500215,16.756683005951345,0.05465099820867181,0.014564022421836853,rt_fast_path,0.2008049632422626,0.22583501413464546,0.28677500085905194,16.734459961298853
1471,24.72211711294949,16.739047947339714,0.048107001930475235,0.012864009477198124,rt_fast_path,0.21592900156974792,0.2382469829171896,0.28893002308905125,16.730004048440605
1472,24.73885165899992,16.734546050429344,0.04790094681084156,0.012922973837703466,rt_fast_path,0.19727501785382628,0.2196870045736432,0.2704229555092752,16.74080698285252
1473,24.755609393003397,16.7577340034768,0.056047982070595026,0.014704011846333742,rt_fast_path,0.19613897893577814,0.22058503236621618,0.2802759991027415,16.731064999476075
1474,24.772345201985445,16.735808982048184,0.050182046834379435,0.013732991646975279,rt_fast_path,0.2388969878666103,0.2619839506223798,0.3149649710394442,16.73159096390009
1475,24.78908152395161,16.736321966163814,0.048667017836123705,0.014114018995314837,rt_fast_path,0.25278900284320116,0.27712498558685184,0.328405003529042,16.732886026147753
1476,24.80581904097926,16.73751702765003,0.11972099309787154,0.013415992725640535,rt_fast_path,0.39750797441229224,0.4203860298730433,0.542548019438982,16.72964298631996
1477,24.822553788952064,16.734747972805053,0.04719104617834091,0.012548989616334438,rt_fast_path,0.40859199361875653,0.43078995076939464,0.4802659968845546,16.692612029146403
1478,24.83925283094868,16.69904199661687,0.06441399455070496,0.016891048289835453,rt_fast_path,0.23201096337288618,0.26033801259472966,0.32819202169775963,16.730752016883343
1479,24.855988805997185,16.73597504850477,0.10146497515961528,0.014935038052499294,rt_fast_path,0.3787399618886411,0.4043090157210827,0.5086369928903878,16.715064994059503
1480,24.872722976957448,16.734170960262418,0.04795502172783017,0.013115990441292524,rt_fast_path,0.22157997591421008,0.24446297902613878,0.2949340268969536,16.730353992898017
1481,24.88945912796771,16.73615101026371,0.05375395994633436,0.014563032891601324,rt_fast_path,0.37068495294079185,0.3955390420742333,0.4518040223047137,16.74535300116986
1482,24.90623785299249,16.778725024778396,0.055066950153559446,0.014555000234395266,rt_fast_path,0.2311920397914946,0.25543704396113753,0.3219840000383556,16.729947994463146
1483,24.922972696949728,16.7348439572379,0.04750798689201474,0.012628035619854927,rt_fast_path,0.2502049901522696,0.2721889759413898,0.32205600291490555,16.7405329993926
1484,24.939717995992396,16.745299042668194,0.046967004891484976,0.012492004316300154,rt_fast_path,0.24208397371694446,0.2640460152179003,0.31336001120507717,16.711024974938482
1485,24.956434033985715,16.716037993319333,0.05034601781517267,0.01393596176058054,rt_fast_path,0.28550601564347744,0.30918297125026584,0.361993967089802,16.72845199937001
1486,24.973167896969244,16.733862983528525,0.05314504960551858,0.01628597965463996,rt_fast_path,0.38003898225724697,0.40618196362629533,0.46176399337127805,16.729784023482352
1487,24.989902280969545,16.73438400030136,0.04805199569091201,0.012979027815163136,rt_fast_path,0.23994897492229939,0.26228203205391765,0.31267403392121196,16.72909501940012
1488,25.00663622096181,16.733939992263913,0.047317007556557655,0.013016979210078716,rt_fast_path,0.2691919798962772,0.2918769605457783,0.34148700069636106,16.736307996325195
1489,25.023396345961373,16.76012499956414,0.0769150210544467,0.01243100268766284,rt_fast_path,0.37661404348909855,0.39835297502577305,0.48704101936891675,16.75155299017206
1490,25.0401722319657,16.775886004325002,0.047460023779422045,0.013030017726123333,rt_fast_path,0.2163390163332224,0.2431439934298396,0.29844301752746105,16.73177001066506
1491,25.056908733968157,16.73650200245902,0.04751404048874974,0.012877979315817356,rt_fast_path,0.3209299757145345,0.34396699629724026,0.39382302202284336,16.75367698771879
1492,25.07366741297301,16.75867900485173,0.046765024308115244,0.012620992492884398,rt_fast_path,0.21840602857992053,0.24044298334047198,0.2895990037359297,16.730468021705747
1493,25.09040315495804,16.735741985030472,0.05226302891969681,0.01435901504009962,rt_fast_path,0.2152299857698381,0.23957097437232733,0.2943900180980563,16.731237003114074
1494,25.107140103005804,16.7369480477646,0.05636701826006174,0.015473982784897089,rt_fast_path,0.25784102035686374,0.28378196293488145,0.3430319484323263,16.729870985727757
1495,25.123875252960715,16.73514995491132,0.048761023208498955,0.01305900514125824,rt_fast_path,0.41491800220683217,0.4376709694042802,0.488738005515188,16.72893500654027
1496,25.140609270951245,16.734017990529537,0.04832400009036064,0.013186014257371426,rt_fast_path,0.35712600219994783,0.37984398659318686,0.43053500121459365,16.729923023376614
1497,25.157344028004445,16.734757053200155,0.04752603126689792,0.012792006600648165,rt_fast_path,0.34655799390748143,0.36821397952735424,0.41801895713433623,16.72888995381072
1498,25.17407785099931,16.733822994865477,0.04672096110880375,0.012600969057530165,rt_fast_path,0.34717103699222207,0.3688790020532906,0.4178749513812363,16.730166971683502
1499,25.190814371977467,16.736520978156477,0.05245901411399245,0.013839046005159616,rt_fast_path,0.24380098329856992,0.2678179880604148,0.3228799905627966,16.730065981391817
1500,25.20754917897284,16.73480699537322,0.04814297426491976,0.01308199716731906,rt_fast_path,0.31054398277774453,0.3329830360598862,0.38353202398866415,16.6905649821274
1501,25.2242449040059,16.695725033059716,0.05087204044684768,0.013612967450171709,rt_fast_path,0.382991973310709,0.40643796091899276,0.45970495557412505,16.73100795596838
1502,25.240980786969885,16.735882963985205,0.049102993216365576,0.013119017239660025,rt_fast_path,0.34507003147155046,0.3675550105981529,0.4190980107523501,16.74924499820918
1503,25.257734630955383,16.75384398549795,0.04685699241235852,0.01266098115593195,rt_fast_path,0.18822000129148364,0.21012395154684782,0.25937799364328384,16.731648007407784
1504,25.27447086200118,16.736231045797467,0.04568701842799783,0.01265696482732892,rt_fast_path,0.21908304188400507,0.24080899311229587,0.28879998717457056,16.733773984014988
1505,25.29121028498048,16.73942297929898,0.049145950470119715,0.013265002053231001,rt_fast_path,0.1943809911608696,0.21690403809770942,0.2682110061869025,16.73193002352491
1506,25.307947443972807,16.73715899232775,0.05599099677056074,0.014357035979628563,rt_fast_path,0.3550390247255564,0.3799599944613874,0.4386020009405911,16.72980102011934
1507,25.324682798993308,16.73535502050072,0.0522150075994432,0.014124962035566568,rt_fast_path,0.2694309805519879,0.29454496689140797,0.34917297307401896,16.73362497240305
1508,25.341420943965204,16.738144971895963,0.04797900328412652,0.013204989954829216,rt_fast_path,0.24641002528369427,0.269486044999212,0.3196790348738432,16.73038798617199
1509,25.358156017959118,16.73507399391383,0.04636798985302448,0.01271202927455306,rt_fast_path,0.3712159814313054,0.3934840206056833,0.4421630292199552,16.71271800296381
1510,25.37489039899083,16.734381031710654,0.04577200161293149,0.01256295945495367,rt_fast_path,0.34631602466106415,0.36818900844082236,0.4168419982306659,16.73099200706929
1511,25.39162645698525,16.73605799442157,0.051201030146330595,0.014577992260456085,rt_fast_path,0.3953480045311153,0.4203059943392873,0.4740330041386187,16.759403981268406
1512,25.40839044097811,16.76398399285972,0.04590797470882535,0.012674019671976566,rt_fast_path,0.27310900622978806,0.2953420043922961,0.34359400160610676,16.73063001362607
1513,25.425126109970734,16.735668992623687,0.04655896918848157,0.012564007192850113,rt_fast_path,0.224002986215055,0.24584302445873618,0.2947470056824386,16.730513016227633
1514,25.44186171796173,16.73560799099505,0.0490879756398499,0.013236014638096094,rt_fast_path,0.3379120025783777,0.36059203557670116,0.4121130332350731,16.72196201980114
1515,25.458588022971526,16.726305009797215,0.04677096148952842,0.012714997865259647,rt_fast_path,0.35402097273617983,0.37597701884806156,0.42510201456025243,16.729425988160074
1516,25.475322132988367,16.73411001684144,0.047102977987378836,0.012877979315817356,rt_fast_path,0.2098709810525179,0.23205002071335912,0.2815109910443425,16.730370989535004
1517,25.492057656985708,16.73552399734035,0.04863302456215024,0.012992997653782368,rt_fast_path,0.4233390209265053,0.4458290059119463,0.49683701945468783,16.73254300840199
1518,25.508796652953606,16.738995967898518,0.05557097028940916,0.014228979125618935,rt_fast_path,0.264100031927228,0.2891040057875216,0.3478900180198252,16.729194030631334
1519,25.525530932005495,16.734279051888734,0.04880799679085612,0.013007025700062513,rt_fast_path,0.34129200503230095,0.3639159840531647,0.4153339541517198,16.749856993556023
1520,25.542305724986363,16.77479298086837,0.047720037400722504,0.012625998351722956,rt_fast_path,0.33139099832624197,0.35316398134455085,0.4073349991813302,16.74662798177451
1521,25.5590777649777,16.772039991337806,0.06070296512916684,0.01261901343241334,rt_fast_path,0.2656379947438836,0.2874390338547528,0.3602770157158375,16.798598982859403
1522,25.57588078000117,16.803015023469925,0.04602596163749695,0.012947013601660728,rt_fast_path,0.37310703191906214,0.395025999750942,0.4435759619809687,16.73066394869238
1523,25.59261588100344,16.735101002268493,0.046046043280512094,0.012722040992230177,rt_fast_path,0.20913605112582445,0.23080897517502308,0.27908897027373314,16.72916696406901
1524,25.609349822974764,16.733941971324384,0.0455779954791069,0.012466975022107363,rt_fast_path,0.3382939612492919,0.359793019015342,0.40766200982034206,16.730026982259005
1525,25.626084475952666,16.734652977902442,0.04606397124007344,0.01245300518348813,rt_fast_path,0.3627900150604546,0.38519699592143297,0.43358601396903396,16.734240052755922
1526,25.64282370096771,16.739225015044212,0.048901012632995844,0.013044977094978094,rt_fast_path,0.3438530256971717,0.3663699608296156,0.41782099287956953,16.729145019780844
1527,25.659557802951895,16.734101984184235,0.047525973059237,0.013006036169826984,rt_fast_path,0.21411897614598274,0.2363690291531384,0.286187045276165,16.698958002962172
1528,25.676281113992445,16.72331104055047,0.07441203342750669,0.012837001122534275,rt_fast_path,0.33005402656272054,0.35208300687372684,0.43823401210829616,16.730210976675153
1529,25.693016427976545,16.735313984099776,0.04755205009132624,0.012862030416727066,rt_fast_path,0.32740802271291614,0.3496529534459114,0.3995759761892259,16.7352759744972
1530,25.70975677599199,16.740348015446216,0.050337985157966614,0.013830023817718029,rt_fast_path,0.2513109939172864,0.2750290441326797,0.3277600044384599,16.73136296449229
1531,25.726493188005406,16.736412013415247,0.052215997129678726,0.014616991393268108,rt_fast_path,0.21927402121946216,0.24391699116677046,0.29872398590669036,16.735497978515923
1532,25.743242490978446,16.74930297303945,0.05580298602581024,0.015016004908829927,rt_fast_path,0.22517802426591516,0.25099096819758415,0.3094439744018018,16.989130002912134
1533,25.760238003975246,16.995512996800244,0.07630401523783803,0.019772036466747522,rt_fast_path,0.2687009982764721,0.301951018627733,0.3823250299319625,17.235703009646386
1534,25.777483019977808,17.245016002561897,0.12078299187123775,0.029453018214553595,rt_fast_path,0.9191450080834329,0.9675599867478013,1.0960139916278422,16.72638498712331
1535,25.794220718962606,16.737698984798044,0.13654603390023112,0.03521796315908432,rt_fast_path,0.2754760207608342,0.33161696046590805,0.47513400204479694,16.729464987292886
1536,25.81095767399529,16.73695503268391,0.08255301509052515,0.02162496093660593,rt_fast_path,0.20559399854391813,0.24070998188108206,0.32777799060568213,16.721839958336204
1537,25.827683512005024,16.725838009733707,0.04621798871085048,0.012676056940108538,rt_fast_path,0.179423950612545,0.2009639865718782,0.24933094391599298,16.72645896906033
1538,25.844414105988108,16.730593983083963,0.04421203630045056,0.012759992387145758,rt_fast_path,0.18504098989069462,0.20685995696112514,0.2533539664000273,16.73029497032985
1539,25.861148780968506,16.734674980398268,0.041663006413728,0.01196801895275712,rt_fast_path,0.1930260332301259,0.21369097521528602,0.2574470127001405,17.69867801340297
1540,25.878851321002003,17.702540033496916,0.04267902113497257,0.011917029041796923,rt_fast_path,1.0073470184579492,1.0278619593009353,1.0727779590524733,16.72065700404346
1541,25.895577399991453,16.72607898944989,0.050012022256851196,0.012731004972010851,rt_fast_path,0.27973897522315383,0.30224997317418456,0.35456998739391565,16.72450901241973
1542,25.91230576299131,16.728362999856472,0.04474801244214177,0.0128250103443861,rt_fast_path,0.2220270107500255,0.24449697230011225,0.29118696693331003,16.739087004680187
1543,25.929050022969022,16.744259977713227,0.051749986596405506,0.012889038771390915,rt_fast_path,0.19276997772976756,0.21539302542805672,0.269517011474818,16.734762000851333
1544,25.945790436991956,16.74041402293369,0.0488199875690043,0.013165990822017193,rt_fast_path,0.21340599050745368,0.2365449909120798,0.2879179664887488,17.4045090097934
1545,25.963202574988827,17.412137996871024,0.06204098463058472,0.014145043678581715,rt_fast_path,2.0589359919540584,2.0829099812544882,2.147284976672381,17.044112959410995
1546,25.98025039496133,17.04781997250393,0.037748017348349094,0.011382042430341244,rt_fast_path,1.0094019817188382,1.0295609827153385,1.0689379996620119,16.72768301796168
1547,25.996982319978997,16.73192501766607,0.041944964323192835,0.012181990314275026,rt_fast_path,0.2398089854978025,0.2612470416352153,0.30502001754939556,17.303314001765102
1548,26.01429353200365,17.311212024651468,0.18255301984027028,0.017117010429501534,rt_fast_path,0.29633298981934786,0.32523798290640116,0.510964950080961,16.733068972826004
1549,26.03103849099716,16.744958993513137,0.07284496678039432,0.013173033948987722,rt_fast_path,0.25697500677779317,0.27987000066787004,0.35759195452556014,16.843958001118153
1550,26.047888271976262,16.849780979100615,0.050502014346420765,0.013227981980890036,rt_fast_path,0.4362679901532829,0.4596429644152522,0.5127679905854166,16.729029011912644
1551,26.064623472979292,16.735201003029943,0.04446500679478049,0.012303993571549654,rt_fast_path,0.263797992374748,0.28678501257672906,0.33339200308546424,17.38549896981567
1552,26.082015130959917,17.391657980624586,0.05471799522638321,0.014221994206309319,rt_fast_path,0.25390397058799863,0.2786510158330202,0.3364320145919919,16.727238020393997
1553,26.098747925949283,16.732794989366084,0.04674901720136404,0.013003009371459484,rt_fast_path,0.19602500833570957,0.21961500169709325,0.26870903093367815,16.734135046135634
1554,26.115489881951362,16.74195600207895,0.05902303382754326,0.015347031876444817,rt_fast_path,0.2319600316695869,0.2587399794720113,0.32104901038110256,16.738073027227074
1555,26.132237796962727,16.747915011364967,0.0503470073454082,0.014073040802031755,rt_fast_path,0.2575209946371615,0.2817530184984207,0.33491302747279406,16.730136005207896
1556,26.148972945986316,16.735149023588747,0.047855020966380835,0.01352198887616396,rt_fast_path,0.22450299002230167,0.24783698609098792,0.2980079734697938,16.738866979721934
1557,26.165716997988056,16.744052001740783,0.045670021791011095,0.012884964235126972,rt_fast_path,0.25601201923564076,0.2787400153465569,0.3265870036557317,16.730484960135072
1558,26.182452955981717,16.735957993660122,0.04603399429470301,0.012493983376771212,rt_fast_path,0.24503498570993543,0.2668400411494076,0.3152670105919242,16.73558499896899
1559,26.199193677981384,16.740721999667585,0.04908599657937884,0.013741024304181337,rt_fast_path,0.23316801525652409,0.2571169752627611,0.30829699244350195,16.736780002247542
1560,26.21593662095256,16.7429429711774,0.05280598998069763,0.014328979887068272,rt_fast_path,0.22657500812783837,0.25129999266937375,0.30695402529090643,16.730870003812015
1561,26.2326741439756,16.737523023039103,0.046265951823443174,0.01307798083871603,rt_fast_path,0.24153100093826652,0.2644070191308856,0.3129999968223274,16.722353000659496
1562,26.249402143002953,16.72799902735278,0.04939798964187503,0.01314899418503046,rt_fast_path,0.21330203162506223,0.2366970293223858,0.28873200062662363,16.722833970561624
1563,26.266130484989844,16.728341986890882,0.04930497379973531,0.013543001841753721,rt_fast_path,0.2242779592052102,0.2478680107742548,0.299591978546232,16.725627006962895
1564,26.282862542953808,16.732057963963598,0.04879100015386939,0.013492011930793524,rt_fast_path,0.22530899150297046,0.24884496815502644,0.30005001462996006,16.730643052142113
1565,26.299598898971453,16.73635601764545,0.04760402953252196,0.012772972695529461,rt_fast_path,0.23442099336534739,0.25693897623568773,0.3068730002269149,16.731137002352625
1566,26.316335919953417,16.737020981963724,0.04668603651225567,0.012771051842719316,rt_fast_path,0.4428669926710427,0.46663900138810277,0.5156260449439287,16.793143004179
1567,26.33313616795931,16.80024800589308,0.06773998029530048,0.020503997802734375,rt_fast_path,0.373134040273726,0.40448299841955304,0.4752450040541589,16.733038995880634
1568,26.349874896986876,16.73872902756557,0.05135603714734316,0.013957032933831215,rt_fast_path,0.21136202849447727,0.23530097678303719,0.28951099375262856,16.725701978430152
1569,26.36660559999291,16.730703006032854,0.04526297561824322,0.012089964002370834,rt_fast_path,0.19929901463910937,0.22100901696830988,0.2684849896468222,16.73046196810901
1570,26.383341362990905,16.735762997996062,0.045573979150503874,0.012319011148065329,rt_fast_path,0.22348301718011498,0.2447760198265314,0.2925979788415134,16.726677014958113
1571,26.400073236960452,16.73187396954745,0.047200999688357115,0.012608012184500694,rt_fast_path,0.19521999638527632,0.21710700821131468,0.2665040083229542,16.727211012039334
1572,26.416808643960394,16.735406999941915,0.06438401760533452,0.010484014637768269,rt_fast_path,0.2531750360503793,0.27168996166437864,0.3396809916011989,16.725221008528024
1573,26.43353732995456,16.72868599416688,0.03138999454677105,0.009495008271187544,rt_fast_path,0.2166360500268638,0.23406598484143615,0.26686902856454253,16.70102699426934
1574,26.450243028986733,16.70569903217256,0.03519601887091994,0.010263000149279833,rt_fast_path,0.18572300905361772,0.2039700048044324,0.24079001741483808,16.723886015824974
1575,26.46697159699397,16.72856800723821,0.03187899710610509,0.009028997737914324,rt_fast_path,0.21927000489085913,0.23607199545949697,0.2693429705686867,16.724122979212552
1576,26.483700626005884,16.729029011912644,0.0470159575343132,0.013493990991264582,rt_fast_path,0.25384302716702223,0.2767020487226546,0.32593199284747243,16.75135298864916
1577,26.500457364949398,16.756738943513483,0.0357719836756587,0.010362011380493641,rt_fast_path,0.2265539951622486,0.24503603344783187,0.2824000548571348,16.837811039295048
1578,26.517301118990872,16.843754041474313,0.04970101872459054,0.013345968909561634,rt_fast_path,0.2644939813762903,0.2876279759220779,0.33984496258199215,16.728741000406444
1579,26.534035964985378,16.73484599450603,0.039251986891031265,0.011985015589743853,rt_fast_path,0.21523097530007362,0.2364329993724823,0.2773409942165017,16.725645982660353
1580,26.550767730979715,16.731765994336456,0.05279603647068143,0.014121003914624453,rt_fast_path,0.2055160002782941,0.23014197358861566,0.2856139908544719,16.730542003642768
1581,26.56750316696707,16.73543598735705,0.044086016714572906,0.011976982932537794,rt_fast_path,0.2275320002809167,0.24881900753825903,0.2949830377474427,16.735768993385136
1582,26.58424323395593,16.740066988859326,0.04170101601630449,0.011604977771639824,rt_fast_path,0.3430210053920746,0.3635450266301632,0.4071590374223888,16.7289050295949
1583,26.600976132962387,16.732899006456137,0.039090984500944614,0.010843970812857151,rt_fast_path,0.2296650200150907,0.2507020253688097,0.29148103203624487,17.434281995519996
1584,26.618428441986907,17.45230902452022,0.10281999129801989,0.01896102912724018,rt_fast_path,0.42189500527456403,0.4558590007945895,0.5660660099238157,16.82158897165209
1585,26.63526837999234,16.839938005432487,0.07560598896816373,0.01391698606312275,rt_fast_path,0.40828395867720246,0.43561297934502363,0.518251967150718,16.831323970109224
1586,26.65211681998335,16.84843999100849,0.06857002153992653,0.015428988263010979,rt_fast_path,0.4285830073058605,0.45805994886904955,0.5336799658834934,16.81857497896999
1587,26.668952680949587,16.835860966239125,0.0734119676053524,0.015233003068715334,rt_fast_path,0.4275240353308618,0.4566939896903932,0.5370680009946227,16.84740203199908
1588,26.685816826997325,16.86414604773745,0.07836299482733011,0.015255005564540625,rt_fast_path,0.3639940405264497,0.39234000723809004,0.4773199907504022,16.83182397391647
1589,26.702663271978963,16.846444981638342,0.06432103691622615,0.013865006621927023,rt_fast_path,0.48799096839502454,0.5150579963810742,0.5852750036865473,16.817183000966907
1590,26.7194966559764,16.833383997436613,0.07720600115135312,0.013648997992277145,rt_fast_path,0.4880590131506324,0.5146770272403955,0.5984620074741542,16.819322016090155
1591,26.736335497000255,16.83884102385491,0.09072100510820746,0.0202339724637568,rt_fast_path,0.7092569721862674,0.7457799511030316,0.8446959545835853,16.805967956315726
1592,26.753150161996018,16.81466499576345,0.07121695671230555,0.02208998193964362,rt_fast_path,1.4052590122446418,1.453958044294268,1.5295560006052256,16.742232954129577
1593,26.769900807004888,16.75064500886947,0.0538699678145349,0.015422992873936892,rt_fast_path,0.32196904066950083,0.34850003430619836,0.4053229931741953,16.734538949094713
1594,26.786642795952503,16.741988947615027,0.05292898276820779,0.013587996363639832,rt_fast_path,0.23126497399061918,0.2556120161898434,0.3112350241281092,16.736050019972026
1595,26.803386841958854,16.74404600635171,0.05316297756507993,0.014347955584526062,rt_fast_path,0.24190102703869343,0.26686000637710094,0.32300601014867425,16.73905603820458
1596,26.820133325003553,16.746483044698834,0.04976399941369891,0.012920994777232409,rt_fast_path,0.3079799935221672,0.33094797981902957,0.3833499504253268,16.743949963711202
1597,26.836891106970143,16.75778196658939,0.08142099250108004,0.013878976460546255,rt_fast_path,0.3818889963440597,0.4060399951413274,0.4926560213789344,16.73519000178203
1598,26.85363420995418,16.74310298403725,0.052982999477535486,0.013780954759567976,rt_fast_path,0.24914502864703536,0.2738240291364491,0.32958603696897626,16.741906001698226
1599,26.87038993096212,16.755721007939428,0.07161399116739631,0.013954006135463715,rt_fast_path,0.2902229898609221,0.3147159586660564,0.3916469868272543,16.733949014451355
1600,26.887131951982155,16.74202102003619,0.05355698522180319,0.014490971807390451,rt_fast_path,0.3975489526055753,0.4228540346957743,0.47900801291689277,16.7386659886688
1601,26.903878328972496,16.74637699034065,0.053191964980214834,0.01398700987920165,rt_fast_path,0.4893959849141538,0.5137129919603467,0.5694819847121835,16.737614991143346
1602,26.920629612985067,16.751284012570977,0.06910302909091115,0.013651035260409117,rt_fast_path,0.24788000155240297,0.27178198797628284,0.34632900496944785,16.733228985685855
1603,26.937370993953664,16.741380968596786,0.057582976296544075,0.01610099570825696,rt_fast_path,0.29031699523329735,0.31783198937773705,0.3787130117416382,16.734070028178394
1604,26.954112940991763,16.74194703809917,0.0648809946142137,0.017295998986810446,rt_fast_path,0.2936020027846098,0.3224110114388168,0.3906839992851019,16.726926958654076
1605,26.970848075987305,16.735134995542467,0.05613098619505763,0.015272002201527357,rt_fast_path,0.49464101903140545,0.523266033269465,0.5824440158903599,16.737491998355836
1606,26.987599144980777,16.751068993471563,0.08988298941403627,0.013833981938660145,rt_fast_path,0.26338500902056694,0.28731400379911065,0.3824880113825202,16.733016003854573
1607,27.00433983799303,16.74069301225245,0.05138898268342018,0.013548997230827808,rt_fast_path,0.23713294649496675,0.26091502513736486,0.31491799745708704,16.73402200685814
1608,27.021087378961965,16.747540968935937,0.0773139763623476,0.013790966477245092,rt_fast_path,0.2924510044977069,0.31663599656894803,0.39906200254336,16.735459037590772
1609,27.03783642099006,16.749042028095573,0.06932398537173867,0.01427001552656293,rt_fast_path,0.25804602773860097,0.2831610036082566,0.3577489987947047,16.73286099685356
1610,27.05457687797025,16.740456980187446,0.05615700501948595,0.014703022316098213,rt_fast_path,0.3833080409094691,0.4087690031155944,0.4674650263041258,16.74348401138559
1611,27.071327541954815,16.750663984566927,0.051516981329768896,0.014082994312047958,rt_fast_path,0.41801895713433623,0.4424950457178056,0.49650605069473386,16.73539401963353
1612,27.088070453959517,16.742912004701793,0.05117699038237333,0.013985962141305208,rt_fast_path,0.24577102158218622,0.2706809900701046,0.32445602118968964,16.734306991565973
1613,27.10481260798406,16.742154024541378,0.05171599332243204,0.013553013559430838,rt_fast_path,0.23081997642293572,0.2548620104789734,0.3090960090048611,16.734195000026375
1614,27.121554520970676,16.741912986617535,0.05244801286607981,0.013954006135463715,rt_fast_path,0.3867560299113393,0.41151297045871615,0.46657200437039137,16.700737993232906
1615,27.138269311981276,16.714791010599583,0.07611903129145503,0.015486963093280792,rt_fast_path,0.25863596238195896,0.28577394550666213,0.3671919694170356,16.741505009122193
1616,27.15502452995861,16.755217977333814,0.07211900083348155,0.01440197229385376,rt_fast_path,0.3316049696877599,0.3565900260582566,0.4342060419730842,16.741561994422227
1617,27.171773363952525,16.74883399391547,0.05250098183751106,0.013790035154670477,rt_fast_path,0.461348972748965,0.48792402958497405,0.5430120509117842,16.74334704875946
1618,27.188530098996125,16.7567350436002,0.06630399730056524,0.01398700987920165,rt_fast_path,0.27922302251681685,0.30399003298953176,0.3754390054382384,16.7683589970693
1619,27.205313588958234,16.783489962108433,0.06707699503749609,0.015044992323964834,rt_fast_path,0.5138720152899623,0.542244000826031,0.6155369919724762,16.818452044390142
1620,27.222140286001377,16.826697043143213,0.05775998579338193,0.015640980564057827,rt_fast_path,0.353286974132061,0.3829569905065,0.443782948423177,16.735112003516406
1621,27.238882998994086,16.74271299270913,0.051611976232379675,0.013954006135463715,rt_fast_path,0.27769600274041295,0.3022890305146575,0.3564200014807284,16.74202596768737
1622,27.25563232798595,16.749328991863877,0.05226000212132931,0.01387402880936861,rt_fast_path,0.4616539808921516,0.485936994664371,0.5407399730756879,16.73251297324896
1623,27.2723720149952,16.739687009248883,0.05093804793432355,0.014068034943193197,rt_fast_path,0.5300200427882373,0.5546249449253082,0.6082409527152777,16.757539997342974
1624,27.28913740697317,16.765391977969557,0.055007985793054104,0.014580960851162672,rt_fast_path,0.2543359878472984,0.27988600777462125,0.3374899970367551,16.742790990974754
1625,27.305894329969306,16.75692299613729,0.0685949926264584,0.014205987099558115,rt_fast_path,0.262003974057734,0.28840696904808283,0.3625929821282625,16.762764018494636
1626,27.322671601956245,16.777271986939013,0.056913006119430065,0.014422985259443521,rt_fast_path,0.22549496497958899,0.25097501929849386,0.3136070445179939,16.762156039476395
1627,27.33944170299219,16.770101035945117,0.060277990996837616,0.015960016753524542,rt_fast_path,0.2631549723446369,0.2906240406446159,0.3541730111464858,16.813820984680206
1628,27.356270439981017,16.828736988827586,0.09532598778605461,0.01542799873277545,rt_fast_path,0.4607709706760943,0.48792496090754867,0.58905896730721,16.734257980715483
1629,27.37301275297068,16.742312989663333,0.05181098822504282,0.0144540099427104,rt_fast_path,0.26797602185979486,0.29358704341575503,0.347950030118227,16.739943996071815
1630,27.38976021297276,16.747460002079606,0.052037008572369814,0.01447601243853569,rt_fast_path,0.27117703575640917,0.29662903398275375,0.35138102248311043,16.745080007240176
1631,27.406513411959168,16.75319898640737,0.05371100269258022,0.014301040209829807,rt_fast_path,0.3709790180437267,0.3986409865319729,0.4552680184133351,16.84743503574282
1632,27.423375246988144,16.861835028976202,0.05987199256196618,0.015028053894639015,rt_fast_path,0.4937920020893216,0.5220129969529808,0.5875459755770862,16.815951967146248
1633,27.44020522997016,16.8299829820171,0.0672430032864213,0.014021003153175116,rt_fast_path,0.3855170216411352,0.4124040133319795,0.48537302063778043,16.8169800308533
1634,27.45703648700146,16.831257031299174,0.08882599649950862,0.014027988072484732,rt_fast_path,0.40051399264484644,0.42805599514395,0.5226449575275183,16.736033954657614
1635,27.47378007596126,16.743588959798217,0.0512300175614655,0.01396902371197939,rt_fast_path,0.5061789997853339,0.5314890295267105,0.5852490430697799,16.735604032874107
1636,27.49052898096852,16.748905007261783,0.07034000009298325,0.01350603997707367,rt_fast_path,0.3705910057760775,0.39461004780605435,0.4701270372606814,16.805769002530724
1637,27.507349994964898,16.821013996377587,0.0625569955445826,0.015572994016110897,rt_fast_path,0.35927101271227,0.3891480155289173,0.4577590152621269,16.73773303627968
1638,27.52409527497366,16.745280008763075,0.05188101204112172,0.01369003439322114,rt_fast_path,0.3042779862880707,0.3284750273451209,0.38292002864181995,16.846048005390912
1639,27.540957005985547,16.86173101188615,0.09474001126363873,0.017906015273183584,rt_fast_path,0.47486298717558384,0.507989025209099,0.6088970112614334,17.631641996558756
1640,27.558594909962267,17.637903976719826,0.06504904013127089,0.017206009943038225,rt_fast_path,2.2022289922460914,2.23136501153931,2.2990950383245945,16.72829402377829
1641,27.575329262996092,16.734353033825755,0.050474947784096,0.0145179801620543,rt_fast_path,0.41298504220321774,0.43787300819531083,0.49087696243077517,17.158664006274194
1642,27.59250465600053,17.175393004436046,0.07302104495465755,0.014966004528105259,rt_fast_path,0.5737030296586454,0.6026849732734263,0.6824759766459465,16.809734981507063
1643,27.60933046496939,16.825808968860656,0.08507003076374531,0.014429970178753138,rt_fast_path,0.48473698552697897,0.5122289876453578,0.604015018325299,16.84432598995045
1644,27.626191062969156,16.86059799976647,0.08829095168039203,0.01380703179165721,rt_fast_path,0.4719829885289073,0.49652502639219165,0.591646006796509,17.55603903438896
1645,27.64375145896338,17.560395994223654,0.036425015423446894,0.011290016118437052,rt_fast_path,1.0168540175072849,1.038005982991308,1.0764370090328157,16.73242502147332
1646,27.660487481974997,16.736023011617362,0.03835500683635473,0.010277959518134594,rt_fast_path,0.3803609870374203,0.3994159633293748,0.4396439762786031,16.767358989454806
1647,27.677262074954342,16.77459297934547,0.05672697443515062,0.014627003110945225,rt_fast_path,0.37100096233189106,0.3988830139860511,0.45866903383284807,16.79005502955988
1648,27.694066102965735,16.804028011392802,0.08049799362197518,0.014481949619948864,rt_fast_path,0.33290794817730784,0.3607789985835552,0.44682499719783664,16.73410600051284
1649,27.71080889797304,16.742795007303357,0.05480600520968437,0.014616991393268108,rt_fast_path,0.2355719916522503,0.2609260263852775,0.31900900648906827,16.756078985054046
1650,27.727571919967886,16.763021994847804,0.05253299605101347,0.014188000932335854,rt_fast_path,0.23273698752745986,0.2576870028860867,0.31300500268116593,16.742832027375698
1651,27.744321535981726,16.74961601383984,0.08364301174879074,0.013675016816705465,rt_fast_path,0.6200100178830326,0.6466900231316686,0.7331150118261576,16.79389801574871
1652,27.76112383499276,16.80229901103303,0.06104202475398779,0.016147969290614128,rt_fast_path,1.4761729980818927,1.5082499594427645,1.5723899705335498,16.724043991416693
1653,27.77785151300486,16.727678012102842,0.043437990825623274,0.012693984899669886,rt_fast_path,0.17500203102827072,0.19650300964713097,0.24163996567949653,16.724995977710932
1654,27.79458020796301,16.72869495814666,0.035240023862570524,0.01029099803417921,rt_fast_path,0.18472003284841776,0.20383397350087762,0.24063698947429657,16.723786015063524
1655,27.81130724499235,16.727037029340863,0.03177102189511061,0.00971299596130848,rt_fast_path,0.17541798297315836,0.1933070016093552,0.22658298257738352,16.723782988265157
1656,27.828033991972916,16.72674698056653,0.031397968996316195,0.009562994819134474,rt_fast_path,0.16858801245689392,0.1860760385170579,0.21881703287363052,16.72389602754265
1657,27.844762009975966,16.728018003050238,0.03542198101058602,0.010185991413891315,rt_fast_path,0.1865449594333768,0.2048499882221222,0.24207797832787037,16.724916989915073
1658,27.861490883980878,16.72887400491163,0.03775098593905568,0.011357013136148453,rt_fast_path,0.2144299796782434,0.23383297957479954,0.27347798459231853,16.724367975257337
1659,27.87821942596929,16.72854198841378,0.03973400453105569,0.012192002031952143,rt_fast_path,0.2445659483782947,0.2655410207808018,0.3071600222028792,16.725576017051935
1660,27.894950018962845,16.730592993553728,0.050480011850595474,0.013657030649483204,rt_fast_path,1.127536001149565,1.1505419970490038,1.2027600314468145,16.725544002838433
1661,27.911679231969174,16.72921300632879,0.03654602915048599,0.01073197927325964,rt_fast_path,0.5377979832701385,0.5568109918385744,0.5951710045337677,16.723838984034956
1662,27.928406055958476,16.72682398930192,0.03489397931843996,0.01006503589451313,rt_fast_path,0.6255930056795478,0.6433309754356742,0.6797279929742217,16.733953030779958
1663,27.945144657976925,16.738602018449455,0.04949700087308884,0.01380604226142168,rt_fast_path,1.179661019705236,1.2051480007357895,1.2572470004670322,16.726235975511372
1664,27.961877705994993,16.733048018068075,0.06555201252922416,0.01853698631748557,rt_fast_path,0.35470997681841254,0.38429495180025697,0.45273895375430584,17.669724009465426
1665,27.979555825004354,17.67811900936067,0.07336697308346629,0.01920695649459958,rt_fast_path,0.7815860444679856,0.8162780432030559,0.8933270000852644,16.85285900020972
1666,27.99641555600101,16.859730996657163,0.05506403977051377,0.01554499613121152,rt_fast_path,0.5196869606152177,0.5486480076797307,0.6064189947210252,16.839793999679387
1667,28.01326290698489,16.84735098388046,0.05624897312372923,0.015529978554695845,rt_fast_path,0.35483500687405467,0.3841650323010981,0.44306099880486727,16.83217496611178
1668,28.03010204999009,16.83914300519973,0.057315977755934,0.015335972420871258,rt_fast_path,0.45601901365444064,0.48231298569589853,0.542284979019314,18.03727197693661
1669,28.04814254399389,18.040494003798813,0.035789969842880964,0.011316966265439987,rt_fast_path,0.2156259724870324,0.2356360200792551,0.2731779823079705,16.72412600601092
1670,28.064869790978264,16.727246984373778,0.033051997888833284,0.009781040716916323,rt_fast_path,0.4017630126327276,0.41949201840907335,0.4538469947874546,16.72539598075673
1671,28.0815981659689,16.72837499063462,0.033766962587833405,0.009850016795098782,rt_fast_path,0.34403399331495166,0.36185100907459855,0.39687100797891617,16.74090401502326
1672,28.098342473967932,16.74430799903348,0.03262003883719444,0.009351992048323154,rt_fast_path,1.975318999029696,1.9926799577660859,2.026868984103203,16.72041101846844
1673,28.115066009981092,16.7235360131599,0.032540003303438425,0.009973009582608938,rt_fast_path,0.726494996342808,0.7445139926858246,0.7785299676470459,16.726546979043633
1674,28.131795835972298,16.72982599120587,0.03221101360395551,0.008814968168735504,rt_fast_path,0.5107220495119691,0.5276839947327971,0.56129798758775,16.724180022720248
1675,28.148522689996753,16.72685402445495,0.02864497946575284,0.00861898297443986,rt_fast_path,1.4237160212360322,1.4402500237338245,1.4700579922646284,16.71314099803567
1676,28.165239317982923,16.71662798617035,0.040209037251770496,0.010683026630431414,rt_fast_path,1.1982289724983275,1.227338972967118,1.2701809755526483,16.80096297059208
1677,28.182058148959186,16.81883097626269,0.08866499410942197,0.018974998965859413,rt_fast_path,0.4536499618552625,0.483695010188967,0.5796400364488363,18.82709504570812
1678,28.200888554973062,18.8304060138762,0.040412996895611286,0.012147007510066032,rt_fast_path,1.1525009758770466,1.1734620202332735,1.2157310266047716,16.72173902625218
1679,28.21761361695826,16.72506198519841,0.033855962101370096,0.01054699532687664,rt_fast_path,0.46262796968221664,0.4816620494239032,0.5176500417292118,16.7259790468961
1680,28.23434222996002,16.728613001760095,0.03350496990606189,0.009451003279536963,rt_fast_path,0.7433079881593585,0.7606600411236286,0.7957520429044962,16.72752999002114
1681,28.251073074992746,16.730845032725483,0.03172201104462147,0.009190000128000975,rt_fast_path,1.30493997130543,1.3308420311659575,1.364068011753261,16.84266095981002
1682,28.26793244597502,16.859370982274413,0.09032199159264565,0.015015015378594398,rt_fast_path,0.3942269831895828,0.42189500527456403,0.5191009840928018,16.83031697757542
1683,28.2847788700019,16.846424026880413,0.10272895451635122,0.014132005162537098,rt_fast_path,0.3826470347121358,0.4099170328117907,0.5192179814912379,16.816950985230505
1684,28.301611954986583,16.8330849846825,0.08859997615218163,0.012846954632550478,rt_fast_path,0.34004898043349385,0.3654040046967566,0.46073499834164977,16.85925800120458
1685,28.318488085991703,16.876131005119532,0.07599999662488699,0.014245044440031052,rt_fast_path,0.3676060005091131,0.3948790254071355,0.4778099828399718,16.813129012007266
1686,28.335317772987764,16.829686996061355,0.07645098958164454,0.013314944226294756,rt_fast_path,0.39287598337978125,0.4190020263195038,0.502264010719955,16.825028986204416
1687,28.3521503059892,16.832533001434058,0.05439098458737135,0.014132994692772627,rt_fast_path,0.42184803169220686,0.4491449799388647,0.5065089790150523,16.788991983048618
1688,28.368954245001078,16.803939011879265,0.08468300802633166,0.01768302172422409,rt_fast_path,0.4418630269356072,0.4739220021292567,0.5649829981848598,16.828571970108896
1689,28.385800264950376,16.846019949298352,0.07285695755854249,0.015972997061908245,rt_fast_path,0.4529530415311456,0.48215402057394385,0.5621340242214501,16.799423028714955
1690,28.40261643799022,16.816173039842397,0.07489201379939914,0.015138008166104555,rt_fast_path,0.35946094430983067,0.38655498065054417,0.46847196063026786,17.713059962261468
1691,28.420333018992096,17.716581001877785,0.0406589824706316,0.011448981240391731,rt_fast_path,0.9042730089277029,0.9243389940820634,0.9667429840192199,16.723754000850022
1692,28.437060024996754,16.727006004657596,0.03494502743706107,0.010610965546220541,rt_fast_path,0.5943869473412633,0.6129120010882616,0.6495160050690174,16.724277986213565
1693,28.45378753496334,16.727509966585785,0.035972974728792906,0.010487972758710384,rt_fast_path,0.36589702358469367,0.38458703784272075,0.4222040297463536,16.725318040698767
1694,28.470515961991623,16.728427028283477,0.030290044378489256,0.00892201205715537,rt_fast_path,1.702433975879103,1.7188629717566073,1.7505799769423902,16.719565959647298
1695,28.48723958595656,16.72362396493554,0.039301987271755934,0.010548974387347698,rt_fast_path,0.9585579973645508,0.9776409715414047,1.0187680018134415,16.72572799725458
1696,28.503969140991103,16.72955503454432,0.03632099833339453,0.011770986020565033,rt_fast_path,2.5884819915518165,2.6092740008607507,2.6476469938643277,16.72179199522361
1697,28.520693753962405,16.724612971302122,0.03141100751236081,0.009442039299756289,rt_fast_path,0.3477080026641488,0.364720996003598,0.3974880091845989,16.723589040338993
1698,28.53742023196537,16.72647800296545,0.02904399298131466,0.008678995072841644,rt_fast_path,0.16631500329822302,0.18186704255640507,0.21221803035587072,16.723818029277027
1699,28.554147464979906,16.72723301453516,0.03597000613808632,0.011192983947694302,rt_fast_path,0.23731798864901066,0.2568769850768149,0.29459199868142605,16.721908003091812
1700,28.570875150966458,16.727685986552387,0.057325989473611116,0.01591298496350646,rt_fast_path,0.2107670297846198,0.23773900466039777,0.29819499468430877,16.724593995604664
1701,28.58760359795997,16.72844699351117,0.042862026020884514,0.012886011973023415,rt_fast_path,0.33727899426594377,0.3588779945857823,0.40379102574661374,16.72322303056717
1702,28.604330439993646,16.726842033676803,0.033235992304980755,0.010985997505486012,rt_fast_path,0.18479698337614536,0.2039319952018559,0.23904995759949088,16.723481996450573
1703,28.621056621952448,16.726181958802044,0.027524016331881285,0.008280039764940739,rt_fast_path,0.33364800037816167,0.3490109811536968,0.3777380334213376,16.72013005008921
1704,28.637780292949174,16.72367099672556,0.03327103331685066,0.009402981959283352,rt_fast_path,0.18057797569781542,0.19781995797529817,0.23274600971490145,16.723142005503178
1705,28.654506998951547,16.72670600237325,0.035375996958464384,0.010629009921103716,rt_fast_path,0.20065897842869163,0.21937995916232467,0.25619700318202376,16.72812399920076
1706,28.671237881004345,16.730882052797824,0.02964999293908477,0.00978703610599041,rt_fast_path,0.3797599929384887,0.3968680393882096,0.42774499161168933,16.72310195863247
1707,28.68796372495126,16.72584394691512,0.02957298420369625,0.009378010872751474,rt_fast_path,1.4935900107957423,1.510342990513891,1.5411730273626745,16.725594003219157
1708,28.70469297899399,16.729254042729735,0.03404298331588507,0.009534996934235096,rt_fast_path,0.2454039640724659,0.26301899924874306,0.29858696507290006,16.720453975722194
1709,28.721416105981916,16.723126987926662,0.03069499507546425,0.009051989763975143,rt_fast_path,0.1837839954532683,0.20023301476612687,0.23270800011232495,16.719061008188874
1710,28.738138029002585,16.721923020668328,0.03034499241039157,0.00924902269616723,rt_fast_path,0.7652739877812564,0.7824990316294134,0.8141869911924005,16.72328298445791
1711,28.754864961956628,16.72693295404315,0.04648399772122502,0.012375006917864084,rt_fast_path,0.1802460174076259,0.20249898079782724,0.2516260137781501,16.721634019631892
1712,28.771590827964246,16.725866007618606,0.037443009205162525,0.011188967619091272,rt_fast_path,0.30190194956958294,0.3216650220565498,0.36078301491215825,16.72158599831164
1713,28.788316103979014,16.725276014767587,0.03225996624678373,0.008748960681259632,rt_fast_path,0.17669197404757142,0.19360199803486466,0.227366981562227,17.31083501363173
1714,28.805632683972362,17.31657999334857,0.0545390066690743,0.014622986782342196,rt_fast_path,0.19685900770127773,0.22279599215835333,0.2805149997584522,16.721602994948626
1715,28.822358278965112,16.725594992749393,0.0437510316260159,0.013543001841753721,rt_fast_path,0.33832003828138113,0.3616099711507559,0.40785298915579915,17.256669991184026
1716,28.83962836797582,17.270089010708034,0.1140260137617588,0.030966009944677353,rt_fast_path,0.49384403973817825,0.543213973287493,0.6639119819737971,16.73112402204424
1717,28.85637441696599,16.746048990171403,0.14761299826204777,0.03877398557960987,rt_fast_path,0.47072902088984847,0.5318530020304024,0.6875140243209898,16.727744019590318
1718,28.87310853297822,16.734116012230515,0.058839970733970404,0.016832025721669197,rt_fast_path,0.27929298812523484,0.30764902476221323,0.3691460005939007,16.725484980270267
1719,28.889839112001937,16.73057902371511,0.043884036131203175,0.012244971003383398,rt_fast_path,0.21801498951390386,0.23976695956662297,0.2857509534806013,16.72946900362149
1720,28.906580707989633,16.7415959876962,0.08573802188038826,0.010881980415433645,rt_fast_path,0.18180598272010684,0.20161701831966639,0.29263499891385436,16.72402600524947
1721,28.92331013700459,16.72942901495844,0.03777595702558756,0.010440009646117687,rt_fast_path,2.934304007794708,2.955446019768715,2.9949069721624255,16.737445956096053
1722,28.94006393000018,16.75379299558699,0.0612050062045455,0.01598399830982089,rt_fast_path,0.19696803065016866,0.22384495241567492,0.2889029565267265,16.732978983782232
1723,28.95680420997087,16.740279970690608,0.06434298120439053,0.01582602271810174,rt_fast_path,0.2387380227446556,0.2676459844224155,0.3351889899931848,17.83134398283437
1724,28.97464382200269,17.83961203182116,0.06488198414444923,0.016999023500829935,rt_fast_path,2.123796963132918,2.1525310003198683,2.2206229623407125,16.740472987294197
1725,28.99139134795405,16.74752595135942,0.059649988543242216,0.015876954421401024,rt_fast_path,0.21993496920913458,0.2465830184519291,0.3095060237683356,16.73096901504323
1726,29.008128954970744,16.7376070166938,0.11987000470981002,0.013104989193379879,rt_fast_path,0.24442601716145873,0.2678239834494889,0.39014400681480765,16.729380993638188
1727,29.024864863953553,16.735908982809633,0.04948902642354369,0.012877979315817356,rt_fast_path,0.21918397396802902,0.24211994605138898,0.293913995847106,16.740170016419142
1728,29.041634335997514,16.769472043961287,0.06569002289324999,0.014607969205826521,rt_fast_path,0.23581500863656402,0.26017799973487854,0.33805897692218423,16.73393597593531
1729,29.05837480095215,16.74046495463699,0.049664988182485104,0.012909003999084234,rt_fast_path,0.21700200159102678,0.23939000675454736,0.29150000773370266,16.730640025343746
1730,29.07511206000345,16.73725905129686,0.051461043767631054,0.014052027836441994,rt_fast_path,0.3099559689871967,0.33383595291525126,0.3876809496432543,16.730520001146942
1731,29.091848580981605,16.736520978156477,0.05183601751923561,0.013478042092174292,rt_fast_path,0.4113710019737482,0.4363490152172744,0.4906390095129609,16.73622097587213
1732,29.108612280979287,16.763699997682124,0.059820013120770454,0.01361803151667118,rt_fast_path,0.2283350331708789,0.2518499968573451,0.3240089863538742,16.729181981645525
1733,29.12534773099469,16.73545001540333,0.049250025767832994,0.012803997378796339,rt_fast_path,0.3774069482460618,0.3997859894298017,0.45141897862777114,16.731601965148002
1734,29.142085294995923,16.737564001232386,0.0489539816044271,0.01299101859331131,rt_fast_path,0.20816700998693705,0.23085600696504116,0.2821669913828373,16.732383985072374
1735,29.158823349978775,16.73805498285219,0.05031900946050882,0.013031996786594391,rt_fast_path,0.36280101630836725,0.3858350100927055,0.43877202551811934,16.73120801569894
1736,29.17556041298667,16.737063007894903,0.054473988711833954,0.014147022739052773,rt_fast_path,0.3784290165640414,0.4033629666082561,0.46040996676310897,16.682875982951373
1737,29.19224946195027,16.689048963598907,0.05334196612238884,0.014163029845803976,rt_fast_path,0.2450720057822764,0.2701200428418815,0.32600504346191883,16.733622003812343
1738,29.208988517988473,16.73905603820458,0.05001598037779331,0.013166980352252722,rt_fast_path,0.20020798547193408,0.22335199173539877,0.2760239876806736,16.73361996654421
1739,29.22572783497162,16.739316983148456,0.04963303217664361,0.013011973351240158,rt_fast_path,0.24835800286382437,0.27111300732940435,0.32310502137988806,16.741137020289898
1740,29.242499938991386,16.77210401976481,0.08732295827940106,0.014104996807873249,rt_fast_path,0.2645000349730253,0.2891840413212776,0.39217399898916483,16.74066501436755
1741,29.259258050995413,16.75811200402677,0.04931696457788348,0.013257027603685856,rt_fast_path,0.39977801498025656,0.42267300887033343,0.4743199679069221,16.73042098991573
1742,29.27599451696733,16.736465971916914,0.05176197737455368,0.013404001947492361,rt_fast_path,0.42027904419228435,0.4461199860088527,0.5006029969081283,16.73415198456496
1743,29.29273425496649,16.739737999159843,0.04866998642683029,0.013048993423581123,rt_fast_path,0.23413897724822164,0.25704101426526904,0.30816299840807915,16.81619102600962
1744,29.309556506981608,16.822252015117556,0.054728006944060326,0.014347024261951447,rt_fast_path,0.42343902168795466,0.449312967248261,0.5069149774499238,16.684750968124717
1745,29.326247081975453,16.690574993845075,0.048997055273503065,0.012837001122534275,rt_fast_path,0.4032569704577327,0.4256119718775153,0.4769910010509193,16.736645018681884
1746,29.343011105956975,16.76402398152277,0.07978396024554968,0.012636999599635601,rt_fast_path,0.25831902166828513,0.28035201830789447,0.37219602381810546,16.702760010957718
1747,29.359719408967067,16.708303010091186,0.04988396540284157,0.013073033187538385,rt_fast_path,0.24503999156877398,0.2682360354810953,0.3207920235581696,16.73223200486973
1748,29.37645728996722,16.73788100015372,0.04928198177367449,0.01334102125838399,rt_fast_path,0.3929670201614499,0.4160699900239706,0.4678359837271273,16.73136599129066
1749,29.39319594099652,16.738651029299945,0.06827799370512366,0.01733499811962247,rt_fast_path,0.38306304486468434,0.4132350441068411,0.48490200424566865,16.730883973650634
1750,29.409932788985316,16.73684798879549,0.05356303881853819,0.013805984053760767,rt_fast_path,1.7103200079873204,1.7350419657304883,1.7912369803525507,16.729507013224065
1751,29.42666824295884,16.735453973524272,0.04931504372507334,0.013218028470873833,rt_fast_path,0.26326399529352784,0.28662296244874597,0.3382900031283498,16.738207021262497
1752,29.443412324995734,16.744082036893815,0.05301501369103789,0.013905984815210104,rt_fast_path,0.36978203570470214,0.393908005207777,0.4494659951888025,16.732871998101473
1753,29.460150433005765,16.738108010031283,0.04847400123253465,0.01277698902413249,rt_fast_path,0.2440839889459312,0.2666710061021149,0.3175379824824631,16.731533978600055
1754,29.476887629949488,16.737196943722665,0.04974304465577006,0.01290102954953909,rt_fast_path,1.367841032333672,1.390881952829659,1.4431040035560727,16.74206304596737
1755,29.493645934970118,16.75830502063036,0.046782020945101976,0.012563017662614584,rt_fast_path,0.873071956448257,0.8949919720180333,0.9442080045118928,16.730250034015626
1756,29.5103812989546,16.7353639844805,0.047472945880144835,0.012531003449112177,rt_fast_path,0.47443294897675514,0.49603701336309314,0.5458680097945035,16.73190703149885
1757,29.527117970981635,16.736672027036548,0.04660600097849965,0.012612028513103724,rt_fast_path,0.24585495702922344,0.26787997921928763,0.3168489784002304,16.735896992031485
1758,29.54387879598653,16.760825004894286,0.0596460304223001,0.012698001228272915,rt_fast_path,0.22767699556425214,0.2496059751138091,0.3216809709556401,16.729964991100132
1759,29.560613757988904,16.734962002374232,0.0491579994559288,0.012887991033494473,rt_fast_path,0.3997220192104578,0.42255903827026486,0.4740320146083832,16.734245989937335
1760,29.577352631953545,16.738873964641243,0.04800799069926143,0.0131980050355196,rt_fast_path,0.20699796732515097,0.23019599029794335,0.28068601386621594,16.730194038245827
1761,29.594090465980116,16.737834026571363,0.06524904165416956,0.01755898119881749,rt_fast_path,0.2811880549415946,0.31117600155994296,0.37969701224938035,16.73070399556309
1762,29.610827228985727,16.736763005610555,0.055297976359725,0.014245975762605667,rt_fast_path,0.21789298625662923,0.24239602498710155,0.3002180019393563,16.693195968400687
1763,29.62753974995576,16.71252097003162,0.046733999624848366,0.01269002677872777,rt_fast_path,0.2175699919462204,0.23965100990608335,0.2887240261770785,16.702104010619223
1764,29.644246404990554,16.706655034795403,0.04693801747635007,0.012814998626708984,rt_fast_path,0.36168796941637993,0.38432900328189135,0.4334980039857328,16.72951696673408
1765,29.66098032699665,16.73392200609669,0.04753802204504609,0.012513017281889915,rt_fast_path,0.341559003572911,0.3635130124166608,0.41329400846734643,16.72932197107002
1766,29.67771471699234,16.734389995690435,0.047084991820156574,0.012740027159452438,rt_fast_path,0.25137700140476227,0.27337000938132405,0.3228129935450852,16.744415974244475
1767,29.694484136998653,16.76942000631243,0.06156601011753082,0.01379998866468668,rt_fast_path,0.39966899203136563,0.42309699347242713,0.496472988743335,16.73310500336811
1768,29.711221924982965,16.73778798431158,0.12598797911778092,0.013204000424593687,rt_fast_path,0.3856720286421478,0.4082400118932128,0.5368280108086765,16.729257011320442
1769,29.72795628698077,16.734361997805536,0.047809036914259195,0.012670992873609066,rt_fast_path,0.39512000512331724,0.4179799580015242,0.4682369763031602,16.737203986849636
1770,29.744699178962037,16.74289198126644,0.05490501644089818,0.014033983461558819,rt_fast_path,0.21993397967889905,0.24418102111667395,0.3021390293724835,16.73273299820721
1771,29.761438174988143,16.73899602610618,0.05880801472812891,0.015388999599963427,rt_fast_path,0.22236397489905357,0.24841597769409418,0.3104339702986181,16.744998982176185
1772,29.778209552983753,16.771377995610237,0.07388100493699312,0.014644989278167486,rt_fast_path,0.49497903091832995,0.520456989761442,0.6101870094425976,16.73092698911205
1773,29.794946044974495,16.736491990741342,0.05157198756933212,0.013491022400557995,rt_fast_path,0.3650300204753876,0.38845103699713945,0.44274202082306147,16.733939992263913
1774,29.811706994951237,16.760949976742268,0.09282701648771763,0.013492011930793524,rt_fast_path,0.25533296866342425,0.27864298317581415,0.38378400495275855,16.739243001211435
1775,29.828453428985085,16.746434033848345,0.05912297638133168,0.014787015970796347,rt_fast_path,0.5948569742031395,0.6227589910849929,0.6848119664937258,16.732761985622346
1776,29.845213912951294,16.760483966208994,0.08790596621111035,0.01781899482011795,rt_fast_path,0.2547340118326247,0.28420903254300356,0.38514204788953066,16.73191401641816
1777,29.861951498955023,16.73758600372821,0.05315500311553478,0.013791024684906006,rt_fast_path,0.2071870258077979,0.231252983212471,0.2873890334740281,16.729846014641225
1778,29.87868685700232,16.735358047299087,0.049288966692984104,0.012821052223443985,rt_fast_path,0.2518430119380355,0.27411303017288446,0.325786997564137,16.730164003092796
1779,29.8954217970022,16.734939999878407,0.04853197606280446,0.0128219835460186,rt_fast_path,0.19659701501950622,0.21893600933253765,0.2698269672691822,16.7350199772045
1780,29.912161956948694,16.740159946493804,0.048106012400239706,0.012621982023119926,rt_fast_path,0.224644027184695,0.24843303253874183,0.29898504726588726,16.73162600491196
1781,29.92889852495864,16.736568009946495,0.04738999996334314,0.012850970961153507,rt_fast_path,0.2799989888444543,0.3026180202141404,0.35244703758507967,16.730162024032325
1782,29.94563512795139,16.736602992750704,0.06365403532981873,0.01605501165613532,rt_fast_path,0.2242039772681892,0.25203998666256666,0.3188630216754973,16.730825998820364
1783,29.962371390953194,16.73626300180331,0.053409021347761154,0.014630029909312725,rt_fast_path,0.25776500115171075,0.28293998911976814,0.33881200943142176,16.768546018283814
1784,29.979165668948554,16.794277995359153,0.04731997614726424,0.01482298830524087,rt_fast_path,0.19646098371595144,0.22056099260225892,0.27439702535048127,16.730578034184873
1785,29.9959014839842,16.73581503564492,0.04830397665500641,0.013292999938130379,rt_fast_path,0.223961949814111,0.2463600249029696,0.2969590132124722,16.729419003240764
1786,30.01263580500381,16.734321019612253,0.0499039888381958,0.013339973520487547,rt_fast_path,0.26288803201168776,0.28567499248310924,0.3380479756742716,16.730565985199064
1787,30.029371079988778,16.735274984966964,0.04921096842736006,0.012937991414219141,rt_fast_path,0.18548802472651005,0.208197976462543,0.25974796153604984,16.72960096038878
1788,30.046106291993055,16.735212004277855,0.05161698209121823,0.013572047464549541,rt_fast_path,0.27186202351003885,0.29512098990380764,0.34926895750686526,16.729455965105444
1789,30.06284109898843,16.73480699537322,0.047892972361296415,0.012702017556875944,rt_fast_path,0.22058194736018777,0.2426590071991086,0.29284798074513674,16.72897598473355
1790,30.079574820993003,16.733722004573792,0.04706496838480234,0.012869015336036682,rt_fast_path,0.35035598557442427,0.3726659924723208,0.42198196751996875,16.732238000258803
1791,30.096312332956586,16.73751196358353,0.047802983317524195,0.013198994565755129,rt_fast_path,0.36124204052612185,0.3837469848804176,0.4338040016591549,16.729925002437085
1792,30.113047315971926,16.73498301533982,0.04711298970505595,0.012553005944937468,rt_fast_path,0.2785130054689944,0.3005840117111802,0.34999201307073236,16.78569702198729
1793,30.129837753949687,16.79043797776103,0.04744803300127387,0.012723030522465706,rt_fast_path,0.386773026548326,0.40838198037818074,0.45813003089278936,16.73175801988691
1794,30.146574108977802,16.736355028115213,0.04829303361475468,0.0131980050355196,rt_fast_path,0.27071801014244556,0.2934419899247587,0.34420599695295095,16.739743994548917
1795,30.163318540959153,16.744431981351227,0.046479981392621994,0.012811040505766869,rt_fast_path,0.3717630170285702,0.394095026422292,0.44284004252403975,16.73023501643911
1796,30.18005360098323,16.73506002407521,0.04626502050086856,0.012858014088124037,rt_fast_path,0.2117740223184228,0.2341409563086927,0.2827029675245285,16.73150999704376
1797,30.196791152993683,16.737552010454237,0.04995201015844941,0.013745040632784367,rt_fast_path,0.3831129870377481,0.40651101153343916,0.4589579766616225,16.733541968278587
1798,30.213530006993096,16.73885399941355,0.0522150075994432,0.01366704236716032,rt_fast_path,0.3418890410102904,0.3653810126706958,0.4200930125080049,16.77952299360186
1799,30.230315286957193,16.785279964096844,0.051804003305733204,0.013281998690217733,rt_fast_path,0.32817700412124395,0.35125104477629066,0.40540704503655434,16.733996046241373
1800,30.24707551096799,16.760224010795355,0.059522048104554415,0.012786011211574078,rt_fast_path,0.36815396742895246,0.39023696444928646,0.46232499880716205,16.73045800998807
1801,30.26381114195101,16.73563098302111,0.04769902443513274,0.012680015061050653,rt_fast_path,0.35546900471672416,0.3779520047828555,0.4278560518287122,16.73419401049614
1802,30.28055011195829,16.73897000728175,0.04814396379515529,0.012625998351722956,rt_fast_path,0.34706899896264076,0.36880699917674065,0.41917699854820967,16.697606013622135
1803,30.297273067990318,16.72295603202656,0.07883401121944189,0.012536998838186264,rt_fast_path,0.2774969907477498,0.29943499248474836,0.39010896580293775,16.730945964809507
1804,30.314009311958216,16.73624396789819,0.04874396836385131,0.012845965102314949,rt_fast_path,0.35466899862512946,0.37719402462244034,0.4284640308469534,16.734298027586192
1805,30.330748258973472,16.73894701525569,0.0474650296382606,0.012850970961153507,rt_fast_path,0.19390002125874162,0.21586200455203652,0.2659250167198479,16.730019997339696
1806,30.347483019984793,16.734761011321098,0.04693400114774704,0.012881995644420385,rt_fast_path,0.26526598958298564,0.2875509671866894,0.33692497527226806,16.73740998376161
1807,30.364254828949925,16.77180896513164,0.08618499850854278,0.012858014088124037,rt_fast_path,0.3380250418558717,0.36055996315553784,0.4590110038407147,16.732795047573745
1808,30.38099254097324,16.73771202331409,0.04900700878351927,0.013165001291781664,rt_fast_path,0.2516040112823248,0.27436099480837584,0.32584002474322915,16.73182100057602
1809,30.397729014977813,16.73647400457412,0.047782028559595346,0.012980017345398664,rt_fast_path,0.315098965074867,0.33730996074154973,0.387399981264025,16.729168011806905
1810,30.414464521978516,16.735507000703365,0.05376501940190792,0.01442496431991458,rt_fast_path,0.3446440096013248,0.36982796154916286,0.4263669834472239,16.75683999201283
1811,30.431260754005052,16.796232026536018,0.04923698725178838,0.01289398642256856,rt_fast_path,0.23897795472294092,0.2614299883134663,0.31304394360631704,16.733772994484752
1812,30.44799911195878,16.738357953727245,0.04804501077160239,0.012963020708411932,rt_fast_path,0.35743502667173743,0.37997803883627057,0.43032504618167877,16.735562006942928
1813,30.464739258983172,16.74014702439308,0.04737603012472391,0.01299101859331131,rt_fast_path,0.2544570015743375,0.27698499616235495,0.3267150023020804,16.72942197183147
1814,30.481473677966278,16.73441898310557,0.04869996337220073,0.012853008229285479,rt_fast_path,0.2503540017642081,0.2728170366026461,0.3237820346839726,16.72908302862197
1815,30.498207500961144,16.733822994865477,0.04870397970080376,0.012876000255346298,rt_fast_path,0.22627500584349036,0.24820998078212142,0.29919599182903767,16.735038021579385
1816,30.514947263000067,16.7397620389238,0.0473089748993516,0.012869015336036682,rt_fast_path,0.3768209717236459,0.39904104778543115,0.4486539983190596,16.730397997889668
1817,30.531682327971794,16.735064971726388,0.04795897984877229,0.012759992387145758,rt_fast_path,0.31720695551484823,0.33938803244382143,0.38968201261013746,16.7441830271855
1818,30.54847791796783,16.795589996036142,0.059613026678562164,0.015436962712556124,rt_fast_path,0.4001239431090653,0.4262769944034517,0.5097520188428462,16.72899501863867
1819,30.56521236494882,16.73444698099047,0.05359802162274718,0.013387994840741158,rt_fast_path,0.3808689652942121,0.4049050039611757,0.4611380281858146,16.72601402970031
1820,30.58194587798789,16.733513039071113,0.054845004342496395,0.014561985153704882,rt_fast_path,0.22888503735885024,0.25356002151966095,0.3112819977104664,16.737654979806393
1821,30.5986884929589,16.74261497100815,0.047286972403526306,0.01291901571676135,rt_fast_path,0.3963040071539581,0.42118103010579944,0.47101802192628384,16.732286021579057
1822,30.615425814990886,16.73732203198597,0.04998303484171629,0.013278040569275618,rt_fast_path,0.20758301252499223,0.2306889509782195,0.2830479643307626,16.734858974814415
1823,30.632166486000642,16.740671009756625,0.054594012908637524,0.015622994396835566,rt_fast_path,0.37771800998598337,0.40346995228901505,0.4608669551089406,16.730079951230437
1824,30.64890187297715,16.73538697650656,0.04973699105903506,0.01296802656725049,rt_fast_path,0.27637899620458484,0.29848801204934716,0.3506150096654892,16.73259597737342
1825,30.665639264974743,16.737391997594386,0.04845403600484133,0.013231008779257536,rt_fast_path,0.33679400803521276,0.35944697447121143,0.41037198388949037,16.733671014662832
1826,30.68237768195104,16.73841697629541,0.04692003130912781,0.012684031389653683,rt_fast_path,0.2084529842250049,0.23047201102599502,0.27983804466202855,16.732939053326845
1827,30.699118631950114,16.740949999075383,0.051825016271322966,0.01375499414280057,rt_fast_path,0.24100998416543007,0.26681297458708286,0.32183900475502014,16.735295997932553
1828,30.715861156000756,16.742524050641805,0.053355994168668985,0.013887998647987843,rt_fast_path,0.23713801056146622,0.2616429701447487,0.3178409533575177,16.737832978833467
1829,30.73260491999099,16.743763990234584,0.05055899964645505,0.013609009329229593,rt_fast_path,0.37429697113111615,0.39848999585956335,0.4515799810178578,16.754062962718308
1830,30.749388529977296,16.783609986305237,0.05303899524733424,0.013887998647987843,rt_fast_path,0.3246240084990859,0.3513779956847429,0.4076759796589613,16.734273987822235
1831,30.76612969499547,16.741165018174797,0.05213695112615824,0.013752025552093983,rt_fast_path,0.2918259706348181,0.316858000587672,0.371818954590708,16.8558819568716
1832,30.783010275976267,16.880580980796367,0.05715602310374379,0.014878984075039625,rt_fast_path,0.5404779803939164,0.5684309871867299,0.6286400021053851,16.73253101762384
1833,30.79974778695032,16.737510974053293,0.04917697515338659,0.013198994565755129,rt_fast_path,0.236672000028193,0.2598889986984432,0.31145301181823015,16.7317510349676
1834,30.816484898969065,16.737112018745393,0.05266600055620074,0.013682001736015081,rt_fast_path,0.49693899927660823,0.5235410062596202,0.5788580165244639,16.73606497934088
1835,30.833228622970637,16.743724001571536,0.0544910435564816,0.014888006262481213,rt_fast_path,0.39028999162837863,0.417924951761961,0.4773649852722883,16.844553989358246
1836,30.850096608977765,16.86798600712791,0.051958952099084854,0.013704993762075901,rt_fast_path,0.4472389700822532,0.4733499954454601,0.5280919722281396,16.728690010495484
1837,30.86683016299503,16.733554017264396,0.05043600685894489,0.013859011232852936,rt_fast_path,0.4039870109409094,0.4278650158084929,0.48073497600853443,16.742590989451855
1838,30.883578337961808,16.748174966778606,0.05181704182177782,0.01435901504009962,rt_fast_path,0.4011989803984761,0.42591599049046636,0.4801180330105126,16.79331000195816
1839,30.900401279970538,16.822942008730024,0.06068596849218011,0.015624973457306623,rt_fast_path,0.38679601857438684,0.4143480327911675,0.4782910109497607,16.737030004151165
1840,30.91714537900407,16.7440990335308,0.052571005653589964,0.013666052836924791,rt_fast_path,0.2534730010665953,0.2775839529931545,0.3329859464429319,16.792482987511903
1841,30.933945616998244,16.800237994175404,0.05627900827676058,0.015052035450935364,rt_fast_path,0.31826802296563983,0.34383602906018496,0.4031590069644153,16.73275395296514
1842,30.950685633986723,16.7400169884786,0.05401094676926732,0.014278979506343603,rt_fast_path,0.2093609655275941,0.2345550456084311,0.2913610078394413,16.7713449918665
1843,30.967490799957886,16.80516597116366,0.05524902371689677,0.015185971278697252,rt_fast_path,0.40129799162968993,0.4277980187907815,0.4946940462104976,16.72597404103726
1844,30.984223726962227,16.732927004341036,0.05334400339052081,0.013847020454704762,rt_fast_path,0.256102008279413,0.28021499747410417,0.336361990775913,16.731203999370337
1845,31.0009623139631,16.73858700087294,0.05276699084788561,0.0134530127979815,rt_fast_path,0.4386060172691941,0.46438700519502163,0.5199370207265019,16.73612801823765
1846,31.017725089972373,16.762776009272784,0.0797589891590178,0.013405981007963419,rt_fast_path,0.2659379970282316,0.28941500931978226,0.38140203105285764,16.73000998562202
1847,31.034460979979485,16.735890007112175,0.05385495023801923,0.013713957741856575,rt_fast_path,0.24324801051989198,0.2666710061021149,0.3231259761378169,16.735133016481996
1848,31.051200814952608,16.739834973122925,0.05547102773562074,0.014515011571347713,rt_fast_path,0.8058309904299676,0.8323949878104031,0.8904000278562307,16.73074101563543
1849,31.067936798965093,16.73598401248455,0.04858803004026413,0.01352402614429593,rt_fast_path,0.4512739833444357,0.47469796845689416,0.5257099983282387,16.730958013795316
1850,31.084672525990754,16.735727025661618,0.04865002119913697,0.32470800215378404,rt_fast_path,0.3680760273709893,0.7058779592625797,0.7567869615741074,16.776603006292135
1851,31.101453189970925,16.780663980171084,0.04611298209056258,0.012534030247479677,rt_fast_path,0.3397500258870423,0.36227802047505975,0.41045801481232047,17.212132981512696
1852,31.11867163196439,17.218441993463784,0.051708018872886896,0.014048011507838964,rt_fast_path,0.26145303854718804,0.28655497590079904,0.34104299265891314,16.794294002465904
1853,31.135471881949343,16.800249984953552,0.04874402657151222,0.012992008123546839,rt_fast_path,0.7219240069389343,0.746340025216341,0.7979190559126437,16.72700804192573
1854,31.152205271995626,16.733390046283603,0.05529698682948947,0.013586017303168774,rt_fast_path,0.7208919851109385,0.7460369961336255,0.8039489621296525,16.737903002649546
1855,31.168948679987807,16.743407992180437,0.04862598143517971,0.01308805076405406,rt_fast_path,0.43159001506865025,0.4556390340439975,0.5067510064691305,16.793039976619184
1856,31.18574822996743,16.799549979623407,0.05013501504436135,0.012781994882971048,rt_fast_path,0.7972720195539296,0.8213960099965334,0.8741660276427865,16.98905898956582
1857,31.20274379698094,16.99556701350957,0.05228101508691907,0.013692013453692198,rt_fast_path,0.4286330076865852,0.45458797831088305,0.5095789674669504,16.73482998739928
1858,31.219484554952942,16.74075797200203,0.04967302083969116,0.013719021808356047,rt_fast_path,0.31440798193216324,0.33853400964289904,0.3908410435542464,16.792766051366925
1859,31.236283915000968,16.799360048025846,0.06187200779095292,0.016295001842081547,rt_fast_path,0.5281689809635282,0.5576299736276269,0.6229839636944234,16.732873977161944
1860,31.253023303986993,16.739388986025006,0.05160196451470256,0.013340963050723076,rt_fast_path,0.4726009792648256,0.49613899318501353,0.5505199660547078,16.73035096609965
1861,31.26975933596259,16.736031975597143,0.04884903319180012,0.013050041161477566,rt_fast_path,0.2280520275235176,0.2506189630366862,0.3018080024048686,16.7347050155513
1862,31.2865003629704,16.74102700781077,0.048802990932017565,0.013120996300131083,rt_fast_path,0.24542800383642316,0.26799499755725265,0.31936599407345057,16.73244102858007
1863,31.303238553984556,16.738191014155746,0.04910898860543966,0.012909003999084234,rt_fast_path,0.25236199144273996,0.27516804402694106,0.32676401315256953,16.732077987398952
1864,31.31997698295163,16.73842896707356,0.049151014536619186,0.013128970749676228,rt_fast_path,0.25409302907064557,0.2773079904727638,0.3289910382591188,16.729769005905837
1865,31.33671240694821,16.735423996578902,0.04902697401121259,0.0129460240714252,rt_fast_path,0.2593759563751519,0.28167804703116417,0.333193049300462,16.753246018197387
1866,31.3534728679806,16.760461032390594,0.04695099778473377,0.012550968676805496,rt_fast_path,0.23423501988872886,0.2561750006861985,0.30541897285729647,16.729591996409
1867,31.370207767002285,16.734899021685123,0.051753013394773006,0.013035954907536507,rt_fast_path,0.23825402604416013,0.26073900517076254,0.315098965074867,16.72656397568062
1868,31.38694126496557,16.733497963286936,0.05241500912234187,0.013632990885525942,rt_fast_path,0.20920397946611047,0.232566031627357,0.2877230290323496,16.73194399336353
1869,31.403678993985523,16.737729019951075,0.048711022827774286,0.012873031664639711,rt_fast_path,0.37491205148398876,0.3974610008299351,0.44866499956697226,16.73614198807627
1870,31.420421642949805,16.742648964282125,0.04844402428716421,0.013978977221995592,rt_fast_path,0.376526964828372,0.4001460038125515,0.4511620500124991,16.72513404628262
1871,31.43715297599556,16.73133304575458,0.05432398756965995,0.013989978469908237,rt_fast_path,0.631028029602021,0.6587690440937877,0.7156640058383346,16.742328996770084
1872,31.453900150954723,16.747174959164113,0.053097959607839584,0.014114950317889452,rt_fast_path,0.25859399465844035,0.28277799719944596,0.3384620067663491,16.733209020458162
1873,31.470640086976346,16.73993602162227,0.05359901115298271,0.014146033208817244,rt_fast_path,0.4373179981485009,0.4612309858202934,0.5175719852559268,16.73716399818659
1874,31.487397116958164,16.75702998181805,0.049924012273550034,0.013180018868297338,rt_fast_path,0.24885701714083552,0.2718920004554093,0.32426201505586505,16.733060008846223
1875,31.50413692399161,16.739807033445686,0.04916498437523842,0.0130160478875041,rt_fast_path,0.28422201285138726,0.3070110105909407,0.3588469699025154,16.72470400808379
1876,31.520867127983365,16.730203991755843,0.04716904368251562,0.012703007087111473,rt_fast_path,0.19264500588178635,0.21484895842149854,0.2643499756231904,16.732714022509754
1877,31.537605135003105,16.738007019739598,0.04790700040757656,0.012737989891320467,rt_fast_path,0.2397869830019772,0.26217702543362975,0.3124839859083295,16.738820995669812
1878,31.554373340972234,16.768205969128758,0.08906301809474826,0.013281998690217733,rt_fast_path,0.36553299287334085,0.3891770029440522,0.49124000361189246,16.731839976273477
1879,31.57110980799189,16.73646701965481,0.04829297540709376,0.01340801827609539,rt_fast_path,0.22116198670119047,0.24400005349889398,0.2947240136563778,16.732393007259816
1880,31.58784792397637,16.738115984480828,0.04977197386324406,0.012694974429905415,rt_fast_path,0.1992650213651359,0.22162898676469922,0.27382897678762674,16.736402991227806
1881,31.604613428004086,16.765504027716815,0.10802398901432753,0.012809003237634897,rt_fast_path,0.27944898465648293,0.3015919937752187,0.4218429676257074,16.73189696157351
1882,31.621350097004324,16.73666900023818,0.04893401637673378,0.013131997548043728,rt_fast_path,0.21708704298362136,0.23968302411958575,0.29103399720042944,16.729274997487664
1883,31.638086761988234,16.736664983909577,0.08459901437163353,0.020230014342814684,rt_fast_path,0.2680069883354008,0.3025350160896778,0.39114500395953655,16.79500099271536
1884,31.65491253399523,16.825772006995976,0.09397102985531092,0.022415013518184423,rt_fast_path,0.24938903516158462,0.28582196682691574,0.3851889632642269,16.73052296973765
1885,31.671649512951262,16.736978956032544,0.06099499296396971,0.016461010091006756,rt_fast_path,0.2662119804881513,0.2937359968200326,0.3574820002540946,16.734815028030425
1886,31.6883897499647,16.740237013436854,0.04833500133827329,0.013021985068917274,rt_fast_path,0.26655697729438543,0.2889250172302127,0.3396460087969899,16.73126098467037
1887,31.705127351975534,16.737602010834962,0.04946201806887984,0.013045035302639008,rt_fast_path,0.25488901883363724,0.2779909991659224,0.3300720127299428,16.79521700134501
1888,31.721928026003297,16.800674027763307,0.04982796963304281,0.0132619752548635,rt_fast_path,0.2287949901074171,0.2534340019337833,0.30575395794585347,16.734029981307685
1889,31.7386679709889,16.73994498560205,0.054536969400942326,0.014199002180248499,rt_fast_path,0.2729659900069237,0.29737502336502075,0.35494600888341665,16.73155400203541
1890,31.755405032949056,16.737061960157007,0.05004502600058913,0.01304002944380045,rt_fast_path,0.23999001132324338,0.2630719682201743,0.31591299921274185,16.817892028484493
1891,31.77227098500589,16.86595205683261,0.06948498776182532,0.012959004379808903,rt_fast_path,0.2688390086404979,0.29166502645239234,0.37633697502315044,16.73121697967872
1892,31.789007899991702,16.7369149858132,0.05320395575836301,0.012879027053713799,rt_fast_path,0.22079196060076356,0.24361902615055442,0.2992579829879105,16.730499977711588
1893,31.805747196951415,16.7392969597131,0.04824303323403001,0.012936012353748083,rt_fast_path,0.29793300200253725,0.32092398032546043,0.37152302684262395,16.750917013268918
1894,31.82250277500134,16.755578049924225,0.04804297350347042,0.013064011000096798,rt_fast_path,0.34282804699614644,0.36538299173116684,0.4158509545959532,16.731017967686057
1895,31.839246216986794,16.74344198545441,0.11457694927230477,0.027575006242841482,rt_fast_path,1.0242239804938436,1.0721569997258484,1.193375966977328,16.736488963942975
1896,31.855994845973328,16.74862898653373,0.12195302406325936,0.029778981115669012,rt_fast_path,0.2779819769784808,0.3274069749750197,0.45720499474555254,16.74875698518008
1897,31.87275502400007,16.760178026743233,0.11412595631554723,0.028504000511020422,rt_fast_path,0.28987397672608495,0.3357620444148779,0.4561649984680116,16.73021400347352
1898,31.88949562900234,16.74060500226915,0.10594300692901015,0.028610986191779375,rt_fast_path,0.37729996256530285,0.42286497773602605,0.5340409697964787,16.737500962335616
1899,31.90624054300133,16.74491399899125,0.07145298877730966,0.018739025108516216,rt_fast_path,0.3602550132200122,0.390955014154315,0.4661839921027422,16.7306229704991
1900,31.922976120957173,16.735577955842018,0.048325047828257084,0.01303298631682992,rt_fast_path,0.2239620080217719,0.24648295948281884,0.297054008115083,16.73448202200234
1901,31.93971533497097,16.7392140137963,0.04655396332964301,0.012740027159452438,rt_fast_path,0.20908104488626122,0.23125199368223548,0.28009997913613915,16.72914100345224
1902,31.95645016495837,16.73482998739928,0.04827696830034256,0.0128250103443861,rt_fast_path,0.22109400015324354,0.24325301637873054,0.29413303127512336,16.73116401070729
1903,31.97318599798018,16.73583302181214,0.052476010750979185,0.014295976143330336,rt_fast_path,0.3764049615710974,0.4005699884146452,0.45560201397165656,16.75456902012229
1904,31.989968048001174,16.782050020992756,0.053563970141112804,0.013693992514163256,rt_fast_path,0.27303502429276705,0.29621802968904376,0.36278797779232264,16.729940951336175
1905,32.006702929968014,16.734881966840476,0.04844804061576724,0.012957025319337845,rt_fast_path,0.21560501772910357,0.23813598090782762,0.28905400540679693,16.729769005905837
1906,32.02343738696072,16.734456992708147,0.050175993237644434,0.013884971849620342,rt_fast_path,0.27312798192724586,0.29682001331821084,0.349331006873399,16.724271001294255
1907,32.0401675250032,16.730138042476028,0.05580700235441327,0.013994984328746796,rt_fast_path,0.42184797348454595,0.44991500908508897,0.5084169679321349,16.74460299545899
1908,32.0569405159913,16.77299098810181,0.1264879829250276,0.01431402051821351,rt_fast_path,0.41342800250276923,0.4374100244604051,0.576513004489243,16.820829012431204
1909,32.07376825698884,16.827740997541696,0.049847003538161516,0.013913027942180634,rt_fast_path,0.2563230227679014,0.28016098076477647,0.3326419973745942,16.732265998143703
1910,32.0905052999733,16.73704298445955,0.048716028686612844,0.013070995919406414,rt_fast_path,0.40920701576396823,0.4319649888202548,0.48324401723220944,16.731564013753086
1911,32.10724224097794,16.73694100463763,0.10845501674339175,0.012981996405869722,rt_fast_path,0.22426299983635545,0.2465450088493526,0.35744201159104705,16.731702024117112
1912,32.12397856696043,16.736325982492417,0.04585104761645198,0.012580014299601316,rt_fast_path,0.24507101625204086,0.2670979592949152,0.31530100386589766,16.73341600690037
1913,32.14071792794857,16.739360988140106,0.06194697925820947,0.015841040294617414,rt_fast_path,0.2373250317759812,0.26469904696568847,0.32985705183818936,16.729798051528633
1914,32.15745273797074,16.734810022171587,0.05101697752252221,0.013653014320880175,rt_fast_path,0.21057401318103075,0.23345701629295945,0.28703600401058793,16.795020026620477
1915,32.174253592966124,16.800854995381087,0.0509179662913084,0.014405988622456789,rt_fast_path,0.20816305186599493,0.2318840124644339,0.2854280173778534,16.733061987906694
1916,32.19099157798337,16.737985017243773,0.0485680066049099,0.01263496233150363,rt_fast_path,0.22863800404593349,0.25116896722465754,0.30218297615647316,16.730429022572935
1917,32.207727717992384,16.7361400090158,0.048734014853835106,0.0127549865283072,rt_fast_path,0.20266801584511995,0.22492895368486643,0.2762099611572921,16.73027197830379
1918,32.22446364595089,16.73592795850709,0.05240505561232567,0.014132994692772627,rt_fast_path,0.4409679677337408,0.4669049521908164,0.5218230071477592,16.737351019401103
1919,32.24122865794925,16.765011998359114,0.06521499017253518,0.012663018424063921,rt_fast_path,0.4099039942957461,0.43273495975881815,0.5184879992157221,16.73516002483666
1920,32.25797115400201,16.742496052756906,0.05603698082268238,0.014231947716325521,rt_fast_path,0.4404899664223194,0.4655459779314697,0.5243739578872919,16.756889002863318
1921,32.274760202970356,16.789048968348652,0.07298897253349423,0.015229976270347834,rt_fast_path,0.28180598746985197,0.30919897835701704,0.3958229790441692,16.7514180066064
1922,32.291544314997736,16.784112027380615,0.06067502545192838,0.014462973922491074,rt_fast_path,0.2945709857158363,0.31934300204738975,0.39328698767349124,16.77167695015669
1923,32.30832313996507,16.778824967332184,0.05038001108914614,0.013470998965203762,rt_fast_path,0.3946780343540013,0.4184319986961782,0.47160801477730274,16.772848030086607
1924,32.325110894977115,16.787755012046546,0.05290599074214697,0.014183984603732824,rt_fast_path,0.28096098685637116,0.3056180430576205,0.36143301986157894,16.73281699186191
1925,32.34184853796614,16.737642989028245,0.04811497638002038,0.012981996405869722,rt_fast_path,0.2086409949697554,0.23078004596754909,0.2812960301525891,16.7513900087215
1926,32.35862660798011,16.778070013970137,0.07269199704751372,0.014104996807873249,rt_fast_path,0.2588640199974179,0.28333801310509443,0.36785402335226536,16.730501025449485
1927,32.37536189198727,16.735284007154405,0.04836102016270161,0.013326993212103844,rt_fast_path,0.37479004822671413,0.39797998033463955,0.4487339756451547,16.768702014815062
1928,32.392171144951135,16.80925296386704,0.052054994739592075,0.014108954928815365,rt_fast_path,0.3287140280008316,0.356092001311481,0.4111540038138628,16.733887023292482
1929,32.408909894991666,16.73875004053116,0.04723796155303717,0.012931006494909525,rt_fast_path,0.2650120295584202,0.2875539939850569,0.3372269566170871,16.733272990677506
1930,32.425648238975555,16.738343983888626,0.0482589821331203,0.013075012248009443,rt_fast_path,0.20021002274006605,0.22280303528532386,0.2734190202318132,16.735950019210577
1931,32.442389440955594,16.741201980039477,0.05048501770943403,0.012966047506779432,rt_fast_path,0.278374005574733,0.3011889639310539,0.3542840131558478,16.744339023716748
1932,32.45916044595651,16.771005000919104,0.06412802031263709,0.014438002835959196,rt_fast_path,0.26053900364786386,0.2857949584722519,0.36266399547457695,16.731608018744737
1933,32.475897406984586,16.736961028072983,0.05596899427473545,0.014447956345975399,rt_fast_path,0.3942839684896171,0.4193939967080951,0.47829700633883476,16.732128977309912
1934,32.492634664988145,16.737258003558964,0.051498995162546635,0.013446027878671885,rt_fast_path,0.38179103285074234,0.4051229916512966,0.4593909834511578,16.731486015487462
1935,32.50937150098616,16.73683599801734,0.04943599924445152,0.012976001016795635,rt_fast_path,0.26357301976531744,0.28624001424759626,0.3380969865247607,16.735996992792934
1936,32.526112299005035,16.740798018872738,0.04867499228566885,0.012809992767870426,rt_fast_path,0.40288298623636365,0.4254269879311323,0.4764209734275937,16.7317419545725
1937,32.54284909396665,16.736794961616397,0.04917202750220895,0.013343000318855047,rt_fast_path,0.23243098985403776,0.2553979866206646,0.3069950034841895,16.73161401413381
1938,32.559586054994725,16.736961028072983,0.04860199987888336,0.013082986697554588,rt_fast_path,0.37293200148269534,0.3960339818149805,0.44709397479891777,16.7305389768444
1939,32.57632181199733,16.735757002606988,0.04999700468033552,0.013211974874138832,rt_fast_path,0.27982203755527735,0.3031340311281383,0.3556750016286969,16.732280957512558
1940,32.59305897500599,16.737163008656353,0.04981103120371699,0.01350202364847064,rt_fast_path,0.24758902145549655,0.2709039836190641,0.323242973536253,16.732963966205716
1941,32.60979654098628,16.737565980292857,0.046803965233266354,0.012777047231793404,rt_fast_path,0.24742999812588096,0.2695969888009131,0.31905696960166097,16.730959992855787
1942,32.626532370981295,16.735829995013773,0.04770699888467789,0.012700969818979502,rt_fast_path,0.36566000198945403,0.38791901897639036,0.4379510064609349,16.740856983233243
1943,32.643323737953324,16.79136697202921,0.06435398245230317,0.012880016583949327,rt_fast_path,0.24825899163261056,0.2707000239752233,0.3601430216804147,16.73989900154993
1944,32.66009060695069,16.766868997365236,0.06971502443775535,0.014456978533416986,rt_fast_path,0.25956297758966684,0.28471200494095683,0.36739103961735964,16.732804011553526
1945,32.67682930798037,16.73870102968067,0.05330500425770879,0.014165998436510563,rt_fast_path,0.23023004177957773,0.25459902826696634,0.3105300129391253,16.73887699143961
1946,32.693594460957684,16.765152977313846,0.07513497257605195,0.013098004274070263,rt_fast_path,0.4297270206734538,0.4529660218395293,0.5400190129876137,16.740733990445733
1947,32.71035392396152,16.759463003836572,0.051458016969263554,0.013715005479753017,rt_fast_path,0.2720769844017923,0.2964019658975303,0.35044399555772543,16.787706990726292
1948,32.727159235975705,16.805312014184892,0.04947895649820566,0.012704986147582531,rt_fast_path,0.2624749904498458,0.28748303884640336,0.3395560197532177,16.73442602623254
1949,32.743900589994155,16.741354018449783,0.05093502113595605,0.013365002814680338,rt_fast_path,0.24517200654372573,0.2682550111785531,0.3220009966753423,16.737514990381896
1950,32.7606452209875,16.74463099334389,0.054612988606095314,0.014411984011530876,rt_fast_path,0.40492601692676544,0.43216103222221136,0.48967701150104403,16.7305949726142
1951,32.7773809049977,16.735684010200202,0.053886964451521635,0.01424702350050211,rt_fast_path,0.23850396974012256,0.26325799990445375,0.3196479519829154,16.734862001612782
1952,32.794120512960944,16.739607963245362,0.13256497913971543,0.012861972209066153,rt_fast_path,0.20438403589650989,0.22720103152096272,0.3621780197136104,16.732770018279552
1953,32.81085837795399,16.73786499304697,0.04798703594133258,0.012958014849573374,rt_fast_path,0.2673270064406097,0.29008497949689627,0.340474012773484,16.732019023038447
1954,32.827595117967576,16.736740013584495,0.04957901546731591,0.013002019841223955,rt_fast_path,0.2919660182669759,0.31507801031693816,0.3670970327220857,16.730703006032854
1955,32.84433083899785,16.735721030272543,0.048645015340298414,0.012810982298105955,rt_fast_path,0.261588953435421,0.28423196636140347,0.3352309577167034,16.731876996345818
1956,32.861068269005045,16.737430007196963,0.05079701077193022,0.013464014045894146,rt_fast_path,0.23352395510300994,0.25729596382007003,0.31091395067051053,16.73064596252516
1957,32.87780443299562,16.736163990572095,0.05684001371264458,0.014465011190623045,rt_fast_path,0.28117501642555,0.3053909749723971,0.364983978215605,16.73054398270324
1958,32.89454005495645,16.73562196083367,0.051457027439028025,0.013686949387192726,rt_fast_path,0.3980110050179064,0.42214797576889396,0.47602300764992833,16.701692016795278
1959,32.911247312964406,16.707258007954806,0.05072099156677723,0.013693992514163256,rt_fast_path,0.23106503067538142,0.2550529898144305,0.308335991576314,16.734170028939843
1960,32.92798632098129,16.739008016884327,0.04816899308934808,0.012834963854402304,rt_fast_path,0.23486698046326637,0.2569640055298805,0.30754099134355783,16.730925999581814
1961,32.94472227495862,16.73595397733152,0.049493974074721336,0.012959993910044432,rt_fast_path,0.2694560098461807,0.29227102641016245,0.3442590241320431,16.731411044020206
1962,32.961459181969985,16.736907011363655,0.05100498674437404,0.01372798578813672,rt_fast_path,0.2525029703974724,0.27680600760504603,0.3306680009700358,16.782424005214125
1963,32.978246500948444,16.787318978458643,0.050920003559440374,0.013703946024179459,rt_fast_path,1.4926160220056772,1.51766900671646,1.5708160353824496,16.747823043260723
1964,32.9950070969644,16.760596015956253,0.0623970408923924,0.012953998520970345,rt_fast_path,0.24719303473830223,0.2696919837035239,0.337188015691936,16.735171026084572
1965,33.01174910896225,16.74201199784875,0.04951702430844307,0.013097014743834734,rt_fast_path,0.3509439993649721,0.3763409913517535,0.4284990136511624,16.73549902625382
1966,33.028497723978944,16.748615016695112,0.09746599243953824,0.012889038771390915,rt_fast_path,0.4061170038767159,0.43095898581668735,0.5345719982869923,16.739687998779118
1967,33.045249987975694,16.752263996750116,0.06974901771172881,0.013223965652287006,rt_fast_path,0.25204900885000825,0.2760269562713802,0.3510009846650064,16.738180012907833
1968,33.062001656973734,16.75166899804026,0.08748203981667757,0.014116987586021423,rt_fast_path,0.4998100339435041,0.5266309599392116,0.6196239846758544,16.737865982577205
1969,33.07875304296613,16.751385992392898,0.08652801625430584,0.014360994100570679,rt_fast_path,0.3828139742836356,0.40793203515931964,0.4995650378987193,16.735927027184516
1970,33.09550248499727,16.74944203114137,0.07048097904771566,0.014308956451714039,rt_fast_path,0.26154296938329935,0.28614699840545654,0.36194297717884183,16.771231952589005
1971,33.11228699894855,16.784513951279223,0.05086098099127412,0.014245975762605667,rt_fast_path,0.8302769856527448,0.8557629771530628,0.9112340048886836,16.734718054067343
1972,33.129035118967295,16.748120018746704,0.08837704081088305,0.012844044249504805,rt_fast_path,0.4237469984218478,0.44643296860158443,0.5401819944381714,16.749049013014883
1973,33.14580026699696,16.76514802966267,0.08178397547453642,0.014565011952072382,rt_fast_path,1.1719330213963985,1.2010899954475462,1.2891949736513197,16.734984994400293
1974,33.162548552965745,16.748285968787968,0.07200695108622313,0.013092008884996176,rt_fast_path,0.2611909876577556,0.28388603823259473,0.3609380219131708,16.70587103581056
1975,33.17926752200583,16.71896904008463,0.08119799895212054,0.013060984201729298,rt_fast_path,0.4060540231876075,0.4294629907235503,0.5157319828867912,16.81089197518304
1976,33.19608620594954,16.81868394371122,0.1035919995047152,0.01493899617344141,rt_fast_path,0.29054394690319896,0.3161739441566169,0.42441400000825524,16.733073047362268
1977,33.21282660198631,16.74039603676647,0.048505025915801525,0.012820004485547543,rt_fast_path,0.4826539661735296,0.5073729553259909,0.5585199687629938,16.741519968491048
1978,33.22957524796948,16.748645983170718,0.04983897088095546,0.013104989193379879,rt_fast_path,0.3759170067496598,0.4016250022687018,0.4539369838312268,16.79329900071025
1979,33.24638354295166,16.808294982183725,0.06731401663273573,0.0138930045068264,rt_fast_path,0.26733800768852234,0.29300700407475233,0.36659202305600047,16.81624201592058
1980,33.263208841963205,16.825299011543393,0.05774694727733731,0.014011980965733528,rt_fast_path,1.7389070126228034,1.7656010459177196,1.826046034693718,16.736635006964207
1981,33.279955114994664,16.74627303145826,0.0655089970678091,0.017745012883096933,rt_fast_path,0.24341698735952377,0.2739870105870068,0.3433889942243695,16.72137895366177
1982,33.296681413950864,16.72629895620048,0.05088100442662835,0.015027006156742573,rt_fast_path,0.3831569920293987,0.4078730125911534,0.46065502101555467,16.725139052141458
1983,33.313412784948014,16.731370997149497,0.052379968110471964,0.014629040379077196,rt_fast_path,0.20674499683082104,0.23201998556032777,0.28683000709861517,16.72433305066079
1984,33.33014195394935,16.72916900133714,0.041139021050184965,0.012500968296080828,rt_fast_path,0.22093800362199545,0.24316099006682634,0.28667901642620564,16.723899054341018
1985,33.34687006397871,16.728110029362142,0.03417395055294037,0.010799034498631954,rt_fast_path,0.34532201243564487,0.36476500099524856,0.40054897544905543,16.724554006941617
1986,33.36359993298538,16.729869006667286,0.0456320121884346,0.012749049346894026,rt_fast_path,0.2179910079576075,0.24083600146695971,0.2885150024667382,16.724504006560892
1987,33.380328964965884,16.72903198050335,0.03482401371002197,0.011283962521702051,rt_fast_path,0.34597201738506556,0.36568002542480826,0.4020340275019407,16.738553997129202
1988,33.3970723740058,16.743409039918333,0.04263903247192502,0.012507021892815828,rt_fast_path,4.415524948853999,4.4382979976944625,4.483259981498122,17.45884894626215
1989,33.41454986197641,17.477487970609218,0.07746898336336017,0.01715001417323947,rt_fast_path,0.3394130035303533,0.3714040503837168,0.45670202234759927,16.882251016795635
1990,33.43144686095184,16.89699897542596,0.07707398617640138,0.014811987057328224,rt_fast_path,0.3298970405012369,0.3576799645088613,0.4405090003274381,16.798857017420232
1991,33.4482599219773,16.81306102545932,0.07657700916752219,0.014250981621444225,rt_fast_path,0.5190990050323308,0.5459919921122491,0.6283479742705822,16.80003001820296
1992,33.465074551000725,16.814629023429006,0.0860230065882206,0.013990036677569151,rt_fast_path,0.48315199092030525,0.5113109946250916,0.6030619842931628,16.878925962373614
1993,33.48196517396718,16.89062296645716,0.0739729730412364,0.01828698441386223,rt_fast_path,0.5349049461074173,0.5700860056094825,0.6484150071628392,16.72807801514864
1994,33.49870158499107,16.73641102388501,0.05472300108522177,0.014528981409966946,rt_fast_path,0.4828849923796952,0.5102249560877681,0.5678879679180682,16.729286988265812
1995,33.51543965598103,16.738070989958942,0.05287898238748312,0.014188000932335854,rt_fast_path,0.39688398828729987,0.4239819827489555,0.47978496877476573,16.874296008609235
1996,33.532322488958016,16.882832976989448,0.05631597014144063,0.013812037650495768,rt_fast_path,0.23367098765447736,0.25760504649952054,0.31701504485681653,16.803578997496516
1997,33.54913451598259,16.812027024570853,0.059138983488082886,0.015602039638906717,rt_fast_path,2.324316999875009,2.3532950435765088,2.4156200233846903,16.73388300696388
1998,33.56587600399507,16.741488012485206,0.05391804734244943,0.01450302079319954,rt_fast_path,0.4489250131882727,0.4767359932884574,0.5336320027709007,16.73645799746737
1999,33.58262047095923,16.744466964155436,0.053006981033831835,0.014212040696293116,rt_fast_path,0.45770202996209264,0.48492400674149394,0.5408430006355047,16.79410901851952
2000,33.599428958958015,16.808487998787314,0.0701950048096478,0.014188990462571383,rt_fast_path,0.3867089981213212,0.41415501618757844,0.49001903971657157,16.79616904584691
2001,33.616247197962366,16.8182390043512,0.04702899605035782,0.01310702646151185,rt_fast_path,0.3337449743412435,0.3567670355550945,0.4060820210725069,16.724408022128046
2002,33.632976734952535,16.729536990169436,0.03892299719154835,0.011636002454906702,rt_fast_path,0.20862597739323974,0.22930098930373788,0.2701070043258369,16.72338304342702
2003,33.64970518799964,16.728453047107905,0.03790203481912613,0.011130992788821459,rt_fast_path,0.3175909514538944,0.33781101228669286,0.3776579978875816,16.721338964998722
2004,33.666431961988565,16.726773988921195,0.044853019062429667,0.01208402682095766,rt_fast_path,0.31673902412876487,0.3387659671716392,0.3857109695672989,16.72661997145042
2005,33.683164483984,16.7325219954364,0.045945984311401844,0.014605990145355463,rt_fast_path,0.3425760078243911,0.36613503471016884,0.4141610115766525,16.876242007128894
2006,33.70005044899881,16.88596501480788,0.07458904292434454,0.019215978682041168,rt_fast_path,1.4870869927108288,1.5194339794106781,1.5978739829733968,16.727430978789926
2007,33.716783306968864,16.732857970055193,0.043920997995883226,0.012922973837703466,rt_fast_path,0.2129950444214046,0.23492402397096157,0.28097000904381275,16.722230007871985
2008,33.73351036000531,16.727053036447614,0.03976101288571954,0.011361029464751482,rt_fast_path,0.38782297633588314,0.407914980314672,0.4494409658946097,16.725377994589508
2009,33.75023938296363,16.72902295831591,0.03504200140014291,0.010719988495111465,rt_fast_path,0.22587296552956104,0.2450590254738927,0.28181402012705803,16.72023703576997
2010,33.76696517696837,16.725794004742056,0.043038977310061455,0.012497010175138712,rt_fast_path,0.18963799811899662,0.212009996175766,0.2568489871919155,16.724257031455636
2011,33.78369389800355,16.72872103517875,0.03496604040265083,0.0102460035122931,rt_fast_path,0.31488598324358463,0.33338897628709674,0.36990997614338994,16.72363094985485
2012,33.80042235698784,16.72845898428932,0.03394298255443573,0.01073500607162714,rt_fast_path,0.18361397087574005,0.20239100558683276,0.23798999609425664,16.71998598612845
2013,33.81714687199565,16.724515007808805,0.03289396408945322,0.010327028576284647,rt_fast_path,0.20997697720304132,0.22825505584478378,0.26264000916853547,16.722102009225637
2014,33.833873441966716,16.726569971069694,0.03468600334599614,0.010674004442989826,rt_fast_path,0.3912289976142347,0.41114899795502424,0.447263999376446,16.72313903691247
2015,33.85060116095701,16.727718990296125,0.031118979677557945,0.009936979040503502,rt_fast_path,0.2929099719040096,0.3107090014964342,0.3432320081628859,16.723872045986354
2016,33.867330616980325,16.729456023313105,0.04003598587587476,0.0119389733299613,rt_fast_path,0.3473820397630334,0.3684679977595806,0.41047699050977826,16.724273969884962
2017,33.88406132697128,16.730709990952164,0.04905404057353735,0.013947021216154099,rt_fast_path,0.22880500182509422,0.2522839931771159,0.3037360147573054,16.7314310092479
2018,33.90079983900068,16.738512029405683,0.04219898255541921,0.013341952580958605,rt_fast_path,0.1833760179579258,0.20621001021936536,0.25034695863723755,16.72338298521936
2019,33.91752651397837,16.72667497768998,0.03291998291388154,0.009447976481169462,rt_fast_path,1.7435000045225024,1.7605770262889564,1.7951520276255906,16.711968986783177
2020,33.9342412709957,16.71475701732561,0.030872004572302103,0.009477022103965282,rt_fast_path,0.21761702373623848,0.23504800628870726,0.2674009883776307,16.72109996434301
2021,33.950966825999785,16.725555004086345,0.039116013795137405,0.011465977877378464,rt_fast_path,0.1772139803506434,0.19749603234231472,0.23809500271454453,16.72659197356552
2022,33.967697546002455,16.73072000266984,0.041755964048206806,0.01131801400333643,rt_fast_path,0.22598798386752605,0.24699204368516803,0.2910449984483421,16.724467976018786
2023,33.98442604596494,16.7284999624826,0.043598993215709925,0.011861033271998167,rt_fast_path,0.7252439972944558,0.7463690126314759,0.7919530034996569,16.72489900374785
2024,34.00115491496399,16.728868999052793,0.04390801768749952,0.012228032574057579,rt_fast_path,2.03869299730286,2.0596740068867803,2.1057440317235887,16.72615099232644
2025,34.017884948989376,16.730034025385976,0.04319800063967705,0.011836003977805376,rt_fast_path,0.16973796300590038,0.19023299682885408,0.23552298080176115,16.67719299439341
2026,34.03456586797256,16.6809189831838,0.040920975152403116,0.011440017260611057,rt_fast_path,0.28902303893119097,0.3085630014538765,0.35146198933944106,16.722975007724017
2027,34.05129161995137,16.725751978810877,0.02839398803189397,0.008490984328091145,rt_fast_path,0.2588670467957854,0.2742519718594849,0.30388101004064083,16.719639010261744
2028,34.068014263000805,16.722643049433827,0.03320496762171388,0.009457988198846579,rt_fast_path,0.32038299832493067,0.33745303517207503,0.3722159890457988,16.723437001928687
2029,34.084741264989134,16.727001988328993,0.0400979770347476,0.011611031368374825,rt_fast_path,0.780750997364521,0.8009289740584791,0.8427549619227648,16.726077999919653
2030,34.10147317399969,16.73190901055932,0.0497029977850616,0.01403299393132329,rt_fast_path,1.716747006867081,1.74198200693354,1.7945279832929373,16.724256973247975
2031,34.11820158100454,16.728407004848123,0.044628046452999115,0.012534030247479677,rt_fast_path,2.058790996670723,2.080008969642222,2.1268659620545805,16.723520995583385
2032,34.134929154999554,16.72757399501279,0.04433299181982875,0.012197007890790701,rt_fast_path,1.5695429756306112,1.590788015164435,1.637269975617528,16.72627398511395
2033,34.15165995596908,16.73080096952617,0.043673033360391855,0.012402015272527933,rt_fast_path,1.4509889879263937,1.4725999790243804,1.518303994089365,16.87257899902761
2034,34.168539837002754,16.879881033673882,0.06057298742234707,0.015809957403689623,rt_fast_path,0.5240910104475915,0.553567020688206,0.6168939871713519,16.819725977256894
2035,34.18536686198786,16.8270249851048,0.05594699177891016,0.0158949987962842,rt_fast_path,0.5477009690366685,0.5773130105808377,0.6362079875543714,16.815181996207684
2036,34.20218915794976,16.822295961901546,0.06598298205062747,0.016206991858780384,rt_fast_path,0.6698709912598133,0.6995280273258686,0.7683440344408154,16.81738201295957
2037,34.21901340998011,16.824252030346543,0.05656597204506397,0.0156430178321898,rt_fast_path,0.5785049870610237,0.6079309969209135,0.6671419832855463,16.817804018501192
2038,34.23583859496284,16.825184982735664,0.056613003835082054,0.015569967217743397,rt_fast_path,0.3450359799899161,0.3742720000445843,0.43356703827157617,16.8167760130018
2039,34.252662548969965,16.823954007122666,0.05641498137265444,0.015342026017606258,rt_fast_path,0.5402520182542503,0.569335010368377,0.6285210256464779,16.861577983945608
2040,34.269531292957254,16.868743987288326,0.05988997872918844,0.01659203553572297,rt_fast_path,0.5945640150457621,0.6250559817999601,0.6875330000184476,16.818570031318814
2041,34.286356866999995,16.82557404274121,0.05620898446068168,0.015904020983725786,rt_fast_path,0.34277798840776086,0.3724420093931258,0.4315529949963093,16.817740979604423
2042,34.303183270967565,16.826403967570513,0.06763002602383494,0.017896003555506468,rt_fast_path,0.5671450053341687,0.599826977122575,0.6708150031045079,16.844186990056187
2043,34.32004515797598,16.861887008417398,0.07653696229681373,0.016895995941013098,rt_fast_path,0.37266104482114315,0.4042810178361833,0.48807699931785464,16.82380901183933
2044,34.33688298496418,16.837826988194138,0.08121802238747478,0.01450302079319954,rt_fast_path,0.35011605359613895,0.3779259859584272,0.4648829926736653,16.810693021398038
2045,34.35371017298894,16.827188024763018,0.08489197352901101,0.014507037121802568,rt_fast_path,0.3779159742407501,0.4052889999002218,0.49692997708916664,16.783625003881752
2046,34.370507766958326,16.79759396938607,0.0677530188113451,0.013399985618889332,rt_fast_path,0.49811601638793945,0.5241219769231975,0.5975270178169012,16.81976899271831
2047,34.38734487496549,16.837108007166535,0.07756700506433845,0.015277008060365915,rt_fast_path,0.5386199918575585,0.5668450030498207,0.6512490217573941,16.819746990222484
2048,34.40417934994912,16.834474983625114,0.09116699220612645,0.014032004401087761,rt_fast_path,0.42848195880651474,0.4554339684545994,0.5522120045498013,16.800238052383065
2049,34.42098688200349,16.807532054372132,0.056661025155335665,0.015177996829152107,rt_fast_path,0.7957830093801022,0.8235659915953875,0.8832369931042194,16.819841985125095
2050,34.437820447958075,16.83356595458463,0.09633001172915101,0.014405988622456789,rt_fast_path,0.4246389726176858,0.4519280046224594,0.553943042177707,16.772358037997037
2051,34.45459967997158,16.779232013504952,0.05025201244279742,0.013053999282419682,rt_fast_path,0.31241000397130847,0.3361189737915993,0.3889499930664897,16.853708017151803
2052,34.47146686096676,16.867180995177478,0.07291097426787019,0.015017983969300985,rt_fast_path,0.3032830427400768,0.3301459946669638,0.40858599822968245,16.84537302935496
2053,34.4883259999915,16.859139024745673,0.10143098188564181,0.014067976735532284,rt_fast_path,0.6630060379393399,0.6894380203448236,0.7968500140123069,16.727832960896194
2054,34.50506191898603,16.73591899452731,0.05747994873672724,0.015005993191152811,rt_fast_path,2.449329011142254,2.4768300354480743,2.537432999815792,16.81981998262927
2055,34.521895631973166,16.833712987136096,0.08632201934233308,0.015172990970313549,rt_fast_path,0.36099599674344063,0.38715300615876913,0.47919200733304024,16.726595000363886
2056,34.53862825699616,16.732625022996217,0.04938204074278474,0.013633049093186855,rt_fast_path,0.2662399783730507,0.2896069781854749,0.34161098301410675,17.015032004565
2057,34.5556499339873,17.021676991134882,0.05325599340721965,0.013826997019350529,rt_fast_path,0.2753870212472975,0.2993340021930635,0.35513099282979965,16.683803987689316
2058,34.5723408429767,16.690908989403397,0.05430902820080519,0.014200981240719557,rt_fast_path,0.48571202205494046,0.512343947775662,0.5694549763575196,16.73395500984043
2059,34.58908040798269,16.739565005991608,0.04760298179462552,0.012689037248492241,rt_fast_path,0.332060968503356,0.3541350015439093,0.4039399791508913,16.73006999772042
2060,34.60581546399044,16.735056007746607,0.04459702176973224,0.012422038707882166,rt_fast_path,0.23706897627562284,0.2590129734016955,0.3056789864785969,16.731059004087
2061,34.62255140498746,16.735940997023135,0.043552019633352757,0.012597010936588049,rt_fast_path,0.5319089978002012,0.5563949816860259,0.6020509754307568,16.693943995051086
2062,34.63925649598241,16.70509099494666,0.09106297511607409,0.012990029063075781,rt_fast_path,0.28799602296203375,0.310619012452662,0.40636700578033924,16.736337973270565
2063,34.6559975699638,16.74107398139313,0.046357978135347366,0.012546021025627851,rt_fast_path,0.24861295241862535,0.27053902158513665,0.3190580173395574,16.734101984184235
2064,34.67273659398779,16.739024023991078,0.04414300201460719,0.011957017704844475,rt_fast_path,0.4576250212267041,0.4791499814018607,0.5254549905657768,16.732409014366567
2065,34.689474057988264,16.737464000470936,0.046464032493531704,0.012275006156414747,rt_fast_path,0.24013902293518186,0.26192294899374247,0.31083496287465096,16.73459797166288
2066,34.70621492998907,16.74087200080976,0.05833699833601713,0.014302029740065336,rt_fast_path,0.23242400493472815,0.257337000221014,0.31849596416577697,16.73245197162032
2067,34.72295356797986,16.7386379907839,0.05341501673683524,0.013837008737027645,rt_fast_path,0.5206909845583141,0.5447019939310849,0.60049700550735,16.730621980968863
2068,34.73968928895192,16.735720972064883,0.04695903044193983,0.013049982953816652,rt_fast_path,0.3058970323763788,0.3288319567218423,0.3779580001719296,16.723647015169263
2069,34.75641835195711,16.729063005186617,0.04999700468033552,0.013113021850585938,rt_fast_path,0.275344995316118,0.29837002512067556,0.35082304384559393,16.730034025385976
2070,34.77315387700219,16.735525045078248,0.04741700831800699,0.0127580133266747,rt_fast_path,1.2355759972706437,1.2696280027739704,1.3193379854783416,16.862509946804494
2071,34.790032935969066,16.8790589668788,0.07848103996366262,0.016174977645277977,rt_fast_path,0.3119710017926991,0.3394509549252689,0.424804980866611,16.797405027318746
2072,34.80683761095861,16.804674989543855,0.055236974731087685,0.014632008969783783,rt_fast_path,0.41754799894988537,0.44563901610672474,0.5037860246375203,16.74054004251957
2073,34.82358577399282,16.74816303420812,0.05215097917243838,0.013361976016312838,rt_fast_path,0.5541520076803863,0.5807619891129434,0.6360209663398564,16.794841969385743
2074,34.840397880994715,16.812107001896948,0.08018699008971453,0.01580099342390895,rt_fast_path,0.735391047783196,0.7653820211999118,0.8530719787813723,16.821814002469182
2075,34.85724369395757,16.845812962856144,0.07896299939602613,0.01737597631290555,rt_fast_path,0.41926000267267227,0.4513030289672315,0.5377540364861488,16.828096995595843
2076,34.87408283195691,16.839137999340892,0.08081999840214849,0.02242805203422904,rt_fast_path,0.4284969763830304,0.4682110156863928,0.5544680170714855,16.83585299178958
2077,34.89094016997842,16.85733802150935,0.12932601384818554,0.027198984753340483,rt_fast_path,0.5994059611111879,0.6461010198108852,0.7858590106479824,16.740935971029103
2078,34.90769496397115,16.75479399273172,0.1407279632985592,0.033486983738839626,rt_fast_path,0.2946120221167803,0.34786300966516137,0.49721100367605686,16.73570100683719
2079,34.9244446340017,16.74967003054917,0.12399000115692616,0.03175699384883046,rt_fast_path,0.48463704297319055,0.5383500247262418,0.6698769866488874,16.895301989279687
2080,34.94135551195359,16.910877951886505,0.07839401951059699,0.016744015738368034,rt_fast_path,0.3717920044437051,0.40204101242125034,0.4868510295636952,16.845736012328416
2081,34.95821779494872,16.862282995134592,0.1005950034596026,0.01598702510818839,rt_fast_path,0.23602601140737534,0.2636419958434999,0.37114100996404886,16.799916047602892
2082,34.9750251279911,16.80733304237947,0.05438196239992976,0.014669029042124748,rt_fast_path,0.3908270155079663,0.4185840371064842,0.4758780123665929,16.80231001228094
2083,34.99183519295184,16.81006496073678,0.05625700578093529,0.01493195304647088,rt_fast_path,0.3676509950309992,0.3963040071539581,0.45558804413303733,16.817292023915797
2084,35.00866929098265,16.83409803081304,0.06816600216552615,0.013689044862985611,rt_fast_path,0.41452801087871194,0.4416120355017483,0.5167580093257129,16.833093017339706
2085,35.025519543967675,16.850252985022962,0.07389002712443471,0.015091034583747387,rt_fast_path,0.4111069720238447,0.44047500705346465,0.521509035024792,16.832304012496024
2086,35.04236582596786,16.846282000187784,0.10012101847678423,0.015166006051003933,rt_fast_path,0.3592550056055188,0.3880989970639348,0.4939759965054691,16.824196034576744
2087,35.059206411999185,16.840586031321436,0.08938100654631853,0.015230965800583363,rt_fast_path,0.41536299977451563,0.44407398672774434,0.5402159877121449,16.803992970380932
2088,35.07602686597966,16.82045398047194,0.09551597759127617,0.014738005120307207,rt_fast_path,0.39484002627432346,0.4233409999869764,0.5256109870970249,16.806933970656246
2089,35.092848246975336,16.821380995679647,0.10690896306186914,0.013771990779787302,rt_fast_path,0.3812070353887975,0.40873204125091434,0.5212770192883909,16.806660976726562
2090,35.10967257199809,16.824325022753328,0.08193397661671042,0.015579978935420513,rt_fast_path,0.3596940077841282,0.39063103031367064,0.47969300067052245,16.836071969009936
2091,35.126525789964944,16.853217966854572,0.07916102185845375,0.01582701224833727,rt_fast_path,0.40843698661774397,0.43906201608479023,0.5259180325083435,16.85094303684309
2092,35.14339378196746,16.867992002516985,0.07405399810522795,0.01566100399941206,rt_fast_path,0.45476097147911787,0.4843830247409642,0.5654030246660113,16.791113012004644
2093,35.16019345197128,16.79967000382021,0.06845901953056455,0.018690014258027077,rt_fast_path,0.34288299502804875,0.373051967471838,0.4445959930308163,16.730085015296936
2094,35.17692867096048,16.735218989197165,0.040342973079532385,0.01131498720496893,rt_fast_path,0.6891979719512165,0.7100380025804043,0.7520280196331441,16.726191039197147
2095,35.193659665004816,16.73099404433742,0.03524200292304158,0.010325980838388205,rt_fast_path,1.1994700180366635,1.2186520034447312,1.2557729496620595,16.72243495704606
2096,35.21038680197671,16.72713697189465,0.03254495095461607,0.009590992704033852,rt_fast_path,0.5777599872089922,0.5961680435575545,0.6300060194917023,16.725782013963908
2097,35.227117438975256,16.73063699854538,0.03368803299963474,0.009350012987852097,rt_fast_path,1.908618025481701,1.9264089642092586,1.961560978088528,16.726688016206026
2098,35.243848974991124,16.731536015868187,0.031194009352475405,0.009070965461432934,rt_fast_path,1.1393210152164102,1.1571079958230257,1.1898439843207598,16.72609499655664
2099,35.260580667993054,16.73169300192967,0.04035996971651912,0.011732045095413923,rt_fast_path,1.1046529980376363,1.1256529833190143,1.168179966043681,16.72676799353212
2100,35.27731167798629,16.731009993236512,0.03357499372214079,0.010144023690372705,rt_fast_path,0.5201150197535753,0.5385049735195935,0.5738409818150103,16.725705994758755
2101,35.29404136398807,16.729686001781374,0.030687020625919104,0.009477022103965282,rt_fast_path,0.8813159656710923,0.900025013834238,0.9319870150648057,16.721965977922082
2102,35.31076713796938,16.725773981306702,0.029754010029137135,0.00871502561494708,rt_fast_path,1.4359710039570928,1.4536689850501716,1.4849560102447867,16.722718020901084
2103,35.32749449199764,16.727354028262198,0.04587200237438083,0.01254095695912838,rt_fast_path,1.700643973890692,1.7235829727724195,1.7717249575071037,16.72254700679332
2104,35.344220487982966,16.725995985325426,0.03436999395489693,0.008803966920822859,rt_fast_path,1.251883979421109,1.2685400433838367,1.3043180224485695,17.26314699044451
2105,35.36148904700531,17.268559022340924,0.04008604446426034,0.011230004020035267,rt_fast_path,1.1305460357107222,1.1505740112625062,1.1926000006496906,16.726392961572856
2106,35.37821937398985,16.730326984543353,0.03359297988936305,0.010007002856582403,rt_fast_path,0.4361309693194926,0.4549059667624533,0.4900209605693817,16.724750981666148
2107,35.39494870597264,16.7293319827877,0.032216019462794065,0.00965996878221631,rt_fast_path,0.964250008109957,0.9822389692999423,1.0160719975829124,16.723718028515577
2108,35.41167644195957,16.727735986933112,0.029638991691172123,0.008484988939017057,rt_fast_path,0.27503998717293143,0.29157602693885565,0.3227040288038552,17.68743700813502
2109,35.429382406000514,17.70596404094249,0.10128098074346781,0.018871971406042576,rt_fast_path,0.4198409733362496,0.4536770284175873,0.5628759972751141,16.880653973203152
2110,35.4462775689899,16.895162989385426,0.08252897532656789,0.014483986888080835,rt_fast_path,0.40508899837732315,0.4329840303398669,0.5213120020925999,16.818942967802286
2111,35.463113018951844,16.835449961945415,0.07405097130686045,0.01519802026450634,rt_fast_path,0.3639219794422388,0.39315700996667147,0.4738770076073706,16.817466006614268
2112,35.47994844894856,16.83542999671772,0.10138796642422676,0.01535698538646102,rt_fast_path,0.42752502486109734,0.4570480086840689,0.565410009585321,16.85550605179742
2113,35.496821099950466,16.87265100190416,0.06537599256262183,0.016044010408222675,rt_fast_path,0.27421797858551145,0.3018270363099873,0.3740780521184206,16.808167041745037
2114,35.51364451396512,16.82341401465237,0.08057401282712817,0.015277008060365915,rt_fast_path,0.38846000097692013,0.4176059737801552,0.5042050033807755,16.840814030729234
2115,35.5305048719747,16.860358009580523,0.0743459677323699,0.017158046830445528,rt_fast_path,0.3852639929391444,0.4168060258962214,0.4993450129404664,16.908542020246387
2116,35.54743103700457,16.92616502987221,0.06825599120929837,0.014543009456247091,rt_fast_path,0.24117901921272278,0.26683404576033354,0.3421709989197552,16.79394399980083
2117,35.564247110974975,16.816073970403522,0.0939579913392663,0.016041973140090704,rt_fast_path,0.383817998226732,0.4141380195505917,0.5143110174685717,16.815602022688836
2118,35.58108011295553,16.833001980558038,0.07096398621797562,0.015488010831177235,rt_fast_path,0.33285905374214053,0.36238098982721567,0.44041802175343037,16.802555008325726
2119,35.5979002819513,16.820168995764107,0.0853950041346252,0.015204015653580427,rt_fast_path,0.41523698018863797,0.4443619982339442,0.5368300480768085,16.81532902875915
2120,35.61473210097756,16.831819026265293,0.07116398774087429,0.014883000403642654,rt_fast_path,0.43039501179009676,0.4587590228766203,0.5367500125430524,16.782391001470387
2121,35.631528778001666,16.7966770241037,0.06746803410351276,0.014001969248056412,rt_fast_path,0.35511498572304845,0.3821279969997704,0.4552979953587055,16.8524359469302
2122,35.64839592098724,16.8671429855749,0.0775499502196908,0.014815013855695724,rt_fast_path,0.4193499917164445,0.44770800741389394,0.5311499699018896,16.824465012177825
2123,35.66524455999024,16.848639003001153,0.07563800318166614,0.015026016626507044,rt_fast_path,0.3631110303103924,0.3920579911209643,0.4746419726870954,16.856578004080802
2124,35.68211530998815,16.870749997906387,0.06331404438242316,0.014694989658892155,rt_fast_path,0.47141098184511065,0.4980469821020961,0.5671679973602295,16.725568973924965
2125,35.69884490396362,16.72959397546947,0.04572101170197129,0.012625998351722956,rt_fast_path,1.0297090047970414,1.051725004799664,1.0992030147463083,16.7246549972333
2126,35.715574604982976,16.72970101935789,0.03484298940747976,0.010729010682553053,rt_fast_path,0.3183559747412801,0.33792597241699696,0.37427397910505533,16.724851971957833
2127,35.73230496997712,16.73036499414593,0.055004958994686604,0.015117053408175707,rt_fast_path,0.22172497119754553,0.24840200785547495,0.3058849833905697,16.708637005649507
2128,35.74901904998114,16.714080004021525,0.048414047341793776,0.014799006748944521,rt_fast_path,1.1740649933926761,1.1996179819107056,1.250169996637851,16.723676992114633
2129,35.76574887195602,16.729821974877268,0.057797005865722895,0.0172880245372653,rt_fast_path,1.498884055763483,1.5265879919752479,1.5875630197115242,16.727777023334056
2130,35.78248154098401,16.732669027987868,0.03584194928407669,0.010355026461184025,rt_fast_path,0.7296620169654489,0.7487080292776227,0.7865049992688,16.722949978429824
2131,35.799208443961106,16.72690297709778,0.033751013688743114,0.009701005183160305,rt_fast_path,1.1491429759189487,1.1672620312310755,1.2024370371364057,16.725522000342607
2132,35.815936998988036,16.728555026929826,0.029643008019775152,0.00845297472551465,rt_fast_path,0.40497799636796117,0.42076397221535444,0.4519319627434015,16.726184985600412
2133,35.83266615198227,16.72915299423039,0.028340029530227184,0.008749018888920546,rt_fast_path,1.7423820099793375,1.7586199683137238,1.7882129759527743,16.72678696922958
2134,35.849395689961966,16.72953797969967,0.030052033253014088,0.008744013030081987,rt_fast_path,0.9254229953512549,0.941864971537143,0.9732950129546225,16.72074501402676
2135,35.866119821963366,16.724132001399994,0.0385199673473835,0.011302996426820755,rt_fast_path,0.34143199445679784,0.3613550215959549,0.40147401159629226,16.72282599611208
2136,35.88284587097587,16.726049012504518,0.036748009733855724,0.010814983397722244,rt_fast_path,1.4223610050976276,1.4414339675568044,1.4798659831285477,16.722530010156333
2137,35.89957144996151,16.725578985642642,0.033171032555401325,0.010357995051890612,rt_fast_path,0.7371489773504436,0.7553469622507691,0.7899129996076226,16.75611804239452
2138,35.91633398196427,16.762532002758235,0.0564489746466279,0.014691031537950039,rt_fast_path,0.23209000937640667,0.2586470218375325,0.317906029522419,17.152098997030407
2139,35.933491781004705,17.15779904043302,0.042759987991303205,0.012047996278852224,rt_fast_path,0.6514639826491475,0.6726399878971279,0.7173959747888148,16.723882989026606
2140,35.95022026897641,16.728487971704453,0.0508539960719645,0.013470998965203762,rt_fast_path,0.4225440206937492,0.4456440219655633,0.49851799849420786,16.75109501229599
2141,35.96697664295789,16.756373981479555,0.054172996897250414,0.014504999853670597,rt_fast_path,0.24287000996991992,0.26782997883856297,0.3245699917897582,19.084738043602556
2142,35.986065468983725,19.08882602583617,0.03209098940715194,0.010002986527979374,rt_fast_path,0.5425220006145537,0.5610600346699357,0.5944200092926621,16.726154019124806
2143,36.00279497995507,16.729510971345007,0.029610004276037216,0.008667993824928999,rt_fast_path,0.5568560445681214,0.5733779980801046,0.6042310269549489,16.724146029446274
2144,36.01952225295827,16.727273003198206,0.026037974748760462,0.007606984581798315,rt_fast_path,0.3624910023063421,0.3777820384129882,0.40519703179597855,16.71286899363622
2145,36.036237747990526,16.71549503225833,0.02567499177530408,0.007399998139590025,rt_fast_path,0.19202899420633912,0.20673801191151142,0.23341499036177993,18.168023962061852
2146,36.05441114096902,18.17339297849685,0.03666803240776062,0.010758987627923489,rt_fast_path,1.1308810207992792,1.150185998994857,1.188785012345761,16.726568981539458
2147,36.07114057597937,16.729435010347515,0.02781202783808112,0.008373986929655075,rt_fast_path,0.2498030080460012,0.26574800722301006,0.29479002114385366,17.27397897047922
2148,36.088431034993846,17.290459014475346,0.07868197280913591,0.013672979548573494,rt_fast_path,0.6777090020477772,0.705007987562567,0.7902339566498995,16.807793988846242
2149,36.1052545660059,16.823531012050807,0.10454899165779352,0.014888006262481213,rt_fast_path,1.517517026513815,1.5454000094905496,1.656068954616785,16.807447944302112
2150,36.12207597796805,16.821411962155253,0.07876602467149496,0.014624034520238638,rt_fast_path,0.38186495658010244,0.4100889782421291,0.494565989356488,16.72983798198402
2151,36.138812885968946,16.73690800089389,0.05564000457525253,0.014599994756281376,rt_fast_path,0.40470901876688004,0.4319750005379319,0.4903200315311551,16.738136997446418
2152,36.155558881990146,16.74599602119997,0.05603500176221132,0.015229044947773218,rt_fast_path,0.3802370047196746,0.40878303116187453,0.46776101225987077,16.828096006065607
2153,36.172400621988345,16.841739998199046,0.0787480385042727,0.014617980923503637,rt_fast_path,0.43342600110918283,0.4609999596141279,0.5454499623738229,16.801752964966
2154,36.189210079959594,16.809457971248776,0.09255204349756241,0.015267985872924328,rt_fast_path,0.32338598975911736,0.3522720071487129,0.44748204527422786,16.834600013680756
2155,36.20605862699449,16.84854703489691,0.6386200548149645,0.015162979252636433,rt_fast_path,0.23081700783222914,0.2581839798949659,0.9024179889820516,16.80178800597787
2156,36.2228745239554,16.815896960906684,0.07791200187057257,0.013504002708941698,rt_fast_path,0.37063704803586006,0.3968279925175011,0.4803379997611046,17.11044803960249
2157,36.23999194096541,17.117417010013014,0.05415698979049921,0.014238001313060522,rt_fast_path,0.44896197505295277,0.47649501357227564,0.5333480075933039,17.037414014339447
2158,36.257035806949716,17.04386598430574,0.050528033170849085,0.013658951502293348,rt_fast_path,0.24774204939603806,0.27346296701580286,0.326798006426543,16.73377404222265
2159,36.27377556095598,16.739754006266594,0.04919304046779871,0.012670003343373537,rt_fast_path,0.2976660034619272,0.32025796826928854,0.3720310050994158,16.781881044153124
2160,36.290564410970546,16.78885001456365,0.05446502473205328,0.014727003872394562,rt_fast_path,0.2813980099745095,0.30819501262158155,0.3653530147857964,16.73340698471293
2161,36.30730569898151,16.741288010962307,0.0538729946129024,0.01423998037353158,rt_fast_path,0.29759103199467063,0.32329600071534514,0.3798999823629856,16.733574972022325
2162,36.32404576498084,16.74006599932909,0.0485109630972147,0.0129429972730577,rt_fast_path,0.2269549877382815,0.2502230345271528,0.30128401704132557,17.22880097804591
2163,36.34128345595673,17.237690975889564,0.06695504998788238,0.016659963876008987,rt_fast_path,0.2357059856876731,0.2655999851413071,0.3357970272190869,16.727759037166834
2164,36.358018442988396,16.734987031668425,0.05715998122468591,0.015252036973834038,rt_fast_path,0.2339300117455423,0.2594729885458946,0.31973497243598104,16.73428696813062
2165,36.37475961499149,16.741172003094107,0.09276298806071281,0.013443990610539913,rt_fast_path,0.27660198975354433,0.30049000633880496,0.39600400486961007,16.734563978388906
2166,36.39150156098185,16.741945990361273,0.05006894934922457,0.012917036656290293,rt_fast_path,0.2288619871251285,0.2516080276109278,0.3046549973078072,16.744595021009445
2167,36.408259789983276,16.758229001425207,0.09755697101354599,0.013575016055256128,rt_fast_path,0.2641869941726327,0.28829899383708835,0.39173796540126204,16.72519597923383
2168,36.424991274951026,16.731484967749566,0.04967098357155919,0.012876989785581827,rt_fast_path,0.2526469761505723,0.2757870242930949,0.3279130323790014,16.730311035644263
2169,36.44172883499414,16.737560043111444,0.04923902451992035,0.01285504549741745,rt_fast_path,0.18795597134158015,0.2107739564962685,0.2626279601827264,16.73091296106577
2170,36.45846715394873,16.738318954594433,0.050481001380831,0.013139040675014257,rt_fast_path,0.2591019729152322,0.2826869604177773,0.33597199944779277,16.734948032535613
2171,36.47520877898205,16.741625033318996,0.053328985814005136,0.013253011275082827,rt_fast_path,0.2519830013625324,0.2748660044744611,0.33081998117268085,16.745188971981406
2172,36.4919679989689,16.75921998685226,0.06935198325663805,0.013587996363639832,rt_fast_path,0.24735898477956653,0.2716410090215504,0.34681399120017886,16.735505021642894
2173,36.50871791300597,16.749914037063718,0.10050198761746287,0.014010991435498,rt_fast_path,0.30743604293093085,0.3328300081193447,0.43918099254369736,16.74944197293371
2174,36.5254808619502,16.762948944233358,0.06601103814318776,0.012799049727618694,rt_fast_path,0.21537794964388013,0.23899000370875,0.31041604233905673,16.79080299800262
2175,36.54227945196908,16.798590018879622,0.06368797039613128,0.016906997188925743,rt_fast_path,0.30760897789150476,0.3360820119269192,0.4029700066894293,16.747350979130715
2176,36.55904089397518,16.76144200609997,0.07032003486528993,0.014888995792716742,rt_fast_path,0.32150803599506617,0.34723500721156597,0.4231950151734054,16.750265029259026
2177,36.57580540794879,16.76451397361234,0.0657860073260963,0.013510987628251314,rt_fast_path,0.21137302974238992,0.2358970232307911,0.3073200350627303,16.72555203549564
2178,36.59253886999795,16.733462049160153,0.05079398397356272,0.013575016055256128,rt_fast_path,0.33712596632540226,0.36058900877833366,0.4141419776715338,16.72108197817579
2179,36.609273888985626,16.735018987674266,0.08303305367007852,0.013366981875151396,rt_fast_path,0.2623730106279254,0.28612499590963125,0.37459301529452205,16.74700598232448
2180,36.626034529996105,16.76064101047814,0.06747001316398382,0.01308100763708353,rt_fast_path,0.272615987341851,0.2960569690912962,0.36907795583829284,16.73489500535652
2181,36.64278304798063,16.74851798452437,0.07367401849478483,0.013801036402583122,rt_fast_path,0.2733139554038644,0.2970609930343926,0.37594500463455915,16.73359697451815
2182,36.65952937898692,16.74633100628853,0.0719900126568973,0.01314899418503046,rt_fast_path,0.21857203682884574,0.24174898862838745,0.31894497806206346,16.72266301466152
2183,36.67626447696239,16.735097975470126,0.08767098188400269,0.012809003237634897,rt_fast_path,0.30474603408947587,0.32775901490822434,0.4206690355204046,16.734054021071643
2184,36.69300498400116,16.74050703877583,0.049288966692984104,0.0128250103443861,rt_fast_path,0.25927601382136345,0.2825650153681636,0.33433997305110097,16.737782978452742
2185,36.709757139964495,16.75215596333146,0.08271995466202497,0.013437005691230297,rt_fast_path,0.23915403289720416,0.26379304472357035,0.35233102971687913,16.73329999903217
2186,36.726499510987196,16.742371022701263,0.07022102363407612,0.018317019566893578,rt_fast_path,0.2771620056591928,0.307852984406054,0.381760997697711,16.735076962504536
2187,36.743243035976775,16.743524989578873,0.06643094820901752,0.01736002741381526,rt_fast_path,0.30116300331428647,0.33014302607625723,0.40041899774223566,16.743218002375215
2188,36.759993415966164,16.75037998938933,0.05821598460897803,0.014532008208334446,rt_fast_path,0.2994079841300845,0.32568303868174553,0.38696202682331204,16.737745027057827
2189,36.776737795968074,16.74438000191003,0.0516479485668242,0.013414013665169477,rt_fast_path,0.29317400185391307,0.3174450248479843,0.37175300531089306,16.740948020014912
2190,36.79349249199731,16.754696029238403,0.08157099364325404,0.01394603168591857,rt_fast_path,0.3152610152028501,0.3394800005480647,0.4267210024408996,16.751797986216843
2191,36.81025793898152,16.76544698420912,0.08352100849151611,0.013290031347423792,rt_fast_path,0.23831799626350403,0.2625830238685012,0.3517050063237548,16.741557978093624
2192,36.827007107960526,16.749168979004025,0.05169998621568084,0.013823970220983028,rt_fast_path,0.24749600561335683,0.2716400194913149,0.32627303153276443,16.734219039790332
2193,36.843754957953934,16.747849993407726,0.08854403859004378,0.01365796197205782,rt_fast_path,0.27437397511675954,0.2983069862239063,0.39216503500938416,16.737458994612098
2194,36.8605058749672,16.750917013268918,0.06948999362066388,0.013124023098498583,rt_fast_path,0.2825680421665311,0.30594703275710344,0.38109603337943554,16.745081986300647
2195,36.877264440001454,16.75856503425166,0.10629103053361177,0.012882985174655914,rt_fast_path,0.26175298262387514,0.2880200045183301,0.39927999023348093,16.73524297075346
2196,36.894006062997505,16.741622996050864,0.0499740126542747,0.013403943739831448,rt_fast_path,0.30213198624551296,0.32631098292768,0.3789399634115398,16.732905991375446
2197,36.91074619599385,16.7401329963468,0.05444203270599246,0.013743992894887924,rt_fast_path,0.2639860031194985,0.29049499426037073,0.3479369916021824,16.755124961491674
2198,36.92751526396023,16.769067966379225,0.05923100979998708,0.013491022400557995,rt_fast_path,0.2557070110924542,0.2798810019157827,0.34461403265595436,16.73498103627935
2199,36.94426380400546,16.748540045227855,0.1090810401365161,0.01837196759879589,rt_fast_path,0.25029201060533524,0.2842069952748716,0.3988519893027842,16.738257952965796
2200,36.96101752697723,16.753722971770912,0.09700999362394214,0.017161015421152115,rt_fast_path,0.26723695918917656,0.29694498516619205,0.3999680047854781,16.73723600106314
2201,36.97776876896387,16.751241986639798,0.08568901102989912,0.014842022210359573,rt_fast_path,0.22864202037453651,0.25485700462013483,0.34595001488924026,16.733494005165994
2202,36.99451018800028,16.741419036407024,0.05157297709956765,0.01356296706944704,rt_fast_path,0.2701969933696091,0.294733967166394,0.3491529496386647,16.74471196020022
2203,37.01126902498072,16.758836980443448,0.09498995495960116,0.013651966582983732,rt_fast_path,0.3006539773195982,0.32484601251780987,0.4253879887983203,16.74050698056817
2204,37.0280229789787,16.753953997977078,0.07299700519070029,0.013260985724627972,rt_fast_path,0.30542199965566397,0.32914604526013136,0.4077110206708312,16.738464997615665
2205,37.044776289956644,16.753310977946967,0.07218495011329651,0.013594981282949448,rt_fast_path,0.24554500123485923,0.2702760393731296,0.3483390319161117,16.739563026931137
2206,37.061532222956885,16.755933000240475,0.07622299017384648,0.015420024283230305,rt_fast_path,0.27246196987107396,0.29830302810296416,0.3813530202023685,16.72110502840951
2207,37.078266980999615,16.73475804273039,0.072605034802109,0.013587006833404303,rt_fast_path,0.2433030167594552,0.2674519782885909,0.34506397787481546,16.738459991756827
2208,37.095012443955056,16.745462955441326,0.04997599171474576,0.013120996300131083,rt_fast_path,0.2713979920372367,0.2950439811684191,0.34759502159431577,16.74084202386439
2209,37.11176828795578,16.75584400072694,0.08019804954528809,0.014500983525067568,rt_fast_path,0.25679601822048426,0.2833149628713727,0.3694010083563626,16.76126301754266
2210,37.12854347995017,16.77519199438393,0.07881602505221963,0.014688004739582539,rt_fast_path,0.29029801953583956,0.31588796991854906,0.4005960072390735,16.723756038118154
2211,37.14528163999785,16.73816004768014,0.08479302050545812,0.014048011507838964,rt_fast_path,0.2551139914430678,0.279792002402246,0.3701759851537645,16.744730004575104
2212,37.16204147296958,16.759832971729338,0.08056400110945106,0.01761299790814519,rt_fast_path,0.2805860131047666,0.31068798853084445,0.39719900814816356,16.754659998696297
2213,37.17881038796622,16.768914996646345,0.06165599916130304,0.014218967407941818,rt_fast_path,0.26645499747246504,0.29146502492949367,0.3591080312617123,16.734894015826285
2214,37.195559019979555,16.7486320133321,0.08737901225686073,0.013353012036532164,rt_fast_path,0.3057770081795752,0.3292910405434668,0.42233802378177643,16.68594899820164
2215,37.212257668958046,16.698648978490382,0.0861859880387783,0.012655975297093391,rt_fast_path,0.22510898998007178,0.24818198289722204,0.33977499697357416,16.735238023102283
2216,37.229005553002935,16.74788404488936,0.07038400508463383,0.012719014193862677,rt_fast_path,0.23780600167810917,0.26056799106299877,0.3361809649504721,16.759826976340264
2217,37.24577905796468,16.773504961747676,0.06438000127673149,0.014704011846333742,rt_fast_path,0.23643503664061427,0.2619779552333057,0.33211399568244815,16.739406040869653
2218,37.262531850952655,16.752792987972498,0.06589305121451616,0.013260054402053356,rt_fast_path,0.2792719751596451,0.3032849635928869,0.3746930160559714,16.720301005989313
2219,37.27926654095063,16.734689997974783,0.07230800110846758,0.01410802360624075,rt_fast_path,0.25718199322000146,0.28202199609950185,0.35987701267004013,16.735802055336535
2220,37.29601591400569,16.749373055063188,0.06883998867124319,0.012831005733460188,rt_fast_path,0.3350839833728969,0.35811500856652856,0.4324709880165756,16.74008899135515
2221,37.312763203983195,16.747289977502078,0.05128601333126426,0.013293989468365908,rt_fast_path,0.29146199813112617,0.3163639921694994,0.3705869894474745,16.735472017899156
2222,37.32951207499718,16.74887101398781,0.07290398934856057,0.013528973795473576,rt_fast_path,0.24591496912762523,0.2700969926081598,0.348393979948014,16.734856995753944
2223,37.34625971398782,16.747638990636915,0.09001599391922355,0.013267970643937588,rt_fast_path,0.2731140120886266,0.29661698499694467,0.39190397365018725,16.750984999816865
2224,37.36302622396033,16.766509972512722,0.08228200022131205,0.018063990864902735,rt_fast_path,0.4560339730232954,0.49388199113309383,0.5825060070492327,16.724804998375475
2225,37.37975619395729,16.72996999695897,0.05093205254524946,0.0147029641084373,rt_fast_path,0.21228898549452424,0.23735396098345518,0.2906660083681345,17.171651008538902
2226,37.39693297899794,17.17678504064679,0.034254975616931915,0.010462012141942978,rt_fast_path,1.0199229582212865,1.039660011883825,1.0755879920907319,16.727456997614354
2227,37.41366515494883,16.73217595089227,0.03416696563363075,0.009506999049335718,rt_fast_path,0.2079260302707553,0.2262220368720591,0.262086046859622,18.70224002050236
2228,37.43237171298824,18.706558039411902,0.03670499427244067,0.011055963113904,rt_fast_path,0.852003984618932,0.8758549811318517,0.9142159833572805,16.73679699888453
2229,37.44911434099777,16.742628009524196,0.05815800977870822,0.015749013982713223,rt_fast_path,0.202335009817034,0.22820394951850176,0.2890699543058872,16.733455995563418
2230,37.46585313195828,16.73879096051678,0.04855898441746831,0.012831005733460188,rt_fast_path,0.2368440036661923,0.2595200203359127,0.31039502937346697,16.72977802809328
2231,37.482592966000084,16.73983404180035,0.07391296094283462,0.013431999832391739,rt_fast_path,0.23813301231712103,0.2610590308904648,0.34025899367406964,16.744959983043373
2232,37.49934789899271,16.75493299262598,0.06785697769373655,0.013042998034507036,rt_fast_path,0.259127002209425,0.28206297429278493,0.3547559608705342,16.813296009786427
2233,37.51617554895347,16.827649960760027,0.06847799522802234,0.014599994756281376,rt_fast_path,0.24793599732220173,0.2734159934334457,0.3478070138953626,16.78492402425036
2234,37.53297034697607,16.794798022601753,0.06826099706813693,0.012843986041843891,rt_fast_path,0.22519601043313742,0.2480880357325077,0.32087002182379365,16.739886021241546
2235,37.549715310975444,16.744963999371976,0.04815997090190649,0.013012031558901072,rt_fast_path,0.3171900170855224,0.3428810159675777,0.3933460102416575,16.734478995203972
2236,37.566460490983445,16.745180008001626,0.0855610123835504,0.014742021448910236,rt_fast_path,0.2677540178410709,0.2935159718617797,0.3840689896605909,17.252275021746755
2237,37.583718106965534,17.25761598208919,0.05969300400465727,0.015982019249349833,rt_fast_path,0.9929739753715694,1.0202639969065785,1.082925999071449,16.72640099423006
2238,37.60044886596734,16.730759001802653,0.04814501153305173,0.012973032426089048,rt_fast_path,1.998519990593195,2.0214440301060677,2.071953029371798,16.724251036066562
2239,37.61717712000245,16.728254035115242,0.04401896148920059,0.014173041563481092,rt_fast_path,1.1907709995284677,1.2175330193713307,1.2635159655474126,16.89631794579327
2240,37.634081260999665,16.90414099721238,0.05664699710905552,0.014074030332267284,rt_fast_path,0.22276898380368948,0.24741300148889422,0.30711799627169967,16.728909977246076
2241,37.6508174839546,16.7362229549326,0.05266297375783324,0.014151970390230417,rt_fast_path,0.26214501122012734,0.286741997115314,0.342226994689554,16.743529005907476
2242,37.66756829095539,16.75080700078979,0.05194003460928798,0.013837998267263174,rt_fast_path,0.44538796646520495,0.47232600627467036,0.5270570400170982,16.828039020765573
2243,37.68443224299699,16.863952041603625,0.05431595491245389,0.014090968761593103,rt_fast_path,0.6421430152840912,0.6694230251014233,0.7269579800777137,16.805780993308872
2244,37.70124551799381,16.813274996820837,0.05617499118670821,0.014986027963459492,rt_fast_path,0.3986349911428988,0.4275210085324943,0.4866059753112495,16.896757995709777
2245,37.71815036400221,16.904846008401364,0.054656993597745895,0.01456699101254344,rt_fast_path,0.578376988414675,0.6101030157878995,0.6679130019620061,17.14759599417448
2246,37.73530503397342,17.154669971205294,0.05164497997611761,0.013215991202741861,rt_fast_path,2.8829770162701607,2.9068519943393767,2.961347985547036,16.73586101969704
2247,37.75204810098512,16.743067011702806,0.05248200614005327,0.014177989214658737,rt_fast_path,0.2811499871313572,0.3082859911955893,0.36361097590997815,16.738527978304774
2248,37.76879455597373,16.746454988606274,0.05951797356829047,0.015756988432258368,rt_fast_path,0.40567299583926797,0.43542502680793405,0.4981880192644894,16.73703402047977
2249,37.785538997966796,16.744441993068904,0.05483301356434822,0.013936019968241453,rt_fast_path,0.37717202212661505,0.40444894693791866,0.46235998161137104,16.76164398668334
2250,37.802307887992356,16.768890025559813,0.05172600504010916,0.013622979167848825,rt_fast_path,0.4279009881429374,0.45453099301084876,0.5090069607831538,16.867998987436295
2251,37.81918393197702,16.876043984666467,0.0556869781576097,0.014021003153175116,rt_fast_path,0.23744598729535937,0.2623290056362748,0.3208679845556617,16.923793009482324
2252,37.836120631953236,16.936699976213276,0.051969022024422884,0.01375196734443307,rt_fast_path,0.23644499015063047,0.26136497035622597,0.31619600486010313,16.74125000135973
2253,37.8528689169907,16.748285037465394,0.051249051466584206,0.013498007319867611,rt_fast_path,0.23237202549353242,0.2565929898992181,0.31059200409799814,16.736549965571612
2254,37.869612795999274,16.74387900857255,0.052458024583756924,0.013699987903237343,rt_fast_path,0.2586909686215222,0.28272601775825024,0.3380069974809885,16.800593002699316
2255,37.88643235695781,16.819560958538204,0.05520501872524619,0.014120014384388924,rt_fast_path,0.2682160120457411,0.2942179562523961,0.35260600270703435,16.834976035170257
2256,37.903276290977374,16.843934019561857,0.1179919927380979,0.015879981219768524,rt_fast_path,0.26897696079686284,0.29660604195669293,0.4176410147920251,16.963688016403466
2257,37.9202506080037,16.97431702632457,0.08234003325924277,0.01958198845386505,rt_fast_path,3.337909991387278,3.3744219690561295,3.461724962107837,16.73616998596117
2258,37.93700096895918,16.75036095548421,0.12141303159296513,0.031356990803033113,rt_fast_path,0.28751802165061235,0.3386609605513513,0.46726700384169817,16.747310000937432
2259,37.953761962999124,16.76099403994158,0.11750997509807348,0.029656977858394384,rt_fast_path,0.757398025598377,0.8059460087679327,0.930360984057188,16.771909955423325
2260,37.9705744079547,16.81244495557621,0.145315018016845,0.034608005080372095,rt_fast_path,0.7067559636197984,0.764606986194849,0.9283220279030502,16.83617301750928
2261,37.987447052961215,16.872645006515086,0.1009589759632945,0.02409704029560089,rt_fast_path,0.40986400563269854,0.4506969708018005,0.567579991184175,16.795078990980983
2262,38.00424964498961,16.802592028398067,0.12314599007368088,0.014955003280192614,rt_fast_path,0.35085901618003845,0.3792200004681945,0.5052729975432158,16.83564396807924
2263,38.021117462951224,16.867817961610854,0.052870018407702446,0.014000979717820883,rt_fast_path,0.43092702981084585,0.4580299719236791,0.5144670139998198,16.860386007465422
2264,38.03800950397272,16.892041021492332,0.0522949849255383,0.013802025932818651,rt_fast_path,0.3676610067486763,0.39442803245037794,0.44972001342102885,16.76792901707813
2265,38.05481185298413,16.802349011413753,0.06468896754086018,0.013767043128609657,rt_fast_path,0.3603090299293399,0.38725603371858597,0.4665220039896667,16.738104983232915
2266,38.07155747100478,16.74561802065,0.05644198972731829,0.014799006748944521,rt_fast_path,0.4375210264697671,0.46571303391829133,0.525355979334563,16.901029972359538
2267,38.08846633398207,16.908862977288663,0.05977903492748737,0.015483004972338676,rt_fast_path,0.4412870039232075,0.4706949694082141,0.5336289759725332,16.801554011180997
2268,38.1052772779949,16.810944012831897,0.06337900413200259,0.016250007320195436,rt_fast_path,0.3982040216214955,0.43168204138055444,0.4984780098311603,16.80300699081272
2269,38.12208818999352,16.810911998618394,0.05604804027825594,0.014899007510393858,rt_fast_path,0.21644897060468793,0.2424099948257208,0.30147499637678266,16.735217010136694
2270,38.13883082795655,16.742637963034213,0.05452596815302968,0.014347024261951447,rt_fast_path,0.22829801309853792,0.2536280080676079,0.3113240236416459,16.731061041355133
2271,38.155569592956454,16.738764999900013,0.05490600597113371,0.014575023669749498,rt_fast_path,0.3935439744964242,0.42155798291787505,0.4793090047314763,16.74181199632585
2272,38.17231944500236,16.749852045904845,0.13131496962159872,0.015394005458801985,rt_fast_path,0.35840499913319945,0.3874290268868208,0.5216759745962918,16.86018699547276
2273,38.18918779597152,16.86835096916184,0.06366398883983493,0.016555015463382006,rt_fast_path,0.34028105437755585,0.3706029965542257,0.4372249823063612,16.73526398371905
2274,38.2059309729957,16.743177024181932,0.05923100979998708,0.01523597165942192,rt_fast_path,0.2281439956277609,0.25479297619313,0.3170119598507881,16.72829600283876
2275,38.22266649699304,16.73552399734035,0.05140301072970033,0.013353012036532164,rt_fast_path,0.3998689935542643,0.4260319983586669,0.48019096720963717,16.771173977758735
2276,38.239477283961605,16.810786968562752,0.05629099905490875,0.013963028322905302,rt_fast_path,0.3193760057911277,0.3465409972704947,0.40635402547195554,16.805235005449504
2277,38.25631681300001,16.83952903840691,0.09648199193179607,0.01489301212131977,rt_fast_path,0.2574859536252916,0.2831839956343174,0.3973339917138219,16.83356298599392
2278,38.273180571966805,16.863758966792375,0.055263983085751534,0.014315999578684568,rt_fast_path,0.43102895142510533,0.4585040151141584,0.5169450305402279,16.832564026117325
2279,38.290020996995736,16.84042502893135,0.05689903628081083,0.015099998563528061,rt_fast_path,0.4218269605189562,0.45138096902519464,0.5114589584991336,16.73212298192084
2280,38.30676062195562,16.73962495988235,0.051798997446894646,0.01377798616886139,rt_fast_path,0.4114349721930921,0.438104965724051,0.49269699957221746,16.747482994105667
2281,38.32351587200537,16.755250049754977,0.05551002686843276,0.015054014511406422,rt_fast_path,0.31190301524475217,0.3392089856788516,0.39776996709406376,16.850813990458846
2282,38.34039418696193,16.878314956557006,0.052753021009266376,0.013863027561455965,rt_fast_path,0.36478100810199976,0.3920299932360649,0.447675003670156,16.903661016840488
2283,38.35731281299377,16.918626031838357,0.052919029258191586,0.013496028259396553,rt_fast_path,0.41775399586185813,0.4439830081537366,0.4997079959139228,16.79995097219944
2284,38.37412079895148,16.807985957711935,0.05579204298555851,0.014158955309540033,rt_fast_path,0.3979139728471637,0.4252539947628975,0.48409804003313184,16.73512504203245
2285,38.390863901993725,16.74310304224491,0.06295298226177692,0.017156009562313557,rt_fast_path,0.4278490087017417,0.457910995464772,0.5241819890215993,16.735905956011266
2286,38.40760802599834,16.744124004617333,0.054751988500356674,0.014384975656867027,rt_fast_path,0.26330898981541395,0.28833100805059075,0.3461369778960943,16.75690000411123
2287,38.42437246697955,16.764440981205553,0.05516503006219864,0.014499993994832039,rt_fast_path,0.37812197115272284,0.4058979684486985,0.46398898120969534,16.862716991454363
2288,38.44124302995624,16.870562976691872,0.13320898870006204,0.014970020856708288,rt_fast_path,0.39530498906970024,0.42359501821920276,0.5598220159299672,16.73480699537322
2289,38.45798552496126,16.74249500501901,0.052660994697362185,0.014129967894405127,rt_fast_path,0.35566999576985836,0.38129999302327633,0.43682102113962173,16.863328986801207
2290,38.474856222979724,16.87069801846519,0.051611976232379675,0.013304001186043024,rt_fast_path,0.8591950172558427,0.8842910174280405,0.9387150057591498,16.822660982143134
2291,38.49168610997731,16.829886997584254,0.05403102841228247,0.014438992366194725,rt_fast_path,0.3643519594334066,0.3922059549950063,0.4487779806368053,16.966599971055984
2292,38.508660751977004,16.97464199969545,0.051265989895910025,0.013787008356302977,rt_fast_path,0.26104802964255214,0.2849749871529639,0.33876998350024223,17.28119602194056
2293,38.52594852499897,17.287773021962494,0.05208799848333001,0.013635959476232529,rt_fast_path,0.33646903466433287,0.3630860010161996,0.4177590017206967,16.7262899922207
2294,38.54267972998787,16.731204988900572,0.048632966354489326,0.012906966730952263,rt_fast_path,0.20835199393332005,0.23095100186765194,0.28191396268084645,16.8570940149948
2295,38.559543294948526,16.86356496065855,0.05095195956528187,0.013279030099511147,rt_fast_path,0.2563960151746869,0.2795180189423263,0.3330340259708464,16.701635031495243
2296,38.57625120395096,16.707909002434462,0.051108014304190874,0.01357001019641757,rt_fast_path,0.29668904608115554,0.3206860274076462,0.3744960413314402,16.735259036067873
2297,38.59299298498081,16.741781029850245,0.05197100108489394,0.013925018720328808,rt_fast_path,0.25451299734413624,0.2786599798128009,0.33320399234071374,16.726878995541483
2298,38.609726548951585,16.733563970774412,0.05283800419420004,0.013392011169344187,rt_fast_path,0.22009003441780806,0.24377700174227357,0.29938400257378817,16.72734704334289
2299,38.62645881000208,16.732261050492525,0.048806017730385065,0.013230019249022007,rt_fast_path,0.19584200344979763,0.21899398416280746,0.2702059573493898,16.756874974817038
2300,38.643267530947924,16.80872094584629,0.049612950533628464,0.013186014257371426,rt_fast_path,0.24308101274073124,0.2662820043042302,0.3185470122843981,16.733946045860648
2301,38.66000636195531,16.73883100738749,0.049205031245946884,0.013140030205249786,rt_fast_path,0.21125999046489596,0.23407797561958432,0.285696005448699,16.732456046156585
2302,38.6767447849852,16.738423029892147,0.04993402399122715,0.013454991858452559,rt_fast_path,0.217722961679101,0.24117296561598778,0.29365497175604105,16.73434197437018
2303,38.69348506699316,16.74028200795874,0.051265989895910025,0.014041957911103964,rt_fast_path,0.24865701561793685,0.273253011982888,0.32713700784370303,16.735146986320615
2304,38.71022620698204,16.741139988880605,0.0918600126169622,0.01305498881265521,rt_fast_path,0.22142694797366858,0.24430599296465516,0.35281601594761014,16.74441300565377
2305,38.72699889395153,16.77268696948886,0.07424195064231753,0.013626995496451855,rt_fast_path,0.23179600248113275,0.25558401830494404,0.34214701736345887,16.947685042396188
2306,38.74395456799539,16.95567404385656,0.07362000178545713,0.018603983335196972,rt_fast_path,0.24764100089669228,0.2791639999486506,0.35730795934796333,16.736896999645978
2307,38.76069795398507,16.74338598968461,0.055867014452815056,0.014407967682927847,rt_fast_path,0.27062802109867334,0.29566301964223385,0.35453500458970666,16.736558987759054
2308,38.7774392409483,16.74128696322441,0.04784995689988136,0.013142998795956373,rt_fast_path,0.2366399858146906,0.2594600082375109,0.3095510182902217,16.73737302189693
2309,38.79418334498769,16.74410403938964,0.0545009970664978,0.014425022527575493,rt_fast_path,0.24103099713101983,0.26632403023540974,0.3238010103814304,16.758379992097616
2310,38.810994853964075,16.811508976388723,0.06829301128163934,0.013768963981419802,rt_fast_path,0.2940809936262667,0.31785800820216537,0.41104102274402976,16.755177988670766
2311,38.827781626954675,16.786772990599275,0.05183299072086811,0.013598008081316948,rt_fast_path,0.23904198314994574,0.26332499692216516,0.3224330139346421,16.746948997024447
2312,38.844535716983955,16.754090029280633,0.05164800677448511,0.013725017197430134,rt_fast_path,0.2792470040731132,0.3028719802387059,0.35737897269427776,16.72507799230516
2313,38.86129126197193,16.755544987972826,0.05743402289226651,0.013053009752184153,rt_fast_path,0.2528950572013855,0.2757589682005346,0.34465797943994403,16.734588018152863
2314,38.87803207099205,16.74080902012065,0.05133898230269551,0.013743992894887924,rt_fast_path,0.2389389555901289,0.2630689996294677,0.31714298529550433,16.733084979932755
2315,38.89477268297924,16.74061198718846,0.05281099583953619,0.013914017472416162,rt_fast_path,0.24512503296136856,0.26956701185554266,0.32513501355424523,16.74510899465531
2316,38.911550163000356,16.777480021119118,0.09518000297248363,0.014716992154717445,rt_fast_path,0.21438900148496032,0.24059700081124902,0.3488239599391818,16.708847950212657
2317,38.928292181983124,16.74201898276806,0.07008900865912437,0.013383978512138128,rt_fast_path,0.256175990216434,0.27979101287201047,0.3634680178947747,16.773578012362123
2318,38.945072249975055,16.78006799193099,0.05255796713754535,0.013877986930310726,rt_fast_path,0.22652401821687818,0.2507430035620928,0.30580698512494564,16.761548991780728
2319,38.96186496899463,16.792719019576907,0.05301699275150895,0.013223034329712391,rt_fast_path,0.29727304354310036,0.32078404910862446,0.38647500332444906,16.733578988350928
2320,38.978605454962235,16.74048596760258,0.05194696132093668,0.013330020010471344,rt_fast_path,0.22616202477365732,0.24964503245428205,0.3043360193260014,16.77970599848777
2321,38.99539456097409,16.789106011856347,0.06919301813468337,0.018315971828997135,rt_fast_path,0.3854550304822624,0.4182920092716813,0.49108400708064437,16.745297994930297
2322,39.01217285898747,16.778298013377935,0.0880159786902368,0.014752033166587353,rt_fast_path,0.2409309963695705,0.26622001314535737,0.3677789936773479,16.731453011743724
2323,39.02891115198145,16.738292993977666,0.052916991990059614,0.013520009815692902,rt_fast_path,0.32875098986551166,0.35245902836322784,0.40807301411405206,16.737307014409453
2324,39.04565545596415,16.744303982704878,0.05212996620684862,0.013980024959892035,rt_fast_path,0.22998801432549953,0.25402300525456667,0.30911999056115746,16.771179041825235
2325,39.06245141895488,16.795962990727276,0.05182402674108744,0.013567041605710983,rt_fast_path,0.2717749448493123,0.29572000494226813,0.35034603206440806,16.7346770176664
2326,39.0791928319959,16.74141304101795,0.11175998952239752,0.013813958503305912,rt_fast_path,0.35354902502149343,0.3777850070036948,0.49219897482544184,16.734211996663362
2327,39.0959335709922,16.74073899630457,0.05074799992144108,0.013168028090149164,rt_fast_path,0.28937298338860273,0.3127900417894125,0.3661650116555393,16.733713971916586
2328,39.1126743889763,16.74081798410043,0.052687013521790504,0.013474025763571262,rt_fast_path,0.2440580283291638,0.26779097970575094,0.3232180024497211,16.748510010074824
2329,39.129456768976524,16.782380000222474,0.06478099385276437,0.013285025488585234,rt_fast_path,0.24740200024098158,0.27099199360236526,0.3501059836708009,16.743578016757965
2330,39.146255242987536,16.79847401101142,0.10324700269848108,0.014694000128656626,rt_fast_path,0.22626703139394522,0.2519299741834402,0.3679919755086303,16.751270974054933
2331,39.163039306004066,16.784063016530126,0.05271198460832238,0.013251963537186384,rt_fast_path,0.24927902268245816,0.27310202131047845,0.3345129662193358,16.75529999192804
2332,39.17982775095152,16.788444947451353,0.05093298386782408,0.013112032320350409,rt_fast_path,0.26011798763647676,0.28365099569782615,0.3420080174691975,17.167020007036626
2333,39.197002423985396,17.174673033878207,0.06682297680526972,0.017000013031065464,rt_fast_path,0.3005040343850851,0.3298480296507478,0.4002450150437653,16.758635989390314
2334,39.21376926795347,16.766843968071043,0.057348981499671936,0.014691962860524654,rt_fast_path,0.26452698512002826,0.29050203738734126,0.3511950490064919,16.74928900320083
2335,39.23055071098497,16.78144303150475,0.061676022596657276,0.014335964806377888,rt_fast_path,0.23077998775988817,0.25574397295713425,0.33121497835963964,16.718689003027976
2336,39.24730283295503,16.752121970057487,0.06261595990508795,0.014516990631818771,rt_fast_path,0.2699030446819961,0.29497803188860416,0.37103804061189294,16.73547801328823
2337,39.26404493395239,16.742100997362286,0.05197001155465841,0.013397017028182745,rt_fast_path,0.25143998209387064,0.27483596932142973,0.3293650224804878,16.757465025875717
2338,39.280835566984024,16.79063303163275,0.05079101538285613,0.013730023056268692,rt_fast_path,0.26261404855176806,0.2859120140783489,0.34540501656010747,16.764060012064874
2339,39.297634482965805,16.798915981780738,0.07334898691624403,0.013529963325709105,rt_fast_path,0.2693640417419374,0.29321201145648956,0.3810630296356976,16.76359202247113
2340,39.31443277798826,16.798295022454113,0.05647598300129175,0.014302029740065336,rt_fast_path,0.29837305191904306,0.32440200448036194,0.3853579983115196,16.76584198139608
2341,39.33122730598552,16.794527997262776,0.05183200119063258,0.013537995982915163,rt_fast_path,0.35264098551124334,0.37656701169908047,0.4332329845055938,16.733366006519645
2342,39.34796770499088,16.740399005357176,0.051727984100580215,0.013700977433472872,rt_fast_path,0.258531013969332,0.2831009915098548,0.3374909865669906,16.756345983594656
2343,39.36475652497029,16.78881997941062,0.0833770027384162,0.013608019798994064,rt_fast_path,0.24023797595873475,0.26438699569553137,0.360954029019922,16.750801994930953
2344,39.38153973995941,16.783214989118278,0.053051975555717945,0.0132619752548635,rt_fast_path,0.27657998725771904,0.3003390156663954,0.3670770092867315,17.59985799435526
2345,39.3991477759555,17.60803599609062,0.060560996644198895,0.01907802652567625,rt_fast_path,1.0649359901435673,1.0957510094158351,1.1594060342758894,16.75250503467396
2346,39.415932990959845,16.785215004347265,0.10894902516156435,0.01494301250204444,rt_fast_path,0.25650300085544586,0.28290197951719165,0.40536600863561034,16.73285901779309
2347,39.43267331097741,16.740320017561316,0.05253800190985203,0.013794982805848122,rt_fast_path,0.2543930313549936,0.27849600883200765,0.3336620284244418,16.733711992856115
2348,39.44941358995857,16.740278981160372,0.052540039177984,0.0138290342874825,rt_fast_path,0.2505399752408266,0.2746529644355178,0.32976700458675623,16.734648030251265
2349,39.46615477395244,16.741183993872255,0.05043798591941595,0.012953998520970345,rt_fast_path,0.24207396199926734,0.26540696853771806,0.31854299595579505,16.73525699879974
2350,39.482896853995044,16.742080042604357,0.05058303941041231,0.013155047781765461,rt_fast_path,0.2421200042590499,0.2657559816725552,0.31902798218652606,16.733806987758726
2351,39.49963758594822,16.7407319531776,0.05174300167709589,0.013633049093186855,rt_fast_path,0.27428101748228073,0.29787298990413547,0.35229604691267014,16.753730014897883
2352,39.51642450096551,16.786915017291903,0.06637198384851217,0.014466990251094103,rt_fast_path,0.2587860217317939,0.2845650305971503,0.3642180236056447,16.736561025027186
2353,39.53316710697254,16.74260600702837,0.10986003326252103,0.5386679549701512,fk_safe,0.1831370173022151,0.7325200131163001,0.8448060252703726,16.733095981180668
2354,39.54990637296578,16.739265993237495,0.04841899499297142,0.5011240136809647,fk_safe,0.19802601309493184,0.7099549984559417,0.7608280284330249,16.733723983634263
2355,39.566647204977926,16.74083201214671,0.05181599408388138,0.45829598093405366,fk_safe,0.22812600946053863,0.6970000104047358,0.751602987293154,16.754624026361853
2356,39.58344151295023,16.794307972304523,0.07026299135759473,0.48225303180515766,fk_safe,0.21459802519530058,0.7069949642755091,0.793788000009954,16.75182004692033
2357,39.60022458498133,16.783072031103075,0.05286402301862836,4.59382904227823,fk_safe,0.23504899581894279,4.8398959916085005,4.904369008727372,16.757351986598223
2358,39.617014049959835,16.7894649785012,0.10884401854127645,0.4716420080512762,fk_safe,0.21706899860873818,0.6996230222284794,0.8221610332839191,16.755624033976346
2359,39.63380170997698,16.787660017143935,0.0889400253072381,0.5107930046506226,fk_safe,0.19254902144894004,0.7137199863791466,0.8155480027198792,16.736524004954845
2360,39.65054299100302,16.741281026042998,0.04985497798770666,0.5212899995967746,fk_safe,0.19108597189188004,0.7223329739645123,0.7746399496681988,16.804874991066754
2361,39.6673800330027,16.83704199967906,0.04916603211313486,0.5190600058995187,fk_safe,0.18177198944613338,0.7110429578460753,0.7626759470440447,16.736095945816487
2362,39.68414147000294,16.76143700024113,0.06335903890430927,0.7114519830793142,fk_safe,0.19826501375064254,0.9215339669026434,0.9964219643734396,16.75258798059076
2363,39.70094135199906,16.799881996121258,0.05053397035226226,0.4771690000779927,fk_safe,0.18680503126233816,0.6746249855495989,0.7287279586307704,16.749495000112802
2364,39.71771591599099,16.774563991930336,0.06455497350543737,0.5143450107425451,fk_safe,0.20820804638788104,0.733523047529161,0.8101430139504373,16.740396968089044
2365,39.73448299895972,16.767082968726754,0.06053602555766702,0.44578901724889874,fk_safe,0.20203698659315705,0.6586110102944076,0.7320570293813944,16.82410202920437
2366,39.75131305598188,16.830057022161782,0.05760701606050134,0.4891569842584431,fk_safe,0.20865799160674214,0.7097609923221171,0.7704059826210141,16.74883801024407
2367,39.768088413984515,16.775358002632856,0.06750499596819282,0.9432400111109018,fk_safe,0.21072104573249817,1.1675840360112488,1.246738014742732,16.736909979954362
2368,39.78485055296915,16.762138984631747,0.06710400339215994,0.4941389779560268,fk_safe,0.1945849508047104,0.6992029957473278,0.7784690242260695,16.764895990490913
2369,39.80164711497491,16.796562005765736,0.06147200474515557,0.47807401278987527,fk_safe,0.21869700867682695,0.7074550376273692,0.7837790180929005,16.741049010306597
2370,39.81841542798793,16.768313013017178,0.09428896009922028,0.6835120148025453,fk_safe,0.35742996260523796,1.056361012160778,1.163736975286156,16.760391008574516
2371,39.83519295195583,16.777523967903107,0.05845900159329176,0.47298200661316514,fk_safe,0.22972002625465393,0.713495013769716,0.7745340117253363,16.734472010284662
2372,39.851934716978576,16.741765022743493,0.06524700438603759,0.5059340037405491,fk_safe,0.19720499403774738,0.7153520127758384,0.7838900201022625,16.741201980039477
2373,39.8686834879918,16.74877101322636,0.05350704304873943,0.5130810313858092,fk_safe,0.17422903329133987,0.6989649846218526,0.7554939948022366,16.726239991839975
2374,39.885414681979455,16.73119398765266,0.050920003559440374,0.46289595775306225,fk_safe,0.1839280012063682,0.6571370176970959,0.7108889985829592,16.729982977267355
2375,39.90214969200315,16.735010023694485,0.04729995271191001,0.43446500785648823,fk_safe,0.2655239659361541,0.7104230462573469,0.760007998906076,16.737134952563792
2376,39.91891354997642,16.763857973273844,0.0648999703116715,0.4936510231345892,fk_safe,0.19590900046750903,0.7002840284258127,0.7771790260449052,16.734712990000844
2377,39.9356732799788,16.759730002377182,0.07747201016172767,0.49108697567135096,fk_safe,0.18954701954498887,0.69039297522977,0.7790949894115329,16.73188601853326
2378,39.95241053396603,16.73725398723036,0.04936696495860815,0.52722601685673,fk_safe,0.18984096823260188,0.7275009993463755,0.7795289857313037,16.73989399569109
2379,39.969176051963586,16.765517997555435,0.08374499157071114,0.45847799628973007,fk_safe,0.19861297914758325,0.6669770227745175,0.7627460290677845,16.75020100083202
2380,39.9859516529832,16.77560101961717,0.06294099148362875,0.4755179979838431,fk_safe,0.19768602214753628,0.6835979875177145,0.7591419853270054,16.730411967728287
2381,40.00268667197088,16.735018987674266,0.046806002501398325,0.4734270041808486,fk_safe,0.21831400226801634,0.7017379975877702,0.750817998778075,16.730331990402192
2382,40.01942303596297,16.736363992094994,0.05109002813696861,0.5362859810702503,fk_safe,0.22912496933713555,0.7769789663143456,0.8306870004162192,16.857198032084852
2383,40.036314208002295,16.891172039322555,0.05383999086916447,0.7765589980408549,fk_safe,0.37632999010384083,1.1685770004987717,1.2272579479031265,16.733295982703567
2384,40.053052385977935,16.7381779756397,0.0498940353281796,0.44364301720634103,fk_safe,0.1782469917088747,0.6323319976218045,0.6846900214441121,16.733657976146787
2385,40.06979089794913,16.738511971198022,0.047985988203436136,0.45094400411471725,fk_safe,0.2036099904216826,0.6645829998888075,0.7150340243242681,16.73840603325516
2386,40.08655430196086,16.76340401172638,0.058958015870302916,0.5202500033192337,fk_safe,0.23867900017648935,0.7689719786867499,0.8396159973926842,16.692951030563563
2387,40.103274352964945,16.72005100408569,0.06281101377680898,0.5109139601700008,fk_safe,0.23978203535079956,0.7619759999215603,0.83684001583606,16.75060100387782
2388,40.120054478989914,16.780126024968922,0.09370502084493637,0.4689790075644851,fk_safe,0.2052390482276678,0.6843979936093092,0.7927709957584739,16.74039801582694
2389,40.13681453798199,16.760058992076665,0.05346297984942794,0.4793879925273359,fk_safe,0.21627702517434955,0.7098169880919158,0.7658129907213151,16.731243988033384
2390,40.153550528979395,16.73599099740386,0.04878104664385319,0.6267369608394802,fk_safe,0.3626809921115637,1.0033969883807003,1.0544100077822804,16.729140013922006
2391,40.170304906961974,16.75437798257917,0.08064496796578169,0.495653017424047,fk_safe,0.20065403077751398,0.7067610276862979,0.7991340244188905,16.732020012568682
2392,40.18704147596145,16.73656899947673,0.04614103818312287,0.4784230259247124,fk_safe,0.2337840269319713,0.7223929860629141,0.7708700140938163,16.73053199192509
2393,40.20377693598857,16.735460027121007,0.04650303162634373,0.5312709836289287,fk_safe,0.16098498599603772,0.7023049984127283,0.7511730073019862,16.765387961640954
2394,40.22056812699884,16.791191010270268,0.06050098454579711,0.8285110234282911,fk_safe,0.224187970161438,1.067384029738605,1.1314059956930578,16.777912969700992
2395,40.23737112298841,16.802995989564806,0.05854497430846095,0.6490389932878315,fk_safe,0.20235305419191718,0.8648480288684368,0.9266129927709699,16.847127000801265
2396,40.25422617496224,16.855051973834634,0.1240870333276689,0.6012400262989104,fk_safe,0.17822597874328494,0.7938159978948534,0.9212270379066467,16.73112402204424
2397,40.27096239000093,16.736215038690716,0.04922103835269809,0.4917480400763452,fk_safe,0.2084209700115025,0.7111439481377602,0.7627589511685073,16.74026995897293
2398,40.287709611002356,16.747221001423895,0.05311903078109026,0.49878197023645043,fk_safe,0.17825700342655182,0.68822898901999,0.7441249908879399,16.7411919683218
2399,40.30445855698781,16.748945985455066,0.051341019570827484,0.013470998965203762,rt_fast_path,0.4636089433915913,0.48977998085319996,0.5439799861051142,16.734717995859683
2400,40.32119931100169,16.740754013881087,0.05341600626707077,0.013225013390183449,rt_fast_path,0.3616299945861101,0.38787798257544637,0.4437959869392216,16.937890963163227
2401,40.33814435196109,16.945040959399194,0.052175018936395645,0.013532990124076605,rt_fast_path,0.24840899277478456,0.2723640063777566,0.3272290341556072,16.72337803756818
2402,40.354872570955195,16.728218994103372,0.04876300226897001,0.012903998140245676,rt_fast_path,0.1948330318555236,0.21783396368846297,0.26905699633061886,16.733598022256047
2403,40.37161108700093,16.738516045734286,0.049995025619864464,0.013049051631242037,rt_fast_path,0.21691701840609312,0.23992202477529645,0.2922569983638823,16.73780696000904
2404,40.38835598499281,16.7448979918845,0.052060000598430634,0.01379998866468668,rt_fast_path,0.24822400882840157,0.2723989891819656,0.32728799851611257,16.77301398012787
2405,40.40515216795029,16.796182957477868,0.05073798820376396,0.013370008673518896,rt_fast_path,0.2152619999833405,0.23879599757492542,0.2919610124081373,16.798857017420232
2406,40.42195638595149,16.804218001198024,0.052562972996383905,0.013512966688722372,rt_fast_path,0.21500099683180451,0.23838004563003778,0.29336404986679554,16.73594705061987
2407,40.43870000197785,16.74361602636054,0.057280994951725006,0.015441037248820066,rt_fast_path,0.2351519651710987,0.261825043708086,0.32202701549977064,16.770539979916066
2408,40.45550489099696,16.804889019113034,0.054289004765450954,0.013761979062110186,rt_fast_path,0.2778720227070153,0.3022699966095388,0.3626520046964288,16.775559983216226
2409,40.47231483698124,16.809945984277874,0.05230901297181845,0.013625016435980797,rt_fast_path,0.3098859451711178,0.3340989933349192,0.3961839829571545,16.73040201421827
2410,40.48905064095743,16.735803976189345,0.051960989367216825,0.013254990335553885,rt_fast_path,0.25761598953977227,0.28110400307923555,0.33564603654667735,16.731601033825427
2411,40.50578790495638,16.737263998948038,0.050638976972550154,0.013831013347953558,rt_fast_path,0.2605759655125439,0.2849970478564501,0.3382420400157571,16.73117303289473
2412,40.522523989959154,16.736085002776235,0.046193948946893215,0.01236604293808341,rt_fast_path,0.2906949957832694,0.31245703576132655,0.360954029019922,16.73843403114006
2413,40.53928902599728,16.76503603812307,0.053727999329566956,0.013275945093482733,rt_fast_path,0.23805996170267463,0.26138097746297717,0.3271589521318674,16.73153496813029
2414,40.55602527898736,16.73625299008563,0.04781602183356881,0.012887001503258944,rt_fast_path,0.22255000658333302,0.2451009931974113,0.2951709902845323,16.73645997652784
2415,40.57278680597665,16.761526989284903,0.05381699884310365,0.014076998922973871,rt_fast_path,0.2354379976168275,0.25977904442697763,0.32544502755627036,16.73181599471718
2416,40.58952373598004,16.736930003389716,0.04957697819918394,0.013509008567780256,rt_fast_path,0.3789850161410868,0.40499900933355093,0.4568939912132919,16.7824020027183
2417,40.60631404398009,16.79030800005421,0.05726696690544486,0.015519966837018728,rt_fast_path,0.3659200156107545,0.3947610384784639,0.45508501352742314,16.733146971091628
2418,40.6230520469835,16.738003003410995,0.0502929906360805,0.013658020179718733,rt_fast_path,0.2951450296677649,0.31916802981868386,0.37198199424892664,16.735084995161742
2419,40.639792374975514,16.74032799201086,0.05255197174847126,0.014250981621444225,rt_fast_path,0.24063896853476763,0.26514899218454957,0.32005697721615434,16.730258997995406
2420,40.65652777894866,16.735403973143548,0.05080003757029772,0.013485027011483908,rt_fast_path,0.261595007032156,0.2854059566743672,0.3389340126886964,16.724905057344586
2421,40.67326667596353,16.738897014874965,0.049426977057009935,0.013112963642925024,rt_fast_path,0.26831001741811633,0.2910860348492861,0.34290202893316746,16.72914403025061
2422,40.69000057596713,16.733900003600866,0.045659951865673065,0.012481992598623037,rt_fast_path,0.3008969943039119,0.32326101791113615,0.3711970057338476,16.729741997551173
2423,40.70673488796456,16.73431199742481,0.04515796899795532,0.012613949365913868,rt_fast_path,0.21189101971685886,0.23331999545916915,0.2805319963954389,16.73655299236998
2424,40.72349443595158,16.759547987021506,0.09150698315352201,0.012250966392457485,rt_fast_path,0.2783599775284529,0.2998340060003102,0.40274602361023426,16.729633032809943
2425,40.74022949999198,16.735064040403813,0.05399197107180953,0.013457960449159145,rt_fast_path,0.2479410031810403,0.2721410128287971,0.33061299473047256,16.759643971454352
2426,40.75701341294916,16.78391295718029,0.0491549726575613,0.013305980246514082,rt_fast_path,0.2214660053141415,0.24436903186142445,0.3021270385943353,16.737634025048465
2427,40.773775865964126,16.762453014962375,0.0622760271653533,0.012402015272527933,rt_fast_path,0.24844298604875803,0.27018599212169647,0.3444050089456141,16.807898005936295
2428,40.790590927004814,16.815061040688306,0.05241803592070937,0.013863027561455965,rt_fast_path,0.22959901252761483,0.25378901045769453,0.30910299392417073,16.737876983825117
2429,40.80735515296692,16.76422596210614,0.06388395559042692,0.012685952242463827,rt_fast_path,0.2596089616417885,0.28216803912073374,0.35828002728521824,16.732113028410822
2430,40.824092111957725,16.73695899080485,0.047314970288425684,0.012573960702866316,rt_fast_path,0.2509899786673486,0.2731860149651766,0.32289500813931227,16.7351090349257
2431,40.84083311399445,16.74100203672424,0.054634001571685076,0.014300982002168894,rt_fast_path,0.24212402058765292,0.2662279875949025,0.32342999475076795,16.73511095577851
2432,40.85757325094892,16.740136954467744,0.048581045120954514,0.014017976354807615,rt_fast_path,0.22926402743905783,0.2528379554860294,0.30372600303962827,16.833822010084987
2433,40.87441179895541,16.838548006489873,0.04670501220971346,0.01340801827609539,rt_fast_path,0.2316920435987413,0.2549290074966848,0.30387204606086016,16.729934024624527
2434,40.89114697498735,16.73517603194341,0.050759001169353724,0.013244047295302153,rt_fast_path,0.3127590171061456,0.33610197715461254,0.38930197479203343,16.73234096961096
2435,40.90788424597122,16.737270983867347,0.04591298056766391,0.012542994227260351,rt_fast_path,0.24483294691890478,0.2667789813131094,0.31476898584514856,16.743530984967947
2436,40.92463272198802,16.74847601680085,0.046391040086746216,0.012901960872113705,rt_fast_path,0.2431879984214902,0.2658320008777082,0.3142560017295182,16.733666008803993
2437,40.94137128099101,16.73855900298804,0.05113298539072275,0.014001969248056412,rt_fast_path,0.24080299772322178,0.264878966845572,0.31830696389079094,16.72616897849366
2438,40.958106705977116,16.735424986109138,0.08439505472779274,0.022637017536908388,rt_fast_path,0.2477529924362898,0.2871789620257914,0.37636898923665285,16.733492026105523
2439,40.97485230799066,16.745602013543248,0.11778599582612514,0.02880900865420699,rt_fast_path,0.3038650029338896,0.35318598384037614,0.47795899445191026,16.7305949726142
2440,40.9915943609667,16.742052976042032,0.11697399895638227,0.030955998227000237,rt_fast_path,0.29816501773893833,0.3494960255920887,0.47307502245530486,16.734111995901912
2441,41.00833588396199,16.741522995289415,0.08625100599601865,0.023778004106134176,rt_fast_path,0.2559900167398155,0.29409502167254686,0.38450403371825814,16.73705002758652
2442,41.02507749397773,16.74161001574248,0.11103798169642687,0.014343997463583946,rt_fast_path,0.26606000028550625,0.29017298948019743,0.4037899780087173,16.737259982619435
2443,41.0418396529858,16.7621590080671,0.061838014516979456,0.013285025488585234,rt_fast_path,0.4515830078162253,0.4748579813167453,0.5491739721037447,16.73337200190872
2444,41.058577957970556,16.738304984755814,0.04827900556847453,0.012824952136725187,rt_fast_path,0.3598949988372624,0.38251798832789063,0.43307599844411016,16.739599988795817
2445,41.07534348999616,16.765532025601715,0.07761101005598903,0.013041018974035978,rt_fast_path,0.4353509866632521,0.45866199070587754,0.5481359548866749,16.73385896719992
2446,41.09208229597425,16.738805978093296,0.05087297176942229,0.013640034012496471,rt_fast_path,0.290808966383338,0.3145919763483107,0.3677859785966575,16.733095981180668
2447,41.108823733986355,16.74143801210448,0.05850405432283878,0.015394994989037514,rt_fast_path,0.5468290182761848,0.578224950004369,0.6401459686458111,16.734862001612782
2448,41.12556360295275,16.739868966396898,0.04937901394441724,0.013053009752184153,rt_fast_path,0.2335479948669672,0.2563289599493146,0.30802900437265635,16.715004050638527
2449,41.142311310977675,16.74770802492276,0.04718697164207697,0.012873031664639711,rt_fast_path,0.2570590004324913,0.2796290209516883,0.32929301960393786,16.902752977330238
2450,41.159222924965434,16.911613987758756,0.05468394374474883,0.013883982319384813,rt_fast_path,0.5155120161361992,0.5417350330390036,0.5993840168230236,16.735251992940903
2451,41.175963022978976,16.740098013542593,0.049425987526774406,0.012995966244488955,rt_fast_path,0.2565609756857157,0.27966999914497137,0.33142499160021544,16.777515003923327
2452,41.19278854195727,16.825518978293985,0.047709967475384474,0.012425996828824282,rt_fast_path,0.24013605434447527,0.26210304349660873,0.3207180416211486,16.783881990704685
2453,41.20959841797594,16.809876018669456,0.04459702176973224,0.011927972082048655,rt_fast_path,0.40694099152460694,0.4296539700590074,0.4764649784192443,16.7276689899154
2454,41.226332783000544,16.734365024603903,0.051852024625986814,0.013447017408907413,rt_fast_path,0.7467450341209769,0.7719420245848596,0.8264170028269291,16.883613949175924
2455,41.243223328958265,16.89054595772177,0.059041951317340136,0.015144993085414171,rt_fast_path,0.27730403235182166,0.3027220373041928,0.36483403528109193,16.69061800930649
2456,41.25991876295302,16.69543399475515,0.04172499757260084,0.012456963304430246,rt_fast_path,0.3192020230926573,0.3437009872868657,0.3876850241795182,16.735688026528805
2457,41.27666169498116,16.742932028137147,0.053827010560780764,0.0140140182338655,rt_fast_path,0.613087962847203,0.639654987026006,0.6963479681871831,16.735197976231575
2458,41.29340602795128,16.744332970120013,0.05583401070907712,0.014623044990003109,rt_fast_path,0.340806960593909,0.36621198523789644,0.42511901119723916,16.717473044991493
2459,41.31012863095384,16.72260300256312,0.048640999011695385,0.012820004485547543,rt_fast_path,0.3400860005058348,0.3652040031738579,0.4163000266999006,16.724901041015983
2460,41.32685865595704,16.730025003198534,0.05033996421843767,0.013351964298635721,rt_fast_path,0.22366497432813048,0.24665897944942117,0.29961299151182175,16.72958303242922
2461,41.34359539899742,16.736743040382862,0.051341019570827484,0.01341203460469842,rt_fast_path,0.2780009526759386,0.3019029973074794,0.355942000169307,16.749811999034137
2462,41.360352413961664,16.757014964241534,0.05184102337807417,0.013352022506296635,rt_fast_path,0.26127201272174716,0.28493994614109397,0.33958698622882366,16.740668041165918
2463,41.37710064096609,16.748227004427463,0.052732008043676615,0.013475015293806791,rt_fast_path,0.2805319963954389,0.30443398281931877,0.35997299710288644,16.731876996345818
2464,41.393837601004634,16.736960038542747,0.049332971684634686,0.012802018318325281,rt_fast_path,1.1716209701262414,1.1942830169573426,1.2459239806048572,17.405378981493413
2465,41.411250612989534,17.41301198489964,0.05545601015910506,0.013732991646975279,rt_fast_path,0.3979339962825179,0.4217989626340568,0.4802239709533751,16.73626998672262
2466,41.42801298794802,16.76237495848909,0.12906896881759167,0.013393000699579716,rt_fast_path,1.250609988346696,1.2739039957523346,1.4150050119496882,17.043412022758275
2467,41.44506309099961,17.05010305158794,0.05396798951551318,0.014816003385931253,rt_fast_path,0.30784698901697993,0.3336970112286508,0.39051397470757365,16.738581005483866
2468,41.46180730400374,16.74421300413087,0.05853298353031278,0.015951052773743868,rt_fast_path,0.23154099471867085,0.2583570312708616,0.3195329918526113,17.417719995137304
2469,41.47924705100013,17.43974699638784,0.054313044529408216,0.014563032891601324,rt_fast_path,0.2634099801070988,0.2887439914047718,0.3455689875409007,16.777415992692113
2470,41.49605191498995,16.80486398981884,0.050914997700601816,0.013579963706433773,rt_fast_path,0.25296397507190704,0.2763080410659313,0.33836200600489974,16.733302967622876
2471,41.51279137295205,16.739457962103188,0.04946696572005749,0.01310399966314435,rt_fast_path,0.5140129942446947,0.5373100284487009,0.5893630441278219,16.72403799602762
2472,41.529520289972425,16.728917020373046,0.049036985728889704,0.012993987184017897,rt_fast_path,0.20132598001509905,0.22394501138478518,0.2753030275925994,16.871617001015693
2473,41.54641281295335,16.892522980924696,0.05686003714799881,0.014460005331784487,rt_fast_path,0.23544201394543052,0.2608500071801245,0.32069504959508777,16.73635101178661
2474,41.563156289979815,16.74347702646628,0.05244300700724125,0.015896977856755257,rt_fast_path,0.2898619859479368,0.3158829640597105,0.371148984413594,16.76997501635924
2475,41.57997931697173,16.823026991914958,0.048647983931005,0.013121985830366611,rt_fast_path,0.20269898232072592,0.22542703663930297,0.28201902750879526,16.73260098323226
2476,41.596717896987684,16.73858001595363,0.051498005632311106,0.013540033251047134,rt_fast_path,0.4048619884997606,0.4285729955881834,0.4824940115213394,16.72710001002997
2477,41.61345222295495,16.73432596726343,0.05292502464726567,0.01361902104690671,rt_fast_path,0.2552390214987099,0.27939496794715524,0.33519399585202336,16.74380002077669
2478,41.63022599898977,16.77377603482455,0.05133403465151787,0.013447017408907413,rt_fast_path,0.21826097508892417,0.2416099887341261,0.3097369917668402,16.850134008564055
2479,41.64708566799527,16.85966900549829,0.08434901246801019,0.020991021301597357,rt_fast_path,0.47651096247136593,0.5127420299686491,0.6016420084051788,16.739623970352113
2480,41.663833002967294,16.747334972023964,0.059192010667175055,0.01572398468852043,rt_fast_path,0.4441309720277786,0.4727899795398116,0.5349150160327554,16.782004036940634
2481,41.680642972001806,16.809969034511596,0.054620031733065844,0.013371987733989954,rt_fast_path,0.28542097425088286,0.30870898626744747,0.3755799843929708,16.945235955063254
2482,41.697595456964336,16.952484962530434,0.05251402035355568,0.013197015505284071,rt_fast_path,0.41753100231289864,0.44095300836488605,0.4963860264979303,16.76245598355308
2483,41.71438439498888,16.78893802454695,0.07168599404394627,0.01178303500637412,rt_fast_path,0.27938897255808115,0.30039396369829774,0.3824539599008858,17.561617016326636
2484,41.73195396497613,17.569569987244904,0.06046099588274956,0.0161439529620111,rt_fast_path,0.5335200112313032,0.5610220250673592,0.6249200087040663,16.72912499634549
2485,41.748690650973,16.736685996875167,0.0543700298294425,0.014670018572360277,rt_fast_path,0.49631099682301283,0.5240240134298801,0.5813150200992823,16.781493031885475
2486,41.76548990700394,16.799256030935794,0.056015036534518,0.013907963875681162,rt_fast_path,0.3422750160098076,0.3689559525810182,0.4282219451852143,16.854795976541936
2487,41.78236465196824,16.87474496429786,0.05547795444726944,0.014659017324447632,rt_fast_path,0.32628298504278064,0.35434699384495616,0.41281298035755754,16.897508990950882
2488,41.799284365959466,16.91971399122849,0.0563689973205328,0.015062978491187096,rt_fast_path,0.5617950228042901,0.5903179990127683,0.6496870191767812,16.778386023361236
2489,41.81609372596722,16.80936000775546,0.055443961173295975,0.014417048078030348,rt_fast_path,0.3645839751698077,0.38962101098150015,0.4486090037971735,16.79219800280407
2490,41.832893849001266,16.8001230340451,0.05793001037091017,0.014370016288012266,rt_fast_path,0.5315539892762899,0.5593299865722656,0.6202709628269076,16.747278976254165
2491,41.84967405098723,16.780201985966414,0.05662103649228811,0.01447601243853569,rt_fast_path,0.2620649756863713,0.28679799288511276,0.35466899862512946,16.732327989302576
2492,41.86641379998764,16.739749000407755,0.05573802627623081,0.01417199382558465,rt_fast_path,0.26166700990870595,0.2862669643945992,0.3452249802649021,16.90100197447464
2493,41.88332244398771,16.908644000068307,0.05534500814974308,0.013764016330242157,rt_fast_path,0.47062302473932505,0.4972569877281785,0.5557269905693829,16.76519197644666
2494,41.900107509980444,16.785065992735326,0.05609903018921614,0.014835968613624573,rt_fast_path,0.2635499695315957,0.288605981040746,0.34730398328974843,16.83060999494046
2495,41.91694625996752,16.838749987073243,0.05714496364817023,0.015077006537467241,rt_fast_path,0.4428650136105716,0.47195900697261095,0.5322379874996841,16.735223005525768
2496,41.93368876900058,16.74250903306529,0.05169201176613569,0.013678974937647581,rt_fast_path,0.210929021704942,0.2346349647268653,0.28925295919179916,16.787543951068074
2497,41.950486310001,16.79754100041464,0.053956988267600536,0.013778975699096918,rt_fast_path,0.2569659845903516,0.2810790319927037,0.3380129928700626,16.907432000152767
2498,41.9674031479517,16.916837950702757,0.05731498822569847,0.013888988178223372,rt_fast_path,0.4593459889292717,0.4861149936914444,0.5465500289574265,16.72961702570319
2499,41.98414017399773,16.737026046030223,0.05230400711297989,0.013523036614060402,rt_fast_path,0.323434011079371,0.3500549937598407,0.40534097934141755,16.818264964967966
2500,42.00096608599415,16.825911996420473,0.05690002581104636,0.015225959941744804,rt_fast_path,0.3190700081177056,0.3496459685266018,0.4096619668416679,16.728152986615896
2501,42.01770133996615,16.735253972001374,0.051337003242224455,0.013266981113702059,rt_fast_path,0.4737999988719821,0.4997969954274595,0.553942983970046,16.73509500687942
2502,42.03444368200144,16.74234203528613,0.05213299300521612,0.013734970707446337,rt_fast_path,0.47204503789544106,0.4988309810869396,0.554012949578464,16.80970995221287
2503,42.05126206896966,16.81838696822524,0.06145500810816884,0.0163380173034966,rt_fast_path,0.5029180319979787,0.5327879916876554,0.5974849918857217,16.84002298861742
2504,42.06811096594902,16.848896979354322,0.061578000895679,0.01666200114414096,rt_fast_path,0.24943100288510323,0.2776889596134424,0.3422370064072311,16.730000032112002
2505,42.08484826597851,16.737300029490143,0.05236297147348523,0.014424032997339964,rt_fast_path,0.36545400507748127,0.3930309903807938,0.4482719814404845,16.75334299216047
2506,42.10163536894834,16.787102969828993,0.07542700041085482,0.013526005204766989,rt_fast_path,0.44738000724464655,0.47402799827978015,0.563622044865042,16.74016600009054
2507,42.11838306096615,16.747692017816007,0.05157798295840621,0.013369019143283367,rt_fast_path,0.2760089701041579,0.29991602059453726,0.35446102265268564,16.743101994507015
2508,42.135173224960454,16.79016399430111,0.06205396493896842,0.015482015442103148,rt_fast_path,0.27304503601044416,0.29937998624518514,0.3747449954971671,16.76392904482782
2509,42.15197134000482,16.79811504436657,0.0886310008354485,0.013804004993289709,rt_fast_path,0.43019698932766914,0.4543919931165874,0.5568819469772279,16.728543967474252
2510,42.168707325996365,16.73598599154502,0.051727984100580215,0.013856973964720964,rt_fast_path,0.318991020321846,0.34572702134028077,0.4002709756605327,16.771972994320095
2511,42.18550288095139,16.795554955024272,0.05159800639376044,0.013650977052748203,rt_fast_path,0.24373899213969707,0.2673679846338928,0.32162200659513474,16.96980302222073
2512,42.202480967971496,16.978087020106614,0.053678988479077816,0.013804004993289709,rt_fast_path,0.42667496018111706,0.4505339893512428,0.5072199855931103,16.86778903240338
2513,42.21936857496621,16.887606994714588,0.06016797851771116,0.01624098513275385,rt_fast_path,0.2234550192952156,0.2517860266380012,0.3155480371788144,16.805117018520832
2514,42.2361815199838,16.81294501759112,0.06439501885324717,0.015662983059883118,rt_fast_path,0.35467499401420355,0.3842769656330347,0.45185897033661604,16.729969007428735
2515,42.25291894900147,16.737429017666727,0.05408399738371372,0.014818040654063225,rt_fast_path,0.4318879800848663,0.4597220104187727,0.5166159826330841,16.74190297489986
2516,42.26966882997658,16.74988097511232,0.06269797449931502,0.017251004464924335,rt_fast_path,0.3555589937604964,0.3859529970213771,0.4519909853115678,16.73740998376161
2517,42.28641344996868,16.744619992095977,0.056824006605893373,0.015035038813948631,rt_fast_path,0.330607988871634,0.3588279942050576,0.4188970196992159,16.93354401504621
2518,42.30335507396376,16.94162399508059,0.05592301022261381,0.014001037925481796,rt_fast_path,0.48649904783815145,0.5132799851708114,0.5721980123780668,16.79079100722447
2519,42.32015420298558,16.79912902181968,0.057558994740247726,0.019177969079464674,rt_fast_path,0.4849459510296583,0.5177040002308786,0.578487990424037,16.9062819913961
2520,42.33706864295527,16.914439969696105,0.05760102067142725,0.014441029634326696,rt_fast_path,0.35373703576624393,0.3812899813055992,0.44203700963407755,16.80338999722153
2521,42.353879908972885,16.81126601761207,0.055402982980012894,0.014466990251094103,rt_fast_path,0.22935000015422702,0.2544450107961893,0.31286198645830154,16.943670983891934
2522,42.370831745967735,16.951836994849145,0.055793963838368654,0.01380604226142168,rt_fast_path,0.20568701438605785,0.22966298274695873,0.2884499845094979,16.739087004680187
2523,42.38757878396427,16.747037996537983,0.053186959121376276,0.013951968867331743,rt_fast_path,0.4887609975412488,0.5159380380064249,0.5721680354326963,16.799665987491608
2524,42.40439238597173,16.81360200745985,0.05351298023015261,0.013842014595866203,rt_fast_path,0.5724840448237956,0.5970899946987629,0.6534319836646318,16.98014000430703
2525,42.421380276966374,16.98789099464193,0.056126038543879986,0.014680030290037394,rt_fast_path,0.25340099819004536,0.2787239500321448,0.3377969842404127,16.78104803431779
2526,42.43816877895733,16.78850199095905,0.05651602987200022,0.015094003174453974,rt_fast_path,0.22003002231940627,0.24898798437789083,0.3082990297116339,16.78808801807463
2527,42.45496468700003,16.795908042695373,0.05157198756933212,0.01361197791993618,rt_fast_path,0.4001589841209352,0.423647987190634,0.4780569579452276,16.73327200114727
2528,42.47170706896577,16.742381965741515,0.07235101656988263,0.02046197187155485,rt_fast_path,0.4973110044375062,0.5314479931257665,0.6078220321796834,16.74384798388928
2529,42.48845981899649,16.752750030718744,0.060929975006729364,0.015461992006748915,rt_fast_path,0.5067380261607468,0.5353800370357931,0.5996969994157553,16.831230954267085
2530,42.50529836397618,16.838544979691505,0.05117000546306372,0.01345400232821703,rt_fast_path,0.4191389889456332,0.445356999989599,0.49941998440772295,16.783714992925525
2531,42.522089862963185,16.79149898700416,0.05280895857140422,0.013854994904249907,rt_fast_path,0.4674710216931999,0.49414002569392323,0.5499140243045986,17.477326036896557
2532,42.539574139984325,17.48427702113986,0.05330302519723773,0.01358595909550786,rt_fast_path,0.3694850020110607,0.39317499613389373,0.4493269952945411,16.74614701187238
2533,42.55635240796255,16.778267978224903,0.07083103992044926,0.01431099371984601,rt_fast_path,0.4187980084680021,0.4431289853528142,0.5266030202619731,16.804420039989054
2534,42.573163881956134,16.811473993584514,0.0562510103918612,0.01932395389303565,rt_fast_path,0.415164977312088,0.4476470057852566,0.5067770252935588,16.74106699647382
2535,42.58991184795741,16.747966001275927,0.04930200520902872,0.013248994946479797,rt_fast_path,0.5037540104240179,0.5290320259518921,0.5809570429846644,16.737458994612098
2536,42.60665676795179,16.744919994380325,0.05250499816611409,0.014174031093716621,rt_fast_path,0.33562997123226523,0.36010099574923515,0.41556800715625286,16.881905030459166
2537,42.623549279989675,16.892512037884444,0.05234702257439494,0.013790966477245092,rt_fast_path,0.4798229783773422,0.5063150310888886,0.5614290130324662,16.769060981459916
2538,42.64035867899656,16.80939900688827,0.08296302985399961,0.015563040506094694,rt_fast_path,0.38590398617088795,0.41507399873808026,0.5168539937585592,16.797620977740735
2539,42.65716348600108,16.804807004518807,0.05204998888075352,0.016986974515020847,rt_fast_path,1.3828849769197404,1.4125480083748698,1.4674579724669456,16.77436096360907
2540,42.67396375595126,16.800269950181246,0.05339999916031957,0.014616991393268108,rt_fast_path,0.22137199994176626,0.2463060081936419,0.3024490433745086,16.866293037310243
2541,42.69084101199405,16.877256042789668,0.05764799425378442,0.014205987099558115,rt_fast_path,0.19820901798084378,0.22321502910926938,0.28381700394675136,16.739698010496795
2542,42.707588353950996,16.747341956943274,0.054656004067510366,0.014307035598903894,rt_fast_path,0.23831799626350403,0.2657530130818486,0.3233670140616596,16.890914004761726
2543,42.7244868419948,16.898488043807447,0.05213299300521612,0.013928976841270924,rt_fast_path,2.055275021120906,2.079373982269317,2.1343609550967813,16.851493972353637
2544,42.74136838898994,16.881546995136887,0.057797995395958424,0.014877994544804096,rt_fast_path,0.32051297603175044,0.3484030021354556,0.40968297980725765,16.798102005850524
2545,42.75817453197669,16.806142986752093,0.0634780153632164,0.016252975910902023,rt_fast_path,0.29284897027537227,0.32276398269459605,0.38942700484767556,16.73812500666827
2546,42.7749201139668,16.745581990107894,0.05152699304744601,0.013928976841270924,rt_fast_path,0.3783860011026263,0.4023009678348899,0.4566719871945679,16.74047001870349
2547,42.791667867975775,16.74775400897488,0.051785027608275414,0.01377699663862586,rt_fast_path,0.3377999528311193,0.36417500814422965,0.41873601730912924,16.73181599471718
2548,42.80840725399321,16.7393860174343,0.053435040172189474,0.01417601015418768,rt_fast_path,1.2752630282193422,1.3026089873164892,1.3587779831141233,16.803690989036113
2549,42.82521853299113,16.811278997920454,0.057680997997522354,0.014881021343171597,rt_fast_path,0.31196698546409607,0.33992499811574817,0.4005449591204524,16.72886696178466
2550,42.84195552597521,16.736992984078825,0.05561596481129527,0.01486798282712698,rt_fast_path,0.20557799143716693,0.23096502991393209,0.2895700163207948,16.789478017017245
2551,42.85875286796363,16.797341988421977,0.05290500121191144,0.013599987141788006,rt_fast_path,0.23085903376340866,0.25458697928115726,0.31034299172461033,16.735618992242962
2552,42.87549638497876,16.743517015129328,0.05671702092513442,0.014787015970796347,rt_fast_path,0.38255401886999607,0.41020300704985857,0.46979699982330203,16.89707097830251
2553,42.892418396950234,16.922011971473694,0.05984498420730233,0.016895995941013098,rt_fast_path,0.5291129928082228,0.5600100266747177,0.623188039753586,16.877396032214165
2554,42.9093043099856,16.885913035366684,0.05837000207975507,0.015516998246312141,rt_fast_path,0.3386830212548375,0.36780000664293766,0.42924698209390044,16.866914986167103
2555,42.92618045699783,16.876147012226284,0.055675976909697056,0.013459997717291117,rt_fast_path,0.3765100263990462,0.40248403092846274,0.4610809846781194,16.85850095236674
2556,42.943054985953495,16.87452895566821,0.05306198727339506,0.013975950423628092,rt_fast_path,0.39607600774616003,0.42022200068458915,0.47617004020139575,16.78710599662736
2557,42.959850762970746,16.795777017250657,0.0546189839951694,0.013881013728678226,rt_fast_path,0.26525999419391155,0.2890520263463259,0.34702703123912215,16.72795502236113
2558,42.976585644995794,16.734882025048137,0.0486319768242538,0.013135024346411228,rt_fast_path,0.38661202415823936,0.4118339857086539,0.46313495840877295,16.799283970613033
2559,42.99339228996541,16.80664496961981,0.05135603714734316,0.012956967111676931,rt_fast_path,0.2030999748967588,0.2257309970445931,0.2799230278469622,16.824243997689337
2560,43.01025424798718,16.861958021763712,0.09282497921958566,0.013522047083824873,rt_fast_path,0.2718129544518888,0.29555102810263634,0.406311999540776,16.72603696351871
2561,43.02698764996603,16.73340197885409,0.05041999975219369,0.01317600253969431,rt_fast_path,0.24473801022395492,0.268018979113549,0.3211339935660362,16.728285001590848
2562,43.04372349195182,16.73584198579192,0.05378702189773321,0.01401000190526247,rt_fast_path,0.1910209539346397,0.21479197312146425,0.271574012003839,16.72819600207731
2563,43.06045892095426,16.73542900243774,0.052802031859755516,0.014136021491140127,rt_fast_path,0.8747230167500675,0.8987080072984099,0.9543730411678553,16.79131604032591
2564,43.07725832198048,16.79940102621913,0.05662499461323023,0.0140779884532094,rt_fast_path,0.7719959830865264,0.7965720142237842,0.8561119902879,16.88566798111424
2565,43.0941519519547,16.893629974219948,0.05651696119457483,0.0177820329554379,rt_fast_path,0.43929502135142684,0.4683830193243921,0.527898024301976,16.735786048229784
2566,43.11091078998288,16.758838028181344,0.07098400965332985,0.014749006368219852,rt_fast_path,0.3434040118008852,0.3670880105346441,0.4494980094023049,16.72940800199285
2567,43.127648350957315,16.737560974434018,0.058564008213579655,0.015498022548854351,rt_fast_path,0.5445689894258976,0.5723370122723281,0.633946037851274,16.86595001956448
2568,43.14455516799353,16.906817036215216,0.052762043196707964,0.014214019756764174,rt_fast_path,0.6648710113950074,0.6895489641465247,0.7462619687430561,16.686655988451093
2569,43.161249256983865,16.69408899033442,0.08699099998921156,0.015199009794741869,rt_fast_path,1.4008569996804,1.4286160003393888,1.5184920048341155,17.039137019310147
2570,43.17829259799328,17.04334100941196,0.04665600135922432,0.012669013813138008,rt_fast_path,1.098175998777151,1.1219700099900365,1.1708479723893106,17.15508900815621
2571,43.19545267795911,17.160079965833575,0.05018594674766064,0.013005046639591455,rt_fast_path,1.2179429759271443,1.24173000222072,1.2946859933435917,16.99339400511235
2572,43.212453613989055,17.00093602994457,0.09656901238486171,0.01896201865747571,rt_fast_path,0.9799309773370624,1.0100040235556662,1.109639008063823,16.72359398799017
2573,43.2291820049868,16.72839099774137,0.054235977586358786,0.014137011021375656,rt_fast_path,0.5979490233585238,0.6225720280781388,0.6794590153731406,16.724259010516107
2574,43.24591103795683,16.729032970033586,0.05558895645663142,0.013326003681868315,rt_fast_path,0.24017697433009744,0.2701139892451465,0.32811699202284217,16.726096044294536
2575,43.262641882989556,16.730845032725483,0.048342044465243816,0.012966978829354048,rt_fast_path,2.239556983113289,2.2626249701716006,2.3132659844122827,16.72357995994389
2576,43.279369362979196,16.727479989640415,0.04154699854552746,0.011131982319056988,rt_fast_path,0.33250602427870035,0.35189802292734385,0.3954879939556122,16.721222025807947
2577,43.29609545896528,16.726095986086875,0.05396699998527765,0.014602032024413347,rt_fast_path,0.2163589815609157,0.24100096197798848,0.2980559947900474,16.72296703327447
2578,43.31282241496956,16.72695600427687,0.04299997817724943,0.01224700827151537,rt_fast_path,0.32680598087608814,0.34765800228342414,0.3927029902115464,16.720401006750762
2579,43.329546733002644,16.724318033084273,0.039583013858646154,0.01117499778047204,rt_fast_path,0.35749899689108133,0.37735095247626305,0.4188149468973279,16.688129981048405
2580,43.34623823600123,16.69150299858302,0.0358290271833539,0.010838964954018593,rt_fast_path,0.1955509651452303,0.2149339998140931,0.252585974521935,16.720539948437363
2581,43.36296224797843,16.72401197720319,0.03736000508069992,0.00984797952696681,rt_fast_path,0.19378995057195425,0.21160300821065903,0.25047699455171824,16.72134199179709
2582,43.37968704995001,16.724801971577108,0.034306023735553026,0.010760966688394547,rt_fast_path,0.19499094923958182,0.21469895727932453,0.25057001039385796,17.602687003090978
2583,43.397294071968645,17.607022018637508,0.048991001676768064,0.013199984095990658,rt_fast_path,1.0015019797720015,1.0240229894407094,1.0752410162240267,16.72424399293959
2584,43.414022131997626,16.728060028981417,0.04150602035224438,0.011974014341831207,rt_fast_path,0.18149602692574263,0.20263600163161755,0.24609197862446308,16.721802996471524
2585,43.43074775097193,16.72561897430569,0.04172895569354296,0.012428965419530869,rt_fast_path,0.27600297471508384,0.2974600065499544,0.3411879879422486,16.724721994251013
2586,43.44748001295375,16.7322619818151,0.07690099300816655,0.01919502392411232,rt_fast_path,0.19806897034868598,0.22929097758606076,0.3106030053459108,16.720881045330316
2587,43.46420645498438,16.726442030631006,0.05354697350412607,0.013086013495922089,rt_fast_path,0.3380230045877397,0.36007800372317433,0.4168059676885605,16.72094000969082
2588,43.480931464000605,16.725009016226977,0.04706397885456681,0.013558019418269396,rt_fast_path,0.2645690110512078,0.28716702945530415,0.3364830045029521,16.68452296871692
2589,43.497621422982775,16.689958982169628,0.059844052884727716,0.017632031813263893,rt_fast_path,0.33183302730321884,0.359710946213454,0.42280496563762426,16.720813000574708
2590,43.514347229967825,16.72580698505044,0.05172903183847666,0.014692021068185568,rt_fast_path,1.5667550032958388,1.5910780057311058,1.6454370343126357,16.889624996110797
2591,43.531245541991666,16.898312023840845,0.04117900971323252,0.013026001397520304,rt_fast_path,0.17143500735983253,0.19287702161818743,0.2362829982303083,16.87260699691251
2592,43.54812193498947,16.876392997801304,0.04592898767441511,0.012153992429375648,rt_fast_path,0.18122000619769096,0.20214600954204798,0.2504370058886707,16.72506600152701
2593,43.56485188595252,16.729950963053852,0.08110201451927423,0.04194298526272178,rt_fast_path,0.3172890283167362,0.3691079909913242,0.4528050194494426,16.721481049899012
2594,43.581578149984125,16.726264031603932,0.050426984671503305,0.014156976249068975,rt_fast_path,0.3370119957253337,0.36098697455599904,0.4136919742450118,16.721591004170477
2595,43.59830464195693,16.72649197280407,0.04900101339444518,0.013584969565272331,rt_fast_path,0.22994598839432,0.2531210193410516,0.30463404254987836,16.726136032957584
2596,43.615035375987645,16.73073403071612,0.04844303475692868,0.01348304795101285,rt_fast_path,0.20672299433499575,0.2296909806318581,0.2805449767038226,16.721646999940276
2597,43.63176184199983,16.726466012187302,0.04964298568665981,0.013306038454174995,rt_fast_path,0.21024898160248995,0.2330829738639295,0.2851829631254077,16.726341971661896
2598,43.648496817972045,16.73497597221285,0.10423798812553287,0.02797500928863883,rt_fast_path,0.3024390316568315,0.3471210366114974,0.45653502456843853,16.726713976822793
2599,43.66522815497592,16.731337003875524,0.049598049372434616,0.015873985830694437,rt_fast_path,0.20756700541824102,0.23327994858846068,0.2868719748221338,17.25832000374794
2600,43.68249266396742,17.264508991502225,0.11925696162506938,0.01960096415132284,rt_fast_path,0.3913990221917629,0.4308140487410128,0.5532600334845483,16.73535502050072
2601,43.699239196954295,16.746532986871898,0.1548730069771409,0.02147100167348981,rt_fast_path,0.4148549633100629,0.4500659997574985,0.6097140139900148,16.72678900649771
2602,43.71597381395986,16.734617005567998,0.11075101792812347,0.018202001228928566,rt_fast_path,0.315735989715904,0.34851202508434653,0.4635000368580222,16.726871021091938
2603,43.73270746995695,16.733655997086316,0.06753200432285666,0.056845019571483135,rt_fast_path,0.45749900164082646,0.5261559854261577,0.5976540269330144,16.768492001574486
2604,43.749483236984815,16.775767027866095,0.06456096889451146,0.016811012756079435,rt_fast_path,0.26402599178254604,0.2919950056821108,0.3598119947127998,16.704209963791072
2605,43.76619304798078,16.70981099596247,0.06291898898780346,0.015086960047483444,rt_fast_path,0.3967059892602265,0.4225249867886305,0.4884839872829616,16.724544984754175
2606,43.78292326000519,16.73021202441305,0.05446298746392131,0.014360994100570679,rt_fast_path,0.4219669499434531,0.44689601054415107,0.5039589595980942,16.732252959627658
2607,43.79966322396649,16.73996396129951,0.06443599704653025,0.017715967260301113,rt_fast_path,0.3165450179949403,0.3455969854258001,0.4137940122745931,16.733100987039506
2608,43.816403465985786,16.740242019295692,0.05757302278652787,0.015434983652085066,rt_fast_path,0.24612201377749443,0.2723749494180083,0.3331619664095342,16.734622011426836
2609,43.83314501395216,16.741547966375947,0.05632097600027919,0.014497025404125452,rt_fast_path,0.245750998146832,0.271054042968899,0.3301800461485982,16.76028803922236
2610,43.849913466954604,16.768453002441674,0.061861996073275805,0.016128993593156338,rt_fast_path,0.2617290010675788,0.28892402769997716,0.35420304629951715,16.73207402927801
2611,43.866652541968506,16.73907501390204,0.06015598773956299,0.014109013136476278,rt_fast_path,1.4314320287667215,1.4557070098817348,1.5190360136330128,16.733176016714424
2612,43.88339215196902,16.739610000513494,0.06192299770191312,0.016113044694066048,rt_fast_path,1.2396370293572545,1.2666130205616355,1.3319730060175061,16.728339018300176
2613,43.90012877195841,16.73661998938769,0.08068402530625463,0.02548698103055358,rt_fast_path,0.4498530179262161,0.490790989715606,0.5760730127803981,16.731920011807233
2614,43.916867656982504,16.738885024096817,0.06823701551184058,0.017783022485673428,rt_fast_path,0.2917950041592121,0.3211370203644037,0.3924790071323514,16.732894000597298
2615,43.933607224957086,16.739567974582314,0.05469599273055792,0.014773046132177114,rt_fast_path,0.2827160060405731,0.307852984406054,0.36543799797073007,16.73940400360152
2616,43.950353772961535,16.746548004448414,0.05893100751563907,0.015483004972338676,rt_fast_path,0.222100003156811,0.24865003069862723,0.310584029648453,16.731159994378686
2617,43.96709164895583,16.737875994294882,0.06361701525747776,0.01605501165613532,rt_fast_path,0.22568297572433949,0.2527689794078469,0.3194939927197993,18.45594303449616
2618,43.985553417995106,18.461769039276987,0.05666300421580672,0.015340978279709816,rt_fast_path,0.9994300198741257,1.0264080483466387,1.0856770095415413,16.687151975929737
2619,44.002251598984,16.698180988896638,0.1258880365639925,0.033600954338908195,rt_fast_path,0.4296120023354888,0.48412999603897333,0.6167480023577809,16.7267780052498
2620,44.01898806798272,16.73646899871528,0.11283898493275046,0.03057497087866068,rt_fast_path,0.27122499886900187,0.3205310204066336,0.43867999920621514,16.727602982427925
2621,44.035724848974496,16.736780991777778,0.11897296644747257,0.03043399192392826,rt_fast_path,0.25328603805974126,0.3019230207428336,0.427088001742959,16.735807002987713
2622,44.0524674669723,16.74261799780652,0.08178403368219733,0.022128981072455645,rt_fast_path,0.39934698725119233,0.4356849822215736,0.5215560086071491,16.726924979593605
2623,44.069199198973365,16.731732001062483,0.05673704436048865,0.015186029486358166,rt_fast_path,0.21066103363409638,0.23653998505324125,0.29643101152032614,16.72636898001656
2624,44.08592976699583,16.730568022467196,0.05612598033621907,0.01440098276361823,rt_fast_path,0.3752739867195487,0.3991289995610714,0.4575799684971571,16.73147000838071
2625,44.10266616998706,16.736402991227806,0.06145000224933028,0.017219979781657457,rt_fast_path,0.20543101709336042,0.2334199962206185,0.29808597173541784,16.725227993447334
2626,44.119397462985944,16.731292998883873,0.05815603071823716,0.015388999599963427,rt_fast_path,0.23162795696407557,0.2570169745013118,0.31877297442406416,16.72429096652195
2627,44.13612654898316,16.729085997212678,0.052844989113509655,0.014873978216201067,rt_fast_path,0.2187019563280046,0.24340301752090454,0.29890501173213124,16.724293993320316
2628,44.15285480697639,16.728257993236184,0.04683900624513626,0.013710989151149988,rt_fast_path,0.31780399149283767,0.3414599923416972,0.39075600216165185,16.720863990485668
2629,44.16957999696024,16.725189983844757,0.03452599048614502,0.010465970262885094,rt_fast_path,0.3465060144662857,0.3652280429378152,0.4013440338894725,16.720816027373075
2630,44.18630414700601,16.724150045774877,0.030383991543203592,0.0089199747890234,rt_fast_path,0.1920319627970457,0.2085199812427163,0.24026894243434072,16.774881980381906
2631,44.203085178975016,16.78103196900338,0.05067902384325862,0.01436303136870265,rt_fast_path,0.3617669572122395,0.38652599323540926,0.440168019849807,16.72470901394263
2632,44.21981663996121,16.73146098619327,0.05429796874523163,0.01520104706287384,rt_fast_path,1.1534299701452255,1.1798880295827985,1.2375410296954215,16.72813401091844
2633,44.23655044299085,16.733803029637784,0.05230901297181845,0.015685975085943937,rt_fast_path,0.41028595296666026,0.4364369669929147,0.4917379701510072,16.855494992341846
2634,44.253411416953895,16.86097396304831,0.058170000556856394,0.016151985619217157,rt_fast_path,0.9779109968803823,1.0052570141851902,1.0672880453057587,16.7242280440405
2635,44.270140348002315,16.728931048419327,0.0429380452260375,0.012879958376288414,rt_fast_path,0.49059197772294283,0.5122849834151566,0.5572959780693054,16.723496955819428
2636,44.286868639988825,16.728291986510158,0.039534003008157015,0.011748983524739742,rt_fast_path,0.6572160054929554,0.677581992931664,0.7188929594121873,16.692704986780882
2637,44.30356551898876,16.696878999937326,0.044576998334378004,0.013008015230298042,rt_fast_path,2.0847799605689943,2.1069899667054415,2.153712965082377,16.724209010135382
2638,44.3202943559736,16.72883698483929,0.04159699892625213,0.012096017599105835,rt_fast_path,0.32754504354670644,0.34830899676308036,0.39193499833345413,16.723981010727584
2639,44.33702172100311,16.72736502951011,0.033321965020149946,0.01000997144728899,rt_fast_path,0.30922499718144536,0.3287530271336436,0.3635389730334282,17.01912999851629
2640,44.35404512099922,17.02339999610558,0.033930991776287556,0.010253977961838245,rt_fast_path,1.402546011377126,3.4969120169989765,3.532513976097107,16.726134985219687
2641,44.37077554495772,16.730423958506435,0.03296998329460621,0.010044022928923368,rt_fast_path,0.2870450261980295,0.3056430141441524,0.34001300809904933,16.72854699427262
2642,44.387507712002844,16.73216704512015,0.030221010092645884,0.009588024113327265,rt_fast_path,0.19837700529024005,0.21622300846502185,0.24784199194982648,16.75605494529009
2643,44.40429449698422,16.786784981377423,0.05874200724065304,0.013956974726170301,rt_fast_path,1.1320050107315183,1.156094018369913,1.2274309992790222,16.734970966354012
2644,44.421036321960855,16.741824976634234,0.05011301254853606,0.01347699435427785,rt_fast_path,0.3999510081484914,0.4232839564792812,0.4760189913213253,16.73805300379172
2645,44.43778196297353,16.74564101267606,0.05254597635939717,0.013676006346940994,rt_fast_path,0.5659229937009513,0.5923929857090116,0.6477389833889902,16.741840983740985
2646,44.454531399998814,16.749437025282532,0.051776005420833826,0.013616983778774738,rt_fast_path,0.4149439628235996,0.43881003512069583,0.4934979951940477,16.89312298549339
2647,44.471452764002606,16.921364003792405,0.05488400347530842,0.014657038263976574,rt_fast_path,0.5009460146538913,0.5289930268190801,0.5868829903192818,16.956996987573802
2648,44.488419676956255,16.966912953648716,0.062373001128435135,0.01613103086128831,rt_fast_path,0.6287150317803025,0.6580380140803754,0.7233910146169364,16.815045033581555
2649,44.50524178298656,16.822106030303985,0.1369789824821055,0.015305005945265293,rt_fast_path,2.519986010156572,2.548507007304579,2.6884209946729243,16.742774983868003
2650,44.5219930819585,16.751298971939832,0.0640010111965239,0.01693499507382512,rt_fast_path,0.3644380485638976,0.3945099888369441,0.4621610278263688,16.733983007725328
2651,44.53873422095785,16.74113899935037,0.052058021537959576,0.01375400461256504,rt_fast_path,0.22591697052121162,0.2493030042387545,0.30417501693591475,16.77422202192247
2652,44.555516156950034,16.781935992185026,0.05000003147870302,0.013632001355290413,rt_fast_path,0.3075169515796006,0.33155299024656415,0.3841710276901722,16.795873001683503
2653,44.572318962949794,16.802805999759585,0.048925052396953106,0.01305597834289074,rt_fast_path,0.3393640508875251,0.3645979450084269,0.41611900087445974,16.732725023757666
2654,44.58905774500454,16.73878205474466,0.051409006118774414,0.014585035387426615,rt_fast_path,0.25477801682427526,0.2798750065267086,0.3337039961479604,16.86577999498695
2655,44.60595314495731,16.895399952773005,0.048055953811854124,0.013254000805318356,rt_fast_path,0.4892199649475515,0.5144670139998198,0.565227004699409,16.73842902528122
2656,44.62269676098367,16.74361602636054,0.0470730010420084,0.012433971278369427,rt_fast_path,0.24134002160280943,0.26310200337320566,0.31252799089998007,16.73141197534278
2657,44.639433681964874,16.736920981202275,0.04893401637673378,0.012767035514116287,rt_fast_path,0.2851670142263174,0.30779599910601974,0.3591200220398605,16.729728027712554
2658,44.65616897295695,16.735290992073715,0.04726304905489087,0.01423998037353158,rt_fast_path,0.4045460373163223,0.4282729933038354,0.47779903979972005,16.725593013688922
2659,44.672900730976835,16.73175801988691,0.05084602162241936,0.01383305061608553,rt_fast_path,0.2652300172485411,0.289136020001024,0.3424690221436322,16.733177995774895
2660,44.6896389729809,16.738242004066706,0.050476985052227974,0.013731012586504221,rt_fast_path,0.37209101719781756,0.3955330466851592,0.44863001676276326,16.73531997948885
2661,44.70637943095062,16.74045796971768,0.047170964535325766,0.012988981325179338,rt_fast_path,0.2379280049353838,0.26056700153276324,0.3100130124948919,16.730621049646288
2662,44.72311739198631,16.737961035687476,0.06900500738993287,0.020659994333982468,rt_fast_path,0.30710501596331596,0.3413129597902298,0.4145869752392173,16.73056901199743
2663,44.73985337797785,16.73598599154502,0.05831097951158881,0.014927994925528765,rt_fast_path,0.24733995087444782,0.2729030093178153,0.334304990246892,16.732443997170776
2664,44.75659065297805,16.73727500019595,0.04910002462565899,0.01354701817035675,rt_fast_path,0.39711996214464307,0.4204210126772523,0.47183100832626224,16.752658993937075
2665,44.773350979958195,16.76032698014751,0.05643500480800867,0.015068042557686567,rt_fast_path,0.5590450018644333,0.5873729824088514,0.6467900238931179,16.746211040299386
2666,44.79010212997673,16.751150018535554,0.04801596514880657,0.012658012565225363,rt_fast_path,0.3272250178270042,0.3496810095384717,0.39999798173084855,16.731118026655167
2667,44.80683814297663,16.736012999899685,0.048939953558146954,0.01313304528594017,rt_fast_path,0.34779898123815656,0.37023203913122416,0.42167201172560453,16.735492972657084
2668,44.82359987299424,16.76173001760617,0.05904602585360408,0.012996024452149868,rt_fast_path,0.41785399662330747,0.4403169732540846,0.5118759581819177,16.751486982684582
2669,44.84038343699649,16.783564002253115,0.056814984418451786,0.014082994312047958,rt_fast_path,0.2798140048980713,0.3039860166609287,0.37558400072157383,16.730851959437132
2670,44.8571199469734,16.736509976908565,0.06027502240613103,0.016798032447695732,rt_fast_path,0.27724599931389093,0.30507997144013643,0.3683079848997295,16.730642993934453
2671,44.87385550898034,16.735562006942928,0.0509719830006361,0.013720011338591576,rt_fast_path,0.37700700340792537,0.40110398549586535,0.45458099339157343,16.73573302105069
2672,44.89059607300442,16.740564024075866,0.04958698991686106,0.013327982742339373,rt_fast_path,0.2152749802917242,0.23814401356503367,0.29039097717031837,16.725693945772946
2673,44.90732625196688,16.73017896246165,0.04510401049628854,0.012477976270020008,rt_fast_path,0.37430296652019024,0.39593700785189867,0.44320302549749613,16.734037024434656
2674,44.92406522796955,16.738976002670825,0.04953396273776889,0.013881013728678226,rt_fast_path,0.3811880014836788,0.4042870132252574,0.45634800335392356,16.732683987356722
2675,44.94080345198745,16.738224017899483,0.05439802771434188,0.013826997019350529,rt_fast_path,0.2596959820948541,0.28363894671201706,0.34071796108037233,16.921606962569058
2676,44.957730740949046,16.927288961596787,0.05327904364094138,0.014265009667724371,rt_fast_path,0.25295198429375887,0.278628955129534,0.3344810102134943,16.715789039153606
2677,44.974450983980205,16.720243031159043,0.04968896973878145,0.014384044334292412,rt_fast_path,0.2207899815402925,0.246351002715528,0.2985299797728658,16.724960994906723
2678,44.991180885001086,16.72990102088079,0.03860396100208163,0.012913020327687263,rt_fast_path,0.32527296571061015,0.3471570089459419,0.38750196108594537,16.724400979001075
2679,45.007910373969935,16.729488968849182,0.04352198448032141,0.012114993296563625,rt_fast_path,0.3571979468688369,0.3789839684031904,0.4244379815645516,16.721662017516792
2680,45.02463658596389,16.726211993955076,0.038350000977516174,0.011775002349168062,rt_fast_path,0.3645719843916595,0.3853319794870913,0.4255020176060498,16.72641799086705
2681,45.04136709799059,16.730512026697397,0.0379459816031158,0.011174008250236511,rt_fast_path,0.30906900065019727,0.33001898555085063,0.37064397474750876,16.724402958061546
2682,45.058096325956285,16.729227965697646,0.03891601227223873,0.01177395461127162,rt_fast_path,0.19772100495174527,0.21815398940816522,0.258907035458833,16.720700019504875
2683,45.07482206396526,16.725738008972257,0.03966299118474126,0.01161801628768444,rt_fast_path,0.32871600706130266,0.3491140087135136,0.39054901571944356,16.723609005566686
2684,45.09154984395718,16.727779991924763,0.03585300873965025,0.010859977919608355,rt_fast_path,0.32535300124436617,0.3440839936956763,0.3814800293184817,16.68609504122287
2685,45.108240314002614,16.69047004543245,0.041386985685676336,0.01359300222247839,rt_fast_path,0.3289940068498254,0.35290903178974986,0.39592699613422155,16.72299497295171
2686,45.12496797996573,16.727665963117033,0.04175497451797128,0.012906035408377647,rt_fast_path,0.35248801577836275,0.3743370180018246,0.41808100650087,16.72442303970456
2687,45.14169713697629,16.729157010558993,0.04360399907454848,0.012803997378796339,rt_fast_path,2.0040060044266284,2.0266909850761294,2.072217990644276,19.21654597390443
2688,45.16091795597458,19.22081899829209,0.038070022128522396,0.01186697045341134,rt_fast_path,0.1958089997060597,0.21636899327859282,0.25629799347370863,16.72041800338775
2689,45.177642344962806,16.724388988222927,0.03641401417553425,0.010486983228474855,rt_fast_path,0.32220000866800547,0.34091301495209336,0.3789940383285284,16.72326901461929
2690,45.194369759003166,16.7274140403606,0.03324402496218681,0.011232972610741854,rt_fast_path,0.24110701633617282,0.2615959965623915,0.2965449821203947,16.7266889475286
2691,45.21110095997574,16.73120097257197,0.04017603350803256,0.011541997082531452,rt_fast_path,0.33897400135174394,0.35903998650610447,0.40095101576298475,16.724097018595785
2692,45.22782946599182,16.728506016079336,0.037138990592211485,0.0113109708763659,rt_fast_path,0.3288980224169791,0.34880900057032704,0.3875829861499369,16.721275984309614
2693,45.24455551797291,16.726051981095225,0.03638601629063487,0.010810967069119215,rt_fast_path,0.31918002059683204,0.3381659626029432,0.37630798760801554,16.81641599861905
2694,45.26137678499799,16.821267025079578,0.0346240121871233,0.01018104376271367,rt_fast_path,0.34033902920782566,0.3590889973565936,0.3954889834858477,16.724243003409356
2695,45.2781057349639,16.728949965909123,0.032167008612304926,0.009789015166461468,rt_fast_path,0.19382702885195613,0.21160999312996864,0.24539302103221416,16.721590014640242
2696,45.294832490966655,16.726756002753973,0.046271015889942646,0.013311975635588169,rt_fast_path,0.20166300237178802,0.22428797092288733,0.27247099205851555,16.72435598447919
2697,45.31156055995962,16.728068992961198,0.03490701783448458,0.011112948413938284,rt_fast_path,0.3460380248725414,0.36497198743745685,0.40154001908376813,16.67284604627639
2698,45.328236859990284,16.676300030667335,0.032117997761815786,0.00962201738730073,rt_fast_path,0.3440679865889251,0.36157399881631136,0.3950069658458233,16.72336901538074
2699,45.34496516396757,16.728303977288306,0.03663601819425821,0.010626972652971745,rt_fast_path,0.19898900063708425,0.21852797362953424,0.25702198036015034,16.72343403333798
2700,45.36169379099738,16.728627029806376,0.04118395736441016,0.011748983524739742,rt_fast_path,0.3568069660104811,0.3784450236707926,0.42154197581112385,16.724371002055705
2701,45.378423019952606,16.72922895522788,0.038422003854066133,0.011002994142472744,rt_fast_path,0.1846419763751328,0.20425498951226473,0.24440704146400094,16.723870998248458
2702,45.395152070967015,16.72905101440847,0.04368298687040806,0.012539036106318235,rt_fast_path,0.19763398449867964,0.219670997466892,0.2655410207808018,16.753095027524978
2703,45.41190992598422,16.757855017203838,0.03881397424265742,0.011860975064337254,rt_fast_path,0.3283859696239233,1.5896770055405796,1.6302139847539365,16.723650973290205
2704,45.428637490957044,16.72756497282535,0.03192597068846226,0.009745010174810886,rt_fast_path,0.21979300072416663,0.23782200878486037,0.2712130080908537,17.519753018859774
2705,45.44616133795353,17.52384699648246,0.041997001972049475,0.01198495738208294,rt_fast_path,3.2672189990989864,3.288261010311544,3.332164022140205,17.09425204899162
2706,45.463274938985705,17.11360103217885,0.11623703176155686,0.019275001250207424,rt_fast_path,0.27408101595938206,0.30797196086496115,0.4317829734645784,16.734303964767605
2707,45.48002155695576,16.746617970056832,0.062484992668032646,0.012364995200186968,rt_fast_path,0.2431820030324161,0.26581401471048594,0.33314002212136984,16.723227046895772
2708,45.49675038398709,16.728827031329274,0.03780698170885444,0.011237978469580412,rt_fast_path,0.21306599956005812,0.23322500055655837,0.27266598772257566,16.756716009695083
2709,45.5135137969628,16.76341297570616,0.05276798037812114,0.024201988708227873,rt_fast_path,0.36412698682397604,0.39980298606678843,0.45566499466076493,16.718225029762834
2710,45.53023525996832,16.72146300552413,0.037142017390578985,0.010835006833076477,rt_fast_path,0.21093699615448713,0.2294359728693962,0.26838399935513735,16.721079999115318
2711,45.546960137959104,16.72487799078226,0.03974599530920386,0.012860982678830624,rt_fast_path,0.18365198047831655,0.20584900630638003,0.24781201500445604,16.724560991860926
2712,45.56369012698997,16.72998903086409,0.054059026297181845,0.015332014299929142,rt_fast_path,0.22809801157563925,0.2542089787311852,0.31120498897507787,16.72130700899288
2713,45.58041450800374,16.72438101377338,0.035025004763156176,0.010662013664841652,rt_fast_path,0.1801790203899145,0.19830098608508706,0.23501296527683735,16.724951972719282
2714,45.5971425769967,16.728068992961198,0.046964967623353004,0.010608986485749483,rt_fast_path,0.19195000641047955,0.21021103020757437,0.2587040071375668,16.722554981242865
2715,45.61386841197964,16.72583498293534,0.03507896326482296,0.010293966624885798,rt_fast_path,0.1871350104920566,0.2055040095001459,0.24238898186013103,16.723614011425525
2716,45.63059480895754,16.72639697790146,0.030055001843720675,0.009002978913486004,rt_fast_path,0.1804399653337896,0.19661302212625742,0.2282910281792283,16.723266046028584
2717,45.64732164697489,16.7268380173482,0.036487006582319736,0.011196010746061802,rt_fast_path,0.19751396030187607,0.21758198272436857,0.25592499878257513,16.720975982025266
2718,45.664046546968166,16.724899993278086,0.04427996464073658,0.012536998838186264,rt_fast_path,0.21864200243726373,0.2400350058451295,0.286630995105952,16.724742017686367
2719,45.6807745929691,16.728046000935137,0.03937497967854142,0.02323300577700138,rt_fast_path,0.20256999414414167,0.23427599808201194,0.2753739827312529,16.722681000828743
2720,45.69750192895299,16.727335983887315,0.04718301352113485,0.01262204023078084,rt_fast_path,0.3338789683766663,0.35622797440737486,0.4055949975736439,16.85652299784124
2721,45.71436668699607,16.864758043084294,0.05859299562871456,0.015142024494707584,rt_fast_path,0.4232550272718072,0.4511470324359834,0.5131119978614151,16.726979985833168
2722,45.73110043699853,16.73375000245869,0.050407019443809986,0.013890035916119814,rt_fast_path,0.5426160059869289,0.5698149907402694,0.6230819853954017,16.807439969852567
2723,45.74791535094846,16.814913949929178,0.060579972341656685,0.016053032595664263,rt_fast_path,0.3488389775156975,0.3775060176849365,0.441140029579401,17.306539055425674
2724,45.76522650296101,17.311152012553066,0.05567801417782903,0.014818040654063225,rt_fast_path,2.022164990194142,2.0553889917209744,2.1138740121386945,16.7318070307374
2725,45.781964989961125,16.73848700011149,0.0504140043631196,0.01294200774282217,rt_fast_path,0.23617100669071078,0.25955098681151867,0.3126210067421198,16.729005030356348
2726,45.79870061395923,16.7356239981018,0.09873701492324471,0.013643992133438587,rt_fast_path,0.20625698380172253,0.23145799059420824,0.332778028678149,18.48198304651305
2727,45.81718726496911,18.486651009880006,0.04866695962846279,0.013086013495922089,rt_fast_path,1.1973949731327593,1.2235130416229367,1.2743290280923247,16.816137998830527
2728,45.834021719987504,16.83445501839742,0.04050001734867692,0.012238044291734695,rt_fast_path,1.419466978404671,1.4440969680435956,1.4864999684505165,16.738856968004256
2729,45.85076632897835,16.744608990848064,0.053123978432267904,0.014727003872394562,rt_fast_path,0.3025540499947965,0.32721098978072405,0.3830139758065343,16.736422025132924
2730,45.86750828794902,16.741958970669657,0.04894798621535301,0.013206037692725658,rt_fast_path,0.3803370054811239,0.40348496986553073,0.4549630102701485,16.740356048103422
2731,45.88427442195825,16.766134009230882,0.10518403723835945,0.014056044165045023,rt_fast_path,0.36778702633455396,0.3925269702449441,0.5102470167912543,16.73638599459082
2732,45.90101618797053,16.74176601227373,0.04892796277999878,0.012891017831861973,rt_fast_path,0.20557001698762178,0.22783898748457432,0.27933798264712095,16.733957978431135
2733,45.91777863597963,16.762448009103537,0.08845003321766853,0.012681004591286182,rt_fast_path,0.3521100152283907,0.37451001117005944,0.4745650221593678,16.73285197466612
2734,45.93451708398061,16.73844800097868,0.04935602191835642,0.012908014468848705,rt_fast_path,0.4028489929623902,0.42502302676439285,0.47670601634308696,16.72083098674193
2735,45.95124593999935,16.72885601874441,0.06930402014404535,0.018506019841879606,rt_fast_path,0.31231698812916875,0.3438019775785506,0.4163949633948505,16.73375000245869
2736,45.96798595099244,16.740010993089527,0.05747698014602065,0.015338999219238758,rt_fast_path,0.343272986356169,0.36947999615222216,0.4299319698475301,16.731354990042746
2737,45.98472295299871,16.737002006266266,0.049390015192329884,0.013031007256358862,rt_fast_path,0.20990200573578477,0.23276801221072674,0.2844529808498919,16.72993099782616
2738,46.001458721002564,16.7357680038549,0.04871899727731943,0.012883043382316828,rt_fast_path,0.23404997773468494,0.25697704404592514,0.3081129980273545,16.73051796387881
2739,46.0181948049576,16.73608395503834,0.04953803727403283,0.017873011529445648,rt_fast_path,0.38922601379454136,0.41680800495669246,0.4687590408138931,16.737949044909328
2740,46.034939437988214,16.74463303061202,0.04964601248502731,0.01317501300945878,rt_fast_path,0.365697022061795,0.3888480132445693,0.4410439869388938,16.777204000391066
2741,46.05172256595688,16.783127968665212,0.05001696990802884,0.013199984095990658,rt_fast_path,0.37871801760047674,0.4023209912702441,0.4550419980660081,16.730396018829197
2742,46.068458388966974,16.735823010094464,0.05033198976889253,0.013214012142270803,rt_fast_path,0.5536769749596715,0.576998048927635,0.629610032774508,16.732699004933238
2743,46.085196650004946,16.738261037971824,0.05110003985464573,0.012894975952804089,rt_fast_path,0.24213700089603662,0.2649099915288389,0.3184109809808433,16.730484960135072
2744,46.101932290999684,16.735640994738787,0.04727795021608472,0.01298397546634078,rt_fast_path,0.42899296386167407,0.4513980238698423,0.5009609740227461,16.72912697540596
2745,46.118666899972595,16.73460897291079,0.04979001823812723,0.01340097514912486,rt_fast_path,0.36605901550501585,0.3893009852617979,0.4416269948706031,16.732110001612455
2746,46.135403499996755,16.736600024159998,0.04668801557272673,0.01284095924347639,rt_fast_path,0.22380700102075934,0.24668697733432055,0.2958849654532969,16.730079951230437
2747,46.15214083698811,16.737336991354823,0.06426504114642739,0.018457998521625996,rt_fast_path,0.2471829648129642,0.27631898410618305,0.34368998603895307,16.729935014154762
2748,46.16887625696836,16.7354199802503,0.05634402623400092,0.014138990081846714,rt_fast_path,0.21363800624385476,0.23867597337812185,0.297543010674417,16.72978198621422
2749,46.18561064795358,16.73439098522067,0.05016900831833482,0.013779033906757832,rt_fast_path,0.2957439864985645,0.31949696131050587,0.3719970118254423,16.731690033338964
2750,46.20234699198045,16.7363440268673,0.047528010327368975,0.012898992281407118,rt_fast_path,0.20782899810001254,0.23036898346617818,0.2802480012178421,16.730158997233957
2751,46.21908192400588,16.73493202542886,0.05125300958752632,0.01367594813928008,rt_fast_path,0.2776490291580558,0.3012879751622677,0.3551229601725936,16.732341959141195
2752,46.235818936955184,16.737012949306518,0.04672899376600981,0.01268298365175724,rt_fast_path,0.18026004545390606,0.20209199283272028,0.2511710044927895,16.745243046898395
2753,46.25257676996989,16.757833014708012,0.04935602191835642,0.013342010788619518,rt_fast_path,0.25444600032642484,0.27734297327697277,0.3290559980086982,16.730927978642285
2754,46.26931266998872,16.735900018829852,0.051888986490666866,0.014132005162537098,rt_fast_path,0.21069403737783432,0.23458199575543404,0.28891797410324216,16.7305669747293
2755,46.28604804398492,16.735373996198177,0.04811899270862341,0.012695032637566328,rt_fast_path,0.4150660242885351,0.43734803330153227,0.48777100164443254,16.72905299346894
2756,46.30278191296384,16.7338689789176,0.04705903120338917,0.012838980183005333,rt_fast_path,0.24932599626481533,0.2713190042413771,0.32073602778837085,16.729902010411024
2757,46.319516899995506,16.734987031668425,0.048802990932017565,0.012881995644420385,rt_fast_path,0.2238789456896484,0.24719699285924435,0.29834097949787974,16.730064002331346
2758,46.3362517519854,16.734851989895105,0.049208989366889,0.013290031347423792,rt_fast_path,0.4242209834046662,0.44721801532432437,0.4990199813619256,16.73121197381988
2759,46.352988653990906,16.736902005504817,0.056034012231975794,0.014034972991794348,rt_fast_path,0.23501698160544038,0.25945995002985,0.3181179636158049,16.726272006053478
2760,46.36972033599159,16.731682000681758,0.05426694406196475,0.014358956832438707,rt_fast_path,0.21772400941699743,0.24215702433139086,0.29887998243793845,16.694504010956734
2761,46.38641971995821,16.699383966624737,0.04889495903626084,0.012720993254333735,rt_fast_path,0.36954996176064014,0.3918420406989753,0.4431290435604751,16.731797019019723
2762,46.40315617696615,16.736457007937133,0.046716013457626104,0.012833974324166775,rt_fast_path,0.35892199957743287,0.38093002513051033,0.4299270221963525,16.72969403443858
2763,46.41989086399553,16.734687029384077,0.049412017688155174,0.013009004760533571,rt_fast_path,0.29343803180381656,0.3161759814247489,0.36802695831283927,16.734048957005143
2764,46.43665804498596,16.767180990427732,0.0643320381641388,0.013151031453162432,rt_fast_path,0.22819102741777897,0.2504859585314989,0.33015396911650896,16.72931801294908
2765,46.45339319197228,16.735146986320615,0.04886899841949344,0.013304990716278553,rt_fast_path,0.22433203412219882,0.24724699323996902,0.2984890015795827,16.736501012928784
2766,46.47015534900129,16.76215702900663,0.07028202526271343,0.012859993148595095,rt_fast_path,0.2007089788094163,0.22315297974273562,0.30540197622030973,16.729954979382455
2767,46.4868912359816,16.735886980313808,0.049129012040793896,0.013293989468365908,rt_fast_path,0.23361505009233952,0.2562329755164683,0.30768197029829025,16.72984496690333
2768,46.50362743996084,16.736203979235142,0.052103016059845686,0.013151962775737047,rt_fast_path,0.3674920299090445,0.39100402500480413,0.44566503493115306,16.731184034142643
2769,46.5203650110052,16.737571044359356,0.05045003490522504,0.013308017514646053,rt_fast_path,0.2542890142649412,0.2774589811451733,0.33045298187062144,16.738519945647568
2770,46.53712391195586,16.75890095066279,0.05018000956624746,0.013704993762075901,rt_fast_path,0.2413930487819016,0.26536796940490603,0.3182350192219019,16.748916008509696
2771,46.55388415994821,16.76024799235165,0.0960809993557632,0.015463971067219973,rt_fast_path,0.28987001860514283,0.31675101490691304,0.41545904241502285,16.73167501576245
2772,46.570621175982524,16.737016034312546,0.05256803706288338,0.014908961020410061,rt_fast_path,0.24162197951227427,0.26679696748033166,0.3219309728592634,16.732272983063012
2773,46.587358093005605,16.736917023081332,0.049569003749638796,0.013486016541719437,rt_fast_path,0.24958397261798382,0.27255399618297815,0.3245229599997401,16.73824799945578
2774,46.604100864962675,16.742771957069635,0.047276029363274574,0.012320000678300858,rt_fast_path,0.21405896404758096,0.23545598378404975,0.28496101731434464,16.731497016735375
2775,46.62083688098937,16.736016026698053,0.046716013457626104,0.012908014468848705,rt_fast_path,0.20172499353066087,0.22401398746296763,0.27301296358928084,16.72942197183147
2776,46.63757097395137,16.734092961996794,0.04770501982420683,0.018311955500394106,rt_fast_path,0.3548230160959065,0.38262602174654603,0.4325990448705852,16.734689997974783
2777,46.65431043395074,16.73945999937132,0.04984601400792599,0.013465993106365204,rt_fast_path,0.20500097889453173,0.2283449866808951,0.2805510303005576,16.73233602195978
2778,46.67104768299032,16.737249039579183,0.0471209641546011,0.012990029063075781,rt_fast_path,0.1898349728435278,0.21235900931060314,0.2618319704197347,16.729586001019925
2779,46.68778197898064,16.73429599031806,0.04668603651225567,0.01273199450224638,rt_fast_path,0.23280398454517126,0.25496695889160037,0.3040339797735214,16.729119000956416
2780,46.70451594598126,16.733967000618577,0.047316018026322126,0.012842996511608362,rt_fast_path,0.23909902665764093,0.26119797257706523,0.3107889788225293,16.726727015338838
2781,46.72124760400038,16.73165801912546,0.08077896200120449,0.059420010074973106,rt_fast_path,0.22126099793240428,0.3090089885517955,0.39233395364135504,16.778074961621314
2782,46.73805048299255,16.80287899216637,0.0530409743078053,0.013121985830366611,rt_fast_path,0.22391002858057618,0.2468189923092723,0.3106289659626782,16.731240961235017
2783,46.754788298974745,16.73781598219648,0.07004797225818038,0.0179799972102046,rt_fast_path,0.2584229805506766,0.28909003594890237,0.3630390274338424,16.7324339854531
2784,46.771526466996875,16.738168022129685,0.060210993979126215,0.01607701415196061,rt_fast_path,0.25542796356603503,0.2822850365191698,0.3454129910096526,16.734956996515393
2785,46.78828792698914,16.76145999226719,0.055402982980012894,0.013165001291781664,rt_fast_path,0.39276800816878676,0.41583803249523044,0.4836500156670809,16.739816986955702
2786,46.80503231898183,16.74439199268818,0.04772399552166462,0.013022974599152803,rt_fast_path,0.21162501070648432,0.2340450300835073,0.2840509987436235,16.72906702151522
2787,46.82176660496043,16.734285978600383,0.048370042350143194,0.013143988326191902,rt_fast_path,0.20572403445839882,0.22817397257313132,0.2789190039038658,16.729385999497026
2788,46.83850114798406,16.734543023630977,0.04854099825024605,0.012951961252838373,rt_fast_path,0.33898098627105355,0.36135996924713254,0.41234097443521023,16.736485995352268
2789,46.8552424479858,16.741300001740456,0.047846988309174776,0.01294200774282217,rt_fast_path,0.2516420208849013,0.2738970215432346,0.324068998452276,16.785766987595707
2790,46.872033795982134,16.79134799633175,0.04998903023079038,0.013812968973070383,rt_fast_path,0.37768599577248096,0.4012749996036291,0.45354501344263554,16.730392002500594
2791,46.88876944599906,16.73565001692623,0.04816899308934808,0.012982985936105251,rt_fast_path,0.34762301947921515,0.37022901233285666,0.4207459860481322,16.71448297565803
2792,46.90550896700006,16.739521000999957,0.061281025409698486,0.013127981219440699,rt_fast_path,0.38082600804045796,0.4039329942315817,0.4770579980686307,16.730479954276234
2793,46.9222442409955,16.735273995436728,0.048660964239388704,0.01319398870691657,rt_fast_path,0.24514400865882635,0.26773300487548113,0.3189559793099761,16.73073199344799
2794,46.93897979595931,16.735554963815957,0.04825601354241371,0.012692005839198828,rt_fast_path,0.21742796525359154,0.2393909962847829,0.289993011392653,16.729433031287044
2795,46.95571437297622,16.73457701690495,0.04886201350018382,0.013316050171852112,rt_fast_path,0.41988800512626767,0.44335698476061225,0.49486401258036494,16.723162028938532
2796,46.97244565200526,16.731279029045254,0.06602297071367502,0.017593964003026485,rt_fast_path,0.39413204649463296,0.42378599755465984,0.4938069614581764,16.825156984850764
2797,46.989277036977,16.83138497173786,0.05492096533998847,0.014240038581192493,rt_fast_path,0.27326203417032957,0.29769400134682655,0.35530998138710856,16.729676979593933
2798,47.00601181399543,16.73477701842785,0.04754000110551715,0.012969947420060635,rt_fast_path,0.24362601106986403,0.26586896274238825,0.3157489700242877,16.731046955101192
2799,47.022747685958166,16.735871962737292,0.047065026592463255,0.012514006812125444,rt_fast_path,0.24130300153046846,0.263125984929502,0.31258800299838185,16.726138012018055
2800,47.03948257799493,16.734892036765814,0.08438597433269024,0.021822983399033546,rt_fast_path,0.39607001235708594,0.43445301707834005,0.5235080025158823,16.732390969991684
2801,47.056227041000966,16.744463006034493,0.10282301809638739,0.02751301508396864,rt_fast_path,0.30211301054805517,0.3463439643383026,0.45764294918626547,16.732643998693675
2802,47.07297021499835,16.743173997383565,0.10700098937377334,0.025950022973120213,rt_fast_path,0.639550038613379,0.6843130104243755,0.7976859924383461,16.735696990508586
2803,47.08972338098101,16.75316598266363,0.14395901234820485,0.03291800385341048,rt_fast_path,0.4774570115841925,0.5319800111465156,0.6836630054749548,16.740877996198833
2804,47.106474407948554,16.751026967540383,0.10779901640489697,0.02973596565425396,rt_fast_path,0.4303199821151793,0.4762989701703191,0.589889008551836,16.75190101377666
2805,47.12326021998888,16.785812040325254,0.058954989071935415,0.014482997357845306,rt_fast_path,0.3904349869117141,0.41645002784207463,0.48178998986259103,16.73529000254348
2806,47.14000048395246,16.740263963583857,0.10240700794383883,0.013454991858452559,rt_fast_path,0.3656309563666582,0.39482401916757226,0.4996380303055048,16.73591003054753
2807,47.15674088400556,16.740400053095073,0.04660896956920624,0.012828037142753601,rt_fast_path,0.27458101976662874,0.2967229811474681,0.3457509446889162,16.731524956412613
2808,47.17347802000586,16.73713600030169,0.06071204552426934,0.016004021745175123,rt_fast_path,0.21092896349728107,0.23817899636924267,0.3017919952981174,19.961686979513615
2809,47.19346289394889,19.984873943030834,0.054122996516525745,0.018105958588421345,rt_fast_path,3.9682950009591877,3.99923202348873,4.055655037518591,17.06763100810349
2810,47.21053809399018,17.075200041290373,0.06940204184502363,0.019545026589185,rt_fast_path,1.582272001542151,1.6159809892997146,1.6887160018086433,16.85175998136401
2811,47.22739715198986,16.85905799968168,0.057891011238098145,0.016373000107705593,rt_fast_path,0.39170304080471396,0.42156799463555217,0.48221496399492025,16.81571896187961
2812,47.244220036955085,16.82288496522233,0.06033299723640084,0.013256969396024942,rt_fast_path,0.32086996361613274,0.3435640246607363,0.40662504034116864,16.723081993404776
2813,47.26094681897666,16.7267820215784,0.034289027098566294,0.010163988918066025,rt_fast_path,0.22522301878780127,0.24319998919963837,0.27929700445383787,16.720285988412797
2814,47.27767044096254,16.72362198587507,0.03248598659411073,0.00959902536123991,rt_fast_path,0.3305089776404202,0.3476790152490139,0.3818850382231176,16.71975402859971
2815,47.294393733958714,16.723292996175587,0.03465503687039018,0.010145013220608234,rt_fast_path,0.23419095668941736,0.25203300174325705,0.28829503571614623,16.720538027584553
2816,47.311120228958316,16.726494999602437,0.041296996641904116,0.012195028830319643,rt_fast_path,0.20929501624777913,0.2303600194863975,0.27358904480934143,16.721499036066234
2817,47.32784575596452,16.725527006201446,0.04634598735719919,0.012930016964673996,rt_fast_path,0.18385000294074416,0.20572298672050238,0.2541290014050901,16.72450202750042
2818,47.344574589980766,16.728834016248584,0.04849099786952138,0.012808013707399368,rt_fast_path,0.32922503305599093,0.35151897463947535,0.4023619694635272,16.725298017263412
2819,47.361305575992446,16.730986011680216,0.04670099588111043,0.012869015336036682,rt_fast_path,1.1295779841020703,1.1525909649208188,1.201632956508547,16.724071989301592
2820,47.378035065950826,16.729489958379418,0.0502640032209456,0.014276010915637016,rt_fast_path,1.2197309988550842,1.244278042577207,1.2969320523552597,16.7246000492014
2821,47.39476531196851,16.730246017687023,0.04836497828364372,0.013352022506296635,rt_fast_path,0.48773596063256264,0.5112410290166736,0.5619230214506388,16.72150898957625
2822,47.41149124898948,16.72593702096492,0.045741035137325525,0.013470009434968233,rt_fast_path,0.31137000769376755,0.3343319986015558,0.38219301495701075,16.887550009414554
2823,47.42839610099327,16.904852003790438,0.07424002978950739,0.015201978385448456,rt_fast_path,1.4297770103439689,1.4584669843316078,1.5396919916383922,16.855266992934048
2824,47.44526579597732,16.86969498405233,0.07870298577472568,0.014805002138018608,rt_fast_path,1.2512389803305268,1.2854409869760275,1.369774981867522,16.839825024362653
2825,47.46211109298747,16.845297010149807,0.045564956963062286,0.012876000255346298,rt_fast_path,1.0484170052222908,1.076648011803627,1.1245689820498228,16.82876201812178
2826,47.47895651799627,16.845425008796155,0.07359503069892526,0.015177007298916578,rt_fast_path,0.7319459691643715,0.760412949603051,0.8406259585171938,16.816849005408585
2827,47.49579006398562,16.833545989356935,0.07255701348185539,0.013924029190093279,rt_fast_path,0.5134409875608981,0.5399719811975956,0.6190739804878831,16.816738003399223
2828,47.51262177398894,16.831710003316402,0.0689359731040895,0.015183002687990665,rt_fast_path,0.6685159751214087,0.6986130028963089,0.77331397915259,16.898742993362248
2829,47.52953720098594,16.915426997002214,0.07145397830754519,0.015049008652567863,rt_fast_path,0.6557050510309637,0.6835189997218549,0.7616839720867574,17.71642197854817
2830,47.54725879296893,17.721591982990503,0.04811701364815235,0.01379998866468668,rt_fast_path,2.0571709610521793,2.0823730155825615,2.1327430149540305,16.721968015190214
2831,47.5639862959506,16.727502981666476,0.045625027269124985,0.012685020919889212,rt_fast_path,0.19440700998529792,2.3265290074050426,2.374204050283879,16.728034999687225
2832,47.580720495956484,16.734200005885214,0.051912968046963215,0.020104984287172556,rt_fast_path,1.0329530341550708,1.0642540291883051,1.1190720251761377,16.725569032132626
2833,47.59745233296417,16.73183700768277,0.05157996201887727,0.013652956113219261,rt_fast_path,0.6701790262013674,0.694060989189893,0.7485169917345047,16.727076028473675
2834,47.61418462195434,16.732288990169764,0.05223701009526849,0.013704993762075901,rt_fast_path,0.9598780306987464,0.9869660134427249,1.0418710298836231,16.732958029024303
2835,47.63092310598586,16.738484031520784,0.055269047152251005,0.014948018360882998,rt_fast_path,0.35973696503788233,0.384524988476187,0.44225400779396296,16.730383969843388
2836,47.647658330970444,16.73522498458624,0.1313909888267517,0.013268960174173117,rt_fast_path,0.5244080093689263,0.5473020137287676,0.6809890037402511,16.754793003201485
2837,47.66441848495742,16.760153986979276,0.04929298302158713,0.01337897265329957,rt_fast_path,0.3281310200691223,0.3518749726936221,0.4037269973196089,16.73260302050039
2838,47.68115730799036,16.738823032937944,0.05118700210005045,0.013489974662661552,rt_fast_path,0.5994789535179734,0.6266140262596309,0.6803229916840792,16.731746960431337
2839,47.69789407699136,16.73676900099963,0.04809902748093009,0.01298799179494381,rt_fast_path,0.4045970272272825,0.42723800288513303,0.47764601185917854,16.73097599996254
2840,47.71463035600027,16.73627900891006,0.051039038226008415,0.013813958503305912,rt_fast_path,0.36246603121981025,0.3865789622068405,0.44016295578330755,16.73556596506387
2841,47.73137286596466,16.742509964387864,0.05479500396177173,0.014986959286034107,rt_fast_path,0.523705966770649,0.5520120030269027,0.6096670404076576,16.73110999399796
2842,47.74811075796606,16.737892001401633,0.07059401832520962,0.018991006072610617,rt_fast_path,0.28428499354049563,0.3159529878757894,0.3904830082319677,16.733801981899887
2843,47.76484980195528,16.73904398921877,0.05763699300587177,0.014411984011530876,rt_fast_path,0.31265802681446075,0.3376749809831381,0.39834302151575685,16.749546048231423
2844,47.781606239965186,16.75643800990656,0.05404202966019511,0.014256977010518312,rt_fast_path,1.0596189531497657,1.0867699747905135,1.1435470078140497,16.852228029165417
2845,47.798474912997335,16.868673032149673,0.07896102033555508,0.01585303107276559,rt_fast_path,3.1073049758560956,3.136363986413926,3.2219759887084365,16.81351597653702
2846,47.81530247098999,16.827557992655784,0.08839298970997334,0.015277997590601444,rt_fast_path,0.7054460002109408,0.733888999093324,0.8280779584310949,16.816866002045572
2847,47.83213315997273,16.83068898273632,0.07804401684552431,0.027012021746486425,rt_fast_path,0.7885469822213054,0.8281579939648509,0.9119730093516409,16.724549001082778
2848,47.848861861974,16.728702001273632,0.04614703357219696,0.012542004697024822,rt_fast_path,0.5806050030514598,0.6032490055076778,0.651500013191253,16.723041015211493
2849,47.865589378983714,16.727517009712756,0.04327204078435898,0.012253993190824986,rt_fast_path,0.8561040158383548,0.8779659983702004,0.9233360178768635,17.057545017451048
2850,47.88265233399579,17.06295501207933,0.04762498429045081,0.01271301880478859,rt_fast_path,0.29095198260620236,0.3155950107611716,0.365466985385865,17.2398510039784
2851,47.89990121399751,17.248880001716316,0.047178007662296295,0.013155979104340076,rt_fast_path,0.26733503909781575,0.2906849840655923,0.34000998130068183,17.19403697643429
2852,47.91709970700322,17.19849300570786,0.04307599738240242,0.012332049664109945,rt_fast_path,0.21866202587261796,0.24006003513932228,0.2856189967133105,16.724177985452116
2853,47.93382793298224,16.72822597902268,0.04046899266541004,0.011608004570007324,rt_fast_path,0.297430029604584,0.31777500407770276,0.36017998354509473,16.74346101935953
2854,47.95057662797626,16.748694994021207,0.05504803266376257,0.013800978194922209,rt_fast_path,0.36225601797923446,0.3853410016745329,0.4436990129761398,16.72375900670886
2855,47.96730595699046,16.729329014196992,0.0436140107922256,0.013064011000096798,rt_fast_path,0.34247501753270626,0.3654269967228174,0.4111899761483073,16.723996959626675
2856,47.984034530993085,16.728574002627283,0.04511501174420118,0.013238983228802681,rt_fast_path,0.40088396053761244,0.4236639942973852,0.4708860069513321,16.72406797297299
2857,48.00076260295464,16.728071961551905,0.03843300510197878,0.011255964636802673,rt_fast_path,0.24394597858190536,0.26410596910864115,0.304715009406209,16.773579001892358
2858,48.01754021894885,16.77761599421501,0.04813499981537461,0.013092998415231705,rt_fast_path,0.18730800366029143,0.20945101277902722,0.25975401513278484,16.69252704596147
2859,48.03423649194883,16.696272999979556,0.040499959141016006,0.01141102984547615,rt_fast_path,0.20388601114973426,0.22384000476449728,0.26607001200318336,16.720783023629338
2860,48.05096213298384,16.725641035009176,0.04849903052672744,0.013361976016312838,rt_fast_path,0.24397199740633368,0.26728800730779767,0.31781900906935334,16.720896994229406
2861,48.067687489965465,16.725356981623918,0.04105601692572236,0.012420990969985723,rt_fast_path,1.2650060234591365,1.2863210286013782,1.329318038187921,16.726559028029442
2862,48.08441738295369,16.729892988223583,0.034360040444880724,0.010357005521655083,rt_fast_path,0.21649501286447048,0.23500894894823432,0.2710919943638146,16.72315102769062
2863,48.10114394099219,16.726558038499206,0.03395200474187732,0.010279007256031036,rt_fast_path,0.2353870077058673,0.25373901007696986,0.2895990037359297,16.720951010938734
2864,48.11786873295205,16.72479195985943,0.034420983865857124,0.010522024240344763,rt_fast_path,0.21493504755198956,0.23389700800180435,0.2700050245039165,16.723048000130802
2865,48.13459583197255,16.727099020499736,0.04116998752579093,0.012044038157910109,rt_fast_path,0.2959230332635343,0.3165709786117077,0.35990698961541057,16.723792999982834
2866,48.15132351295324,16.72768098069355,0.04439498297870159,0.012461969163268805,rt_fast_path,0.192314968444407,0.2138140262104571,0.2608070499263704,16.724197019357234
2867,48.168051618966274,16.72810601303354,0.038166006561368704,0.01111003803089261,rt_fast_path,0.3235279582440853,0.34308398608118296,0.38314302219077945,16.720963001716882
2868,48.184776068956126,16.724449989851564,0.03966095391660929,0.011161027941852808,rt_fast_path,1.7235320410691202,1.7437650240026414,1.7853290191851556,16.724259010516107
2869,48.20150547195226,16.729402996134013,0.04886701935902238,0.013347016647458076,rt_fast_path,0.19458902534097433,0.2177929854951799,0.2689500106498599,16.721489024348557
2870,48.21823393198429,16.728460032027215,0.053781026508659124,0.015051045920699835,rt_fast_path,0.21557998843491077,0.24102296447381377,0.29762997291982174,16.724795976188034
2871,48.234962768969126,16.72883698483929,0.04120101220905781,0.011650030501186848,rt_fast_path,0.39103999733924866,0.41147699812427163,0.45454001519829035,16.727183014154434
2872,48.25169417599682,16.731407027691603,0.04625500878319144,0.013367971405386925,rt_fast_path,1.6728590126149356,1.706218987237662,1.7548059695400298,16.73625299008563
2873,48.268438359955326,16.744183958508074,0.058931997045874596,0.01545000122860074,rt_fast_path,0.5306439707055688,0.5595040274783969,0.6214590393938124,16.867086000274867
2874,48.28532173996791,16.883380012586713,0.08088600588962436,0.015425961464643478,rt_fast_path,0.3873819950968027,0.416397990193218,0.5040619871579111,16.79605501703918
2875,48.302124954003375,16.803214035462588,0.05177996354177594,0.013630022294819355,rt_fast_path,0.20845100516453385,0.2336180186830461,0.2883129636757076,16.724725952371955
2876,48.3188541290001,16.729174996726215,0.04693301161751151,0.012279022485017776,rt_fast_path,0.21565298084169626,0.23688300279900432,0.2859479864127934,16.721424995921552
2877,48.33557961398037,16.725484980270267,0.04479900235310197,0.012119009625166655,rt_fast_path,0.40002900641411543,1.9164209952577949,1.9633009796962142,16.741583007387817
2878,48.352325220999774,16.745607019402087,0.04641996929422021,0.013003998901695013,rt_fast_path,0.18816499505192041,0.21137302974238992,0.2600330044515431,16.73657598439604
2879,48.36906554095913,16.740319959353656,0.04099099896848202,0.012115982826799154,rt_fast_path,0.2895309589803219,0.3102089976891875,0.3530000103637576,16.72309299465269
2880,48.385792175948154,16.726634989026934,0.03740296233445406,0.011433963663876057,rt_fast_path,0.18607801757752895,0.20596402464434505,0.24520204169675708,16.726115019991994
2881,48.40252429997781,16.732124029658735,0.05631998647004366,0.015597033780068159,rt_fast_path,0.38132898043841124,0.40720199467614293,0.4663119907490909,16.710920026525855
2882,48.41923936299281,16.715063014999032,0.04657101817429066,0.012794043868780136,rt_fast_path,0.2217399887740612,0.24387898156419396,0.29286096105352044,17.808817967306823
2883,48.43705184396822,17.812480975408107,0.044437998440116644,0.011249969247728586,rt_fast_path,0.21346000721678138,0.23298099404200912,0.2792209852486849,16.72070601489395
2884,48.45377703697886,16.725193010643125,0.042319006752222776,0.01310801599174738,rt_fast_path,0.21989201195538044,0.24217303143814206,0.28633902547881007,16.72088698251173
2885,48.47050440899329,16.72737201442942,0.035348988603800535,0.010957999620586634,rt_fast_path,0.7138680084608495,0.7333509856835008,0.7702229777351022,16.93226397037506
2886,48.48744506697403,16.94065798074007,0.06352097261697054,0.015815021470189095,rt_fast_path,0.34681998658925295,0.37696503568440676,0.44396502198651433,16.828651016112417
2887,48.504287749994546,16.842683020513505,0.1092440215870738,0.014451972674578428,rt_fast_path,0.48178096767514944,0.507496006321162,0.6223979871720076,16.76070300163701
2888,48.52105281397235,16.76506397780031,0.04170101601630449,0.012209988199174404,rt_fast_path,0.6165190134197474,0.6376180099323392,0.6813450017943978,16.723748005460948
2889,48.53777975495905,16.726940986700356,0.035169010516256094,0.010202988050878048,rt_fast_path,0.22177898790687323,0.24029600899666548,0.27702702209353447,16.724492015782744
2890,48.55450790497707,16.72815001802519,0.04296400584280491,0.012277043424546719,rt_fast_path,0.7868880056776106,0.8083499851636589,0.8536970126442611,17.037806974258274
2891,48.571549903950654,17.04199897358194,0.047694018576294184,0.01398700987920165,rt_fast_path,0.3237790078856051,0.3471880336292088,0.3978510503657162,17.350253998301923
2892,48.5889038159512,17.35391200054437,0.03629300044849515,0.010541989468038082,rt_fast_path,0.21897797705605626,0.237644009757787,0.27608004165813327,17.624068015720695
2893,48.606533679005224,17.62986305402592,0.05917600356042385,0.01665897434577346,rt_fast_path,0.2293050056323409,0.25661097606644034,0.31935295555740595,17.728299950249493
2894,48.62429167400114,17.757994995918125,0.08472602348774672,0.01545401755720377,rt_fast_path,0.2516039530746639,0.2784269745461643,0.3759649698622525,16.932965954765677
2895,48.64123234699946,16.940672998316586,0.04935398465022445,0.013034965377300978,rt_fast_path,0.3847189946100116,0.4082529922015965,0.46008697245270014,16.735698969569057
2896,48.65799665596569,16.7643089662306,0.0573890283703804,0.013236014638096094,rt_fast_path,1.253527996595949,1.2766809668391943,1.3465299853123724,16.732579038944095
2897,48.674734791973606,16.738136007916182,0.04896102473139763,0.013357028365135193,rt_fast_path,0.5071400082670152,0.530209974385798,0.5815579788759351,16.732165997382253
2898,48.691494673956186,16.759881982579827,0.06669602589681745,0.013209995813667774,rt_fast_path,0.33753999741747975,0.35996997030451894,0.43848901987075806,16.729747992940247
2899,48.708228905976284,16.734232020098716,0.04443101352080703,0.012286007404327393,rt_fast_path,0.3722230321727693,0.3933359985239804,0.44204300502315164,16.731470997910947
2900,48.72496592497919,16.737019002903253,0.04919402999803424,0.012809003237634897,rt_fast_path,0.24430500343441963,0.26709598023444414,0.3186819958500564,16.729580995161086
2901,48.74170214298647,16.736218007281423,0.05485402652993798,0.014398014172911644,rt_fast_path,0.23119902471080422,0.2563539892435074,0.31387899070978165,16.731600975617766
2902,48.75844051595777,16.73837297130376,0.05253800190985203,0.014299992471933365,rt_fast_path,0.25196897331625223,0.2767349942587316,0.331806018948555,16.728650021832436
2903,48.77517490898026,16.734393022488803,0.05445699207484722,0.012888980563730001,rt_fast_path,0.20921201212331653,0.23175595561042428,0.2887349692173302,16.7355960002169
2904,48.79191617196193,16.741262981668115,0.04800502210855484,0.012470001820474863,rt_fast_path,0.24278101045638323,0.2684939536266029,0.3188769915141165,16.75612904364243
2905,48.80869991495274,16.783742990810424,0.05221000174060464,0.013733981177210808,rt_fast_path,0.36551099037751555,0.3887140192091465,0.4513120511546731,16.783408995252103
2906,48.82548930298071,16.789388027973473,0.05959998816251755,0.016191042959690094,rt_fast_path,0.392594956792891,0.4196559893898666,0.48227497609332204,16.734684992115945
2907,48.84223121398827,16.741911007557064,0.05352596053853631,0.015158962924033403,rt_fast_path,0.22116402396932244,0.24685601238161325,0.30281697399914265,16.73111697891727
2908,48.85896776599111,16.736552002839744,0.04902202636003494,0.013219018001109362,rt_fast_path,0.23725698702037334,0.2601289888843894,0.3114709979854524,16.75178000004962
2909,48.87575259595178,16.784829960670322,0.04805298522114754,0.012760981917381287,rt_fast_path,0.28547400142997503,0.3077249857597053,0.36444299621507525,16.73997304169461
2910,48.892520762979984,16.768167028203607,0.08870702004060149,0.013742013834416866,rt_fast_path,0.3528730012476444,0.37640699883922935,0.47896901378408074,16.73125202069059
2911,48.90927967400057,16.75891102058813,0.09012402733787894,0.013369019143283367,rt_fast_path,0.4879860207438469,0.511751975864172,0.6140329642221332,16.78505295421928
2912,48.926071834983304,16.79216098273173,0.05164899630472064,0.013854005374014378,rt_fast_path,0.4744469770230353,0.5009930464439094,0.5554460221901536,16.734468983486295
2913,48.94281144498382,16.739610000513494,0.053142954129725695,0.014171004295349121,rt_fast_path,0.4250339698046446,0.44942001113668084,0.5049969768151641,16.759398975409567
2914,48.9596155929612,16.804147977381945,0.05305896047502756,0.01466803951188922,rt_fast_path,0.3785919980145991,0.4037290345877409,0.4602760309353471,16.75362401874736
2915,48.976396664977074,16.781072015874088,0.07383699994534254,0.01443101791664958,rt_fast_path,0.3735169884748757,0.39768096758052707,0.4840529873035848,16.73372002551332
2916,48.993149721994996,16.7530570179224,0.048753980081528425,0.013156968634575605,rt_fast_path,0.2263589994981885,0.2490600454621017,0.30023499857634306,16.731937997974455
2917,49.009886878950056,16.737156955059618,0.05715602310374379,0.014140037819743156,rt_fast_path,0.249675998929888,0.27365400455892086,0.3332500346004963,16.736225050408393
2918,49.02665003895527,16.76316000521183,0.0725699937902391,0.014671997632831335,rt_fast_path,0.20917400252074003,0.2339939819648862,0.3188150003552437,16.735231038182974
2919,49.04341349500464,16.763456049375236,0.10595802450552583,0.01528498250991106,rt_fast_path,0.23491797037422657,0.2608229988254607,0.379066972527653,16.740285966079682
2920,49.06018023396609,16.766738961450756,0.07141398964449763,0.013769022189080715,rt_fast_path,0.7022030185908079,0.7260559941641986,0.809927994851023,16.73167699482292
2921,49.07691735296976,16.737119003664702,0.04912004806101322,0.013118027709424496,rt_fast_path,0.3347930032759905,0.3575679729692638,0.40911900578066707,16.765385982580483
2922,49.093705815961584,16.788462991826236,0.05250005051493645,0.013809010852128267,rt_fast_path,0.2465610159561038,0.2707989769987762,0.3261190140619874,16.733007039874792
2923,49.11044457700336,16.73876104177907,0.049528025556355715,0.013162964023649693,rt_fast_path,0.21006300812587142,0.23319298634305596,0.28511497657746077,16.796956944745034
2924,49.12724880495807,16.80422795470804,0.05177402636036277,0.013635028153657913,rt_fast_path,0.3422309528104961,0.3687770222313702,0.42336503975093365,16.801473044324666
2925,49.1440583189833,16.809514025226235,0.05897099617868662,0.01511996379122138,rt_fast_path,0.3597290487959981,0.38885901449248195,0.45093498192727566,16.7480839882046
2926,49.16081364295678,16.755323973484337,0.05165301263332367,0.013238983228802681,rt_fast_path,0.2375809708610177,0.2612220123410225,0.31568901613354683,16.790013993158937
2927,49.17761090095155,16.79725799476728,0.05146500188857317,0.013473967555910349,rt_fast_path,0.40015997365117073,0.4258090048097074,0.48009504098445177,16.837176051922143
2928,49.1944528829772,16.841982025653124,0.046600005589425564,0.012534030247479677,rt_fast_path,1.5277229831553996,1.5499400324188173,1.5990660176612437,16.73310302430764
2929,49.21119143097894,16.738548001740128,0.057537981774657965,0.014143006410449743,rt_fast_path,0.25063700741156936,0.2752140280790627,0.33522502053529024,16.733944008592516
2930,49.2279314059997,16.739975020755082,0.0568189425393939,0.015631027054041624,rt_fast_path,0.23413304006680846,0.26122404960915446,0.32071099849417806,16.73660596134141
2931,49.244674896996,16.7434909963049,0.056376971770077944,0.01514999894425273,rt_fast_path,0.2596069825813174,0.2857670187950134,0.3450009971857071,16.734319971874356
2932,49.26141474198084,16.7398449848406,0.12997398152947426,0.01370999962091446,rt_fast_path,0.3550489782355726,0.3792879870161414,0.5116729880683124,16.757773992139846
2933,49.27820427599363,16.789534012787044,0.05366699770092964,0.013576995115727186,rt_fast_path,0.39728503907099366,0.42131199734285474,0.4785439814440906,16.7318299645558
2934,49.2949413509923,16.73707499867305,0.05032401531934738,0.013265002053231001,rt_fast_path,0.24376396322622895,0.267085968516767,0.3198959748260677,16.736029996536672
2935,49.31168386997888,16.742518986575305,0.051870010793209076,0.013474025763571262,rt_fast_path,0.21389598259702325,0.23770699044689536,0.2923469874076545,16.81564998580143
2936,49.328514388995245,16.830519016366452,0.05239201709628105,0.013819022569805384,rt_fast_path,0.4022159846499562,0.4261310095898807,0.48139499267563224,16.72700996277854
2937,49.345247007964645,16.732618969399482,0.05350704304873943,0.013276992831379175,rt_fast_path,0.3419410204514861,0.3681009984575212,0.4243160365149379,16.735273995436728
2938,49.361987230950035,16.740222985390574,0.04800903843715787,0.012922042515128851,rt_fast_path,0.2516839886084199,0.27438398683443666,0.32486702548339963,16.737000027205795
2939,49.37875017296756,16.76294201752171,0.08099299157038331,0.012526987120509148,rt_fast_path,0.2653760020621121,0.287603004835546,0.38078799843788147,16.73003501491621
2940,49.3954850389855,16.734866017941386,0.04841998452320695,0.012791017070412636,rt_fast_path,0.21674501476809382,0.2392220194451511,0.290027994196862,16.75827498547733
2941,49.41226931399433,16.784275008831173,0.050587987061589956,0.014349003322422504,rt_fast_path,0.5012719775550067,0.5259740282781422,0.5831400048919022,16.745847009588033
2942,49.42904143797932,16.772123984992504,0.10316597763448954,0.015095982234925032,rt_fast_path,0.27178501477465034,0.2981889992952347,0.41421299101784825,16.733621014282107
2943,49.44578059297055,16.739154991228133,0.05116703687235713,0.013673037756234407,rt_fast_path,0.21657400066033006,0.24044199381023645,0.29411702416837215,16.73123799264431
2944,49.46251728996867,16.73669699812308,0.05011697066947818,0.013217038940638304,rt_fast_path,0.5207430222071707,0.5467080045491457,0.5993180093355477,16.72906702151522
2945,49.479272236989345,16.75494702067226,0.06289401790127158,0.013070006389170885,rt_fast_path,1.8580930191092193,1.8862920114770532,1.9618420046754181,16.737215977627784
2946,49.496014837000985,16.742600011639297,0.05393603350967169,0.018302001990377903,rt_fast_path,0.4049050039611757,0.43370394269004464,0.49036694690585136,16.751439950894564
2947,49.51277187798405,16.757040983065963,0.04754500696435571,0.0130160478875041,rt_fast_path,0.2946759923361242,0.31771796057000756,0.3677539643831551,16.72996999695897
2948,49.52950664894888,16.734770964831114,0.048194953706115484,0.012998003512620926,rt_fast_path,0.3884470206685364,0.41115202475339174,0.46171003486961126,16.733531025238335
2949,49.54624503699597,16.738388047087938,0.04802702460438013,0.012786011211574078,rt_fast_path,0.23406598484143615,0.2567460178397596,0.3071120008826256,16.73163997475058
2950,49.56298153795069,16.736500954721123,0.04777498543262482,0.01323595643043518,rt_fast_path,0.2541100257076323,0.277217011898756,0.3273340407758951,16.79512404371053
2951,49.57978275598725,16.801218036562204,0.048524991143494844,0.013086013495922089,rt_fast_path,0.22022798657417297,0.24287198903039098,0.29403396183624864,16.7314310092479
2952,49.596518640988506,16.735885001253337,0.04721299046650529,0.01273502130061388,rt_fast_path,0.353778013959527,0.3760350518859923,0.42573001701384783,16.72302297083661
2953,49.613246344961226,16.72770397271961,0.047017005272209644,0.012580014299601316,rt_fast_path,0.2652559778653085,0.2875700010918081,0.33721100771799684,16.728961025364697
2954,49.62998093396891,16.7345890076831,0.057491008192300797,0.015741970855742693,rt_fast_path,0.3894090186804533,0.41625596350058913,0.47623098362237215,17.080775985959917
2955,49.64706749195466,17.086557985749096,0.057717959862202406,0.015422992873936892,rt_fast_path,0.2777999616228044,0.3045620396733284,0.36529003409668803,16.734299017116427
2956,49.663807401957456,16.739910002797842,0.04897499457001686,0.013326003681868315,rt_fast_path,0.3777740057557821,0.40182704105973244,0.45341503573581576,16.791739035397768
2957,49.68060638697352,16.79898501606658,0.053337018471211195,0.013876997400075197,rt_fast_path,0.3359669935889542,0.3626630059443414,0.41880301432684064,16.8213690049015
2958,49.69743491598638,16.828529012855142,0.05297199822962284,0.013703014701604843,rt_fast_path,0.4854809958487749,0.5118119879625738,0.5675400025211275,16.819869983009994
2959,49.71426281996537,16.827903978992254,0.056303979363292456,0.01530395820736885,rt_fast_path,0.23183500161394477,0.25808002101257443,0.3175080055370927,16.746100038290024
2960,49.73101481399499,16.7519940296188,0.05392503226175904,0.013918965123593807,rt_fast_path,0.46619196655228734,0.4909900017082691,0.5477539962157607,16.732885967940092
2961,49.74775273195701,16.7379179620184,0.048738031182438135,0.01287099439650774,rt_fast_path,0.3616519970819354,0.3848699852824211,0.4359650192782283,16.733347030822188
2962,49.7644911169773,16.73838502028957,0.05009397864341736,0.013369019143283367,rt_fast_path,0.2501319977454841,0.27384201530367136,0.3262690152041614,16.811719979159534
2963,49.78131070599193,16.819589014630765,0.05162000888958573,0.013816985301673412,rt_fast_path,0.2257529995404184,0.2501560375094414,0.3045820049010217,16.731009003706276
2964,49.79804647999117,16.735773999243975,0.047160021495074034,0.012763019185513258,rt_fast_path,0.20158698316663504,0.22397300926968455,0.27351098833605647,16.742445004638284
2965,49.81481542997062,16.768949979450554,0.07562799146398902,0.012981006875634193,rt_fast_path,0.23081997642293572,0.25365198962390423,0.3412649966776371,16.733092023059726
2966,49.831555961980484,16.740532009862363,0.05343800876289606,0.014649995137006044,rt_fast_path,0.21483900491148233,0.23993197828531265,0.296305981464684,16.72275399323553
2967,49.84831877297256,16.762810992076993,0.05413696635514498,0.01443503424525261,rt_fast_path,0.23599801352247596,0.2614070544950664,0.318545033223927,16.749329981394112
2968,49.86509508796735,16.776314994785935,0.062471022829413414,0.01628499012440443,rt_fast_path,0.2646270440891385,0.2928340109065175,0.36778702633455396,16.73641102388501
2969,49.88183706899872,16.741981031373143,0.05465198773890734,0.013919954653829336,rt_fast_path,0.23599399719387293,0.26106199948117137,0.3182519576512277,16.732471995055676
2970,49.89857427496463,16.737205965910107,0.04899903433397412,0.0127519597299397,rt_fast_path,0.226436008233577,0.24897296680137515,0.3004249883815646,16.734017990529537
2971,49.91531386098359,16.739586018957198,0.05148298805579543,0.013515003956854343,rt_fast_path,0.21644600201398134,0.24085299810394645,0.2949149929918349,16.732304997276515
2972,49.932052203977946,16.73834299435839,0.049380993004888296,0.013120996300131083,rt_fast_path,0.3464749897830188,0.37243799306452274,0.42411801405251026,16.758150013629347
2973,49.9488646669779,16.812462999951094,0.05599000724032521,0.01549499575048685,rt_fast_path,0.37633697502315044,0.40272000478580594,0.4705030005425215,16.730920993722975
2974,49.96560039598262,16.73572900472209,0.04975794581696391,0.013251032214611769,rt_fast_path,0.20607397891581059,0.2295660087838769,0.2816569758579135,16.801955993287265
2975,49.982407105970196,16.80670998757705,0.04867295501753688,0.01305597834289074,rt_fast_path,0.22151501616463065,0.2445490099489689,0.29563199495896697,16.731765994336456
2976,49.99914357595844,16.736469988245517,0.10351801756769419,0.012552016414701939,rt_fast_path,0.2474979846738279,0.27010898338630795,0.37605699617415667,16.86845102813095
2977,50.01602826296585,16.884687007404864,0.05378096830099821,0.014131015632301569,rt_fast_path,0.28801499865949154,0.31524599762633443,0.3720310050994158,16.767424007412046
2978,50.03282165998826,16.793397022411227,0.05439500091597438,0.014221994206309319,rt_fast_path,0.276090984698385,0.30116603011265397,0.35853299777954817,16.733186959754676
2979,50.049561903986614,16.740243998356164,0.058741949032992125,0.015225028619170189,rt_fast_path,0.242349982727319,0.2686410443857312,0.3304450074210763,16.732121002860367
2980,50.06630018999567,16.738286009058356,0.052283983677625656,0.013694982044398785,rt_fast_path,0.31671294709667563,0.34071505069732666,0.3958650049753487,16.73726097214967
2981,50.083046023966745,16.74583397107199,0.07220101542770863,0.01714698737487197,rt_fast_path,0.4971359740011394,0.5297149764373899,0.6057579885236919,16.731287993025035
2982,50.09978961496381,16.74359099706635,0.10443397331982851,0.027006026357412338,rt_fast_path,0.42176200076937675,0.4680840065702796,0.5781080108135939,16.7343890061602
2983,50.11653630097862,16.74668601481244,0.1106979907490313,0.029465998522937298,rt_fast_path,0.2964969608001411,0.3453899989835918,0.46261498937383294,16.876794979907572
2984,50.133426624001004,16.89032302238047,0.11927203740924597,0.029432994779199362,rt_fast_path,0.3425279865041375,0.39099797140806913,0.5175689584575593,16.73313998617232
2985,50.150165982951876,16.739358950871974,0.06894499529153109,0.018205028027296066,rt_fast_path,0.2518719993531704,0.28160098008811474,0.35325699718669057,16.726041038054973
2986,50.166897139977664,16.73115702578798,0.04937499761581421,0.013554003089666367,rt_fast_path,0.3905310295522213,0.4140209639444947,0.465867982711643,16.733528987970203
2987,50.18363570194924,16.738561971578747,0.049757014494389296,0.013125012628734112,rt_fast_path,0.34919200697913766,0.37226901622489095,0.4244320443831384,16.755443008150905
2988,50.200425721996,16.79002004675567,0.055818993132561445,0.01490995055064559,rt_fast_path,0.4186650039628148,0.4452719585970044,0.5037199589423835,16.740414954256266
2989,50.21719292097259,16.767198976594955,0.05641201278194785,0.014015007764101028,rt_fast_path,0.2125489991158247,0.23650401271879673,0.30479300767183304,16.752214985899627
2990,50.233951859001536,16.758938028942794,0.05840096855536103,0.01559604424983263,rt_fast_path,0.31422398751601577,0.3412080113776028,0.4024889785796404,16.73410297371447
2991,50.250692309986334,16.740450984798372,0.06358698010444641,0.01669797347858548,rt_fast_path,0.20653399406000972,0.2352180308662355,0.30166900251060724,16.901661991141737
2992,50.26760009600548,16.907786019146442,0.05228695226833224,0.01457403413951397,rt_fast_path,0.6641719955950975,0.6919580046087503,0.7466969545930624,16.732056974433362
2993,50.28433725197101,16.737155965529382,0.1404920476488769,0.01347699435427785,rt_fast_path,0.4593369667418301,0.4849459510296583,0.6278689834289253,17.11073302431032
2994,50.3014536529663,17.11640099529177,0.0512170372530818,0.01355004496872425,rt_fast_path,0.4123200196772814,0.436871952842921,0.4906129906885326,17.03921501757577
2995,50.31850007997127,17.04642700497061,0.05316402530297637,0.01408503158017993,rt_fast_path,0.2414860064163804,0.2675249706953764,0.3234129981137812,16.744834021665156
2996,50.33525229099905,16.752211027778685,0.05585601320490241,0.014305987861007452,rt_fast_path,0.31361199216917157,0.3383639850653708,0.3968089586123824,16.799233970232308
2997,50.3520580259501,16.80573495104909,0.05179300205782056,0.013462034985423088,rt_fast_path,0.46312797348946333,0.48743997467681766,0.5418549990281463,16.731567040551454
2998,50.36879626795417,16.738242004066706,0.051337003242224455,0.013121985830366611,rt_fast_path,0.19176601199433208,0.21497602574527264,0.2689530374482274,16.72613702248782
2999,50.385528337967116,16.732070012949407,0.05014199996367097,0.013231008779257536,rt_fast_path,0.7767489878460765,0.7997080101631582,0.8524080039933324,16.720712010283023
3000,50.40225477097556,16.726433008443564,0.05004199920222163,0.013215991202741861,rt_fast_path,0.7421699701808393,0.767001009080559,0.8196120033971965,16.735429991967976
3001,50.41899684199598,16.742071020416915,0.05104800220578909,0.013519020285457373,rt_fast_path,0.3635559696704149,0.38758397568017244,0.44133595656603575,16.726062982343137
3002,50.435730169003364,16.733327007386833,0.05166797200217843,0.018174992874264717,rt_fast_path,0.8004689589142799,0.8315640152432024,0.8859569788910449,16.81422395631671
3003,50.45255264797015,16.822478966787457,0.06980804027989507,0.018138031009584665,rt_fast_path,0.489633996039629,0.5218149744905531,0.5950490012764931,17.25179300410673
3004,50.46981253795093,17.259889980778098,0.06010802462697029,0.014925957657396793,rt_fast_path,0.6434409879148006,0.6699300138279796,0.7330070366151631,16.847310005687177
3005,50.48666798899649,16.855451045557857,0.052468967624008656,0.014121003914624453,rt_fast_path,0.3741229884326458,0.3986060037277639,0.45363197568804026,16.734196979086846
3006,50.5034093830036,16.74139400711283,0.051471986807882786,0.013650977052748203,rt_fast_path,0.8752490393817425,0.9016830008476973,0.95580198103562,18.940533977001905
3007,50.52235550200567,18.946119002066553,0.04943902604281902,0.01370999962091446,rt_fast_path,0.40399195859208703,0.429101986810565,0.48092397628352046,18.361040973104537
3008,50.54072103794897,18.365535943303257,0.03532104892656207,0.01029099803417921,rt_fast_path,2.1899809944443405,2.209590980783105,2.2465240326710045,16.72856800723821
3009,50.557457335991785,16.73629804281518,0.0536750303581357,0.014143006410449743,rt_fast_path,0.6544010248035192,0.6813299842178822,0.7376529974862933,16.800381999928504
3010,50.574272080964874,16.814744973089546,0.09077397407963872,0.013154989574104548,rt_fast_path,0.5992359947413206,0.6254440522752702,0.7218430400826037,16.79544703802094
3011,50.59108408499742,16.81200403254479,0.08102599531412125,0.01500296639278531,rt_fast_path,0.5049070459790528,0.5333110457286239,0.6212849984876812,16.812202986329794
3012,50.60791280498961,16.8287199921906,0.06386201130226254,0.01442700158804655,rt_fast_path,0.6059730076231062,0.6335320067591965,0.70433400105685,16.889743972569704
3013,50.62481906899484,16.906264005228877,0.07065798854455352,0.013217038940638304,rt_fast_path,0.6114729912951589,0.6376480450853705,0.7151140016503632,16.73005399061367
3014,50.64155777799897,16.738709004130214,0.057141995057463646,0.013623968698084354,rt_fast_path,0.6185409729368985,0.6452069501392543,0.7056729518808424,16.79336396045983
3015,50.6583603679901,16.802589991129935,0.06469798972830176,0.017933023627847433,rt_fast_path,0.4570180317386985,0.4892830038443208,0.5575069808401167,16.841539996676147
3016,50.67520992999198,16.84956200188026,0.07568299770355225,0.015678000636398792,rt_fast_path,0.4648379981517792,0.49154501175507903,0.5702869966626167,17.48357800533995
3017,50.69270831398899,17.498383997008204,0.07405801443383098,0.014915014617145061,rt_fast_path,0.4116760101169348,0.4376299912109971,0.5177980056032538,16.73266798024997
3018,50.7094504829729,16.742168983910233,0.060327001847326756,0.010531977750360966,rt_fast_path,0.3566499799489975,0.37568301195278764,0.4395080031827092,16.731636016629636
3019,50.72618675499689,16.73627202399075,0.03541400656104088,0.013285025488585234,rt_fast_path,0.3638609778136015,0.40049495873972774,0.4373659612610936,16.741339000873268
3020,50.742940120981075,16.75336598418653,0.11382694356143475,0.024635985027998686,rt_fast_path,0.7150830351747572,0.7526190020143986,0.8730539702810347,16.73294696956873
3021,50.75968157796888,16.74145698780194,0.06630603456869721,0.011677038855850697,rt_fast_path,0.3611830179579556,0.3815439995378256,0.45156502164900303,16.72936201794073
3022,50.77641865698388,16.737079015001655,0.07781997555866838,0.020637991838157177,rt_fast_path,0.34521700581535697,0.37900899769738317,0.4603019915521145,16.73045300412923
3023,50.79315990698524,16.74125000135973,0.08084403816610575,0.013150041922926903,rt_fast_path,0.5536440294235945,0.5770149873569608,0.6627700058743358,16.729921975638717
3024,50.809898690960836,16.73878397559747,0.09537895675748587,0.012324017006903887,rt_fast_path,0.4017089959233999,0.42356899939477444,0.5229029920883477,16.741933999583125
3025,50.82665464095771,16.75594999687746,0.07564295083284378,0.013881945051252842,rt_fast_path,0.5083699943497777,0.5347990081645548,0.6164090009406209,16.73599804053083
3026,50.843400816957,16.746175999287516,0.0891250092536211,0.013487006071954966,rt_fast_path,0.3476470010355115,0.37067598896101117,0.46465202467516065,16.839549993164837
3027,50.8602581389714,16.857322014402598,0.07454602746292949,0.016712991055101156,rt_fast_path,0.4696119576692581,0.49943896010518074,0.5813459865748882,16.796232026536018
3028,50.87706202297704,16.803884005639702,0.05687301745638251,0.014051038306206465,rt_fast_path,0.6343679851852357,0.661111029330641,0.7209490286186337,16.73960598418489
3029,50.89381539996248,16.753376985434443,0.07201900007203221,0.014847028069198132,rt_fast_path,0.6871389923617244,0.7152610342018306,0.7928120321594179,16.73440303420648
3030,50.91055567096919,16.740271006710827,0.05113700171932578,0.013459008187055588,rt_fast_path,0.6865079631097615,0.7125700358301401,0.7661480340175331,16.787761996965855
3031,50.927357466949616,16.801795980427414,0.08947600144892931,0.01380703179165721,rt_fast_path,0.40103698847815394,0.42547303019091487,0.5205750348977745,16.836579015944153
3032,50.944202173966914,16.844707017298788,0.05968700861558318,0.01535698538646102,rt_fast_path,0.49215799663215876,0.5210550152696669,0.583800021559,16.79564401274547
3033,50.96101402898785,16.811855020932853,0.10168302105739713,0.014643999747931957,rt_fast_path,0.6498959846794605,0.6775999790988863,0.7860389887355268,16.732662974391133
3034,50.97775168798398,16.737658996134996,0.05113595398142934,0.013793993275612593,rt_fast_path,0.32616895623505116,0.3497130237519741,0.4032709985040128,16.73068798845634
3035,50.99448783596745,16.736147983465344,0.048828020226210356,0.013215991202741861,rt_fast_path,0.4609659663401544,0.4837849992327392,0.534891034476459,16.73808100167662
3036,51.011243085958995,16.755249991547316,0.06711500464007258,0.013631011825054884,rt_fast_path,0.37692097248509526,0.40047900984063745,0.47324300976470113,16.73137699253857
3037,51.027984824962914,16.741739003919065,0.07149402517825365,0.013703014701604843,rt_fast_path,0.5571229849010706,0.5808089626953006,0.6569830002263188,16.733814030885696
3038,51.044729519984685,16.744695021770895,0.0715720234438777,0.013379030860960484,rt_fast_path,0.4036409663967788,0.42836403008550406,0.5047760205343366,19.16157198138535
3039,51.06389734096592,19.167820981238037,0.06514496635645628,0.018163991626352072,rt_fast_path,1.9670500187203288,1.999089028686285,2.0675830310210586,16.7260619928129
3040,51.08062861295184,16.731271985918283,0.04016398452222347,0.012339034583419561,rt_fast_path,2.525858988519758,2.547745010815561,2.589862036984414,16.725764027796686
3041,51.09735793597065,16.729323018807918,0.03312499029561877,0.01011404674500227,rt_fast_path,0.7114100153557956,0.7294960087165236,0.764533004257828,16.72608801163733
3042,51.11408757895697,16.72964298631996,0.03731600008904934,0.010747986380010843,rt_fast_path,0.4777719732373953,0.4967810236848891,0.5356590263545513,16.723153996281326
3043,51.13081501895795,16.727440000977367,0.041714985854923725,0.011541997082531452,rt_fast_path,0.6653090240433812,0.6855420069769025,0.72933902265504,16.72032702481374
3044,51.14753928896971,16.72427001176402,0.03834703238680959,0.0119420001283288,rt_fast_path,2.3544899886474013,2.374731993768364,2.4145690258592367,16.695386031642556
3045,51.164237957971636,16.698669001925737,0.033741001971066,0.01096498453989625,rt_fast_path,0.22768799681216478,0.24705898249521852,0.2822980168275535,16.722159984055907
3046,51.180962914950214,16.72495697857812,0.030937022529542446,0.00968598760664463,rt_fast_path,1.0202779667451978,1.037570007611066,1.0700170532800257,16.72211504774168
3047,51.19768792396644,16.725009016226977,0.0301640247926116,0.009234005119651556,rt_fast_path,1.1546849855221808,1.1713079875335097,1.2028790079057217,16.722903004847467
3048,51.2144145629718,16.726639005355537,0.03886298509314656,0.01148000592365861,rt_fast_path,0.7104210089892149,0.7308739586733282,0.7716629770584404,16.72351500019431
3049,51.23114098398946,16.726421017665416,0.03223796375095844,0.009826035238802433,rt_fast_path,0.36499102134257555,0.3821660066023469,0.41603296995162964,16.72242401400581
3050,51.24786735395901,16.726369969546795,0.042880012188106775,0.01194601645693183,rt_fast_path,0.36433397326618433,0.3848890191875398,0.42982702143490314,16.720156010705978
3051,51.26459239597898,16.725042019970715,0.0461359741166234,0.01366704236716032,rt_fast_path,0.34718698589131236,0.36946102045476437,0.418415991589427,16.72356901690364
3052,51.28132105496479,16.728658985812217,0.04413496935740113,0.012365984730422497,rt_fast_path,0.20561600103974342,0.2255590516142547,0.2718770410865545,16.72197098378092
3053,51.298046191979665,16.725137014873326,0.031984003726392984,0.00938802259042859,rt_fast_path,0.2171399537473917,0.23353699361905456,0.26710197562351823,16.723008011467755
3054,51.31477241497487,16.72622299520299,0.0347389723174274,0.009835988748818636,rt_fast_path,0.32817001920193434,0.3459349973127246,0.38241699803620577,16.723798005841672
3055,51.33149966795463,16.727252979762852,0.03685901174321771,0.010674004442989826,rt_fast_path,0.18696399638429284,0.2054079668596387,0.24365901481360197,16.724014014471322
3056,51.348227226000745,16.7275580461137,0.03682501846924424,0.010508985724300146,rt_fast_path,0.24081399897113442,0.2598989522084594,0.29853294836357236,16.72336895717308
3057,51.364953262964264,16.72603696351871,0.03130000550299883,0.008936040103435516,rt_fast_path,0.6634719902649522,0.6792299682274461,0.7120019872672856,16.722534026484936
3058,51.38167882495327,16.725561989005655,0.028510985430330038,0.008521019481122494,rt_fast_path,0.2912749769166112,0.30658103059977293,0.336514029186219,16.723078035283834
3059,51.398404538980685,16.72571402741596,0.02813094761222601,0.013939978089183569,rt_fast_path,0.1649819896556437,0.18590904073789716,0.215450010728091,16.722829022910446
3060,51.41513084498001,16.72630599932745,0.035025004763156176,0.0096180010586977,rt_fast_path,0.19053800497204065,0.20769500406458974,0.2442789846099913,16.722888976801187
3061,51.431856597948354,16.725752968341112,0.027457019314169884,0.008267990779131651,rt_fast_path,0.15505199553444982,0.1702000154182315,0.19898504251614213,16.722719999961555
3062,51.448582822980825,16.72622503247112,0.03523303894326091,0.010235002264380455,rt_fast_path,0.4064429667778313,0.4242179566062987,0.4613989731296897,16.724847024306655
3063,51.46531042200513,16.727599024306983,0.03238598583266139,0.009612005669623613,rt_fast_path,0.17360597848892212,0.1906540128402412,0.2245329669676721,16.72299997881055
3064,51.48203634296078,16.72592095565051,0.031209958251565695,0.00912899849936366,rt_fast_path,0.18770300084725022,0.203868024982512,0.23632001830264926,16.72414201311767
3065,51.49876479996601,16.728457005228847,0.04826398799195886,0.013212964404374361,rt_fast_path,1.1307690292596817,1.1537320096977055,1.204286003485322,16.72298402991146
3066,51.51549114496447,16.726344998460263,0.032867013942450285,0.009688024874776602,rt_fast_path,0.16386696370318532,0.18119998276233673,0.2155679976567626,16.72039198456332
3067,51.53221435198793,16.723207023460418,0.029864022508263588,0.008823000825941563,rt_fast_path,0.1823820057325065,0.19819301087409258,0.2294449950568378,16.72502199653536
3068,51.5489432530012,16.728901013266295,0.04317902494221926,0.011860975064337254,rt_fast_path,0.29327196534723043,0.3141859779134393,0.35932596074417233,16.723963955882937
3069,51.56567062699469,16.72737399348989,0.03666098928079009,0.010422023478895426,rt_fast_path,0.18707697745412588,0.20580500131472945,0.24412298807874322,16.722998989280313
3070,51.582396345969755,16.72571897506714,0.03139197360724211,0.009807990863919258,rt_fast_path,0.18309795996174216,0.20015001064166427,0.23292499827221036,16.72303199302405
3071,51.599122367973905,16.726022004149854,0.031005009077489376,0.009616021998226643,rt_fast_path,0.21570600802078843,0.233047001529485,0.26543502463027835,16.723249980714172
3072,51.61584853596287,16.726167988963425,0.032750016544014215,0.00987097155302763,rt_fast_path,0.34497701562941074,0.3627779660746455,0.39690599078312516,16.72055502422154
3073,51.63257217098726,16.723635024391115,0.03552803536877036,0.009791983757168055,rt_fast_path,0.7645689765922725,0.7823790074326098,0.8193840039893985,16.722030006349087
3074,51.64929831796326,16.726146975997835,0.043606036342680454,0.012420990969985723,rt_fast_path,0.20338501781225204,0.22488099057227373,0.27038902044296265,16.72437199158594
3075,51.66602624900406,16.727931040804833,0.03833399387076497,0.011883967090398073,rt_fast_path,0.2032110351137817,0.22353598615154624,0.2636289573274553,17.04496197635308
3076,51.68307537998771,17.049130983650684,0.03340898547321558,0.010395946446806192,rt_fast_path,0.38642395520582795,0.4043959779664874,0.44019398046657443,16.720459971111268
3077,51.69980059599038,16.725216002669185,0.04117196658626199,0.01289701322093606,rt_fast_path,2.066535991616547,2.088456996716559,2.13171896757558,16.721151012461632
3078,51.71652648499003,16.725888999644667,0.03905600169673562,0.012625998351722956,rt_fast_path,0.235960993450135,0.25847001234069467,0.2997670089825988,16.70965796802193
3079,51.7332405539928,16.714069002773613,0.042316969484090805,0.013463955838233232,rt_fast_path,0.2217050059698522,0.24491205113008618,0.2890980103984475,16.720432962756604
3080,51.74996529496275,16.72474096994847,0.04470098065212369,0.012737000361084938,rt_fast_path,0.23413001326844096,0.25600200751796365,0.30290900031104684,16.723515989724547
3081,51.766693009005394,16.727714042644948,0.032589014153927565,0.010542978998273611,rt_fast_path,0.17933297203853726,0.19788701320067048,0.2319699851796031,16.72347099520266
3082,51.78342045098543,16.727441980037838,0.031445000786334276,0.010205956641584635,rt_fast_path,0.3652030136436224,0.3833799855783582,0.4163659759797156,16.723531996831298
3083,51.8001482450054,16.727794019971043,0.03543798811733723,0.01078099012374878,rt_fast_path,1.3507939875125885,1.370227022562176,1.4071899931877851,17.404760990757495
3084,51.81757033895701,17.422093951608986,0.085713982116431,0.015468045603483915,rt_fast_path,0.6015339749865234,0.6306139985099435,0.7234630174934864,16.81361300870776
3085,51.83439987397287,16.82953501585871,0.06908603245392442,0.014155055396258831,rt_fast_path,0.6493330001831055,0.6758130039088428,0.7514330209232867,16.81396400090307
3086,51.85123895097058,16.839076997712255,0.07216597441583872,0.014947028830647469,rt_fast_path,0.3597679897211492,0.3881120355799794,0.4669880145229399,16.787388012744486
3087,51.86803365999367,16.794709023088217,0.0626780092716217,0.015575031284242868,rt_fast_path,0.3675870248116553,0.39654201827943325,0.46210899017751217,16.813049966003746
3088,51.884863827959634,16.830167965963483,0.08577998960390687,0.016645004507154226,rt_fast_path,0.8430440211668611,0.8741530473344028,0.9669490391388535,16.733772994484752
3089,51.90160478296457,16.74095500493422,0.05415600026026368,0.014037010259926319,rt_fast_path,0.4335139528848231,0.4577270010486245,0.5147340125404298,16.71708101639524
3090,51.91833671997301,16.73193700844422,0.06564398063346744,0.013791024684906006,rt_fast_path,0.38462900556623936,0.41261297883465886,0.48433197662234306,16.79720001993701
3091,51.935147508978844,16.810789005830884,0.0660280347801745,0.0177820329554379,rt_fast_path,0.302209984511137,0.33028400503098965,0.4019120242446661,16.83396502630785
3092,51.9519953559502,16.847846971359104,0.06935599958524108,0.01412298297509551,rt_fast_path,1.251742010936141,1.2778560048900545,1.3531080330722034,17.101678007747978
3093,51.96910069696605,17.105341015849262,0.04373403498902917,0.012023025192320347,rt_fast_path,0.823533977381885,0.8449910092167556,0.8905770373530686,17.00500800507143
3094,51.98611024400452,17.009547038469464,0.048134010285139084,0.013131997548043728,rt_fast_path,0.26591401547193527,0.2969049965031445,0.3473309916444123,16.734287957660854
3095,52.00285024498589,16.74000098137185,0.04667503526434302,0.012766977306455374,rt_fast_path,0.5077790119685233,0.5300259799696505,0.5790499853901565,16.72954298555851
3096,52.01958528498653,16.735040000639856,0.04850694676861167,0.012759992387145758,rt_fast_path,0.2148409839719534,0.23712002439424396,0.2879269886761904,16.73396397382021
3097,52.03632445895346,16.73917396692559,0.04670600173994899,0.012582982890307903,rt_fast_path,0.19828102085739374,0.21988898515701294,0.26892300229519606,16.73326303716749
3098,52.05306226195535,16.737803001888096,0.055495998822152615,0.01265999162569642,rt_fast_path,0.2815040061250329,0.30348997097462416,0.36131200613453984,16.724752029404044
3099,52.06979259895161,16.73033699626103,0.044884043745696545,0.012305972632020712,rt_fast_path,0.21012104116380215,0.23152196081355214,0.27870701160281897,17.282053013332188
3100,52.08708219596883,17.289597017224878,0.05278905155137181,0.013833981938660145,rt_fast_path,0.2295690355822444,0.25375798577442765,0.30912301735952497,16.729802009649575
3101,52.10381785198115,16.735656012315303,0.052330957259982824,0.014048011507838964,rt_fast_path,0.19512302242219448,0.21880801068618894,0.27369498275220394,16.72334800241515
3102,52.120547071972396,16.7292199912481,0.047433015424758196,0.01264200545847416,rt_fast_path,0.3284300328232348,0.3509569796733558,0.401230005081743,16.690075979568064
3103,52.13724279095186,16.69571897946298,0.05107099423184991,0.013600976672023535,rt_fast_path,0.23271096870303154,0.2578839776106179,0.3114640130661428,16.78084401646629
3104,52.15402835200075,16.785561048891395,0.050036993343383074,0.013487995602190495,rt_fast_path,0.8923969580791891,0.9157090098597109,0.9680279763415456,16.721085004974157
3105,52.17075393698178,16.725584981031716,0.04724203608930111,0.01287501072511077,rt_fast_path,1.153159944806248,1.1766149546019733,1.2259879731573164,16.723969019949436
3106,52.18748252996011,16.72859297832474,0.047505018301308155,0.01349195372313261,rt_fast_path,1.4954439830034971,1.5191799611784518,1.5689299907535315,16.724487009923905
3107,52.204211361997295,16.728832037188113,0.04767900099977851,0.012316973879933357,rt_fast_path,1.7047669971361756,1.7270009848289192,1.7768259858712554,16.725340974517167
3108,52.22094142297283,16.73006097553298,0.04808296216651797,0.01341203460469842,rt_fast_path,0.24850701447576284,0.2722780336625874,0.3230490256100893,16.721880005206913
3109,52.237667672976386,16.726250003557652,0.0457660062238574,0.012857955880463123,rt_fast_path,0.2629440277814865,0.28572697192430496,0.3336879890412092,16.725160006899387
3110,52.2543986979872,16.731025010813028,0.06318400846794248,0.01664302544668317,rt_fast_path,0.32662402372807264,0.3540649777278304,0.42049598414450884,16.721721971407533
3111,52.271124302991666,16.72560500446707,0.038097030483186245,0.01180701656267047,rt_fast_path,0.41016400791704655,0.4306809860281646,0.47082797391340137,16.72170596430078
3112,52.287850659980904,16.72635698923841,0.04767597420141101,0.012285017874091864,rt_fast_path,1.203322026412934,1.2254450120963156,1.2755829957313836,16.724915010854602
3113,52.304579260002356,16.72860002145171,0.04286097828298807,0.01119798980653286,rt_fast_path,0.2152940141968429,0.23486401187255979,0.279450963716954,16.724180954042822
3114,52.32130735198734,16.72809198498726,0.03883795579895377,0.011171039659529924,rt_fast_path,0.1985220005735755,0.2180960145778954,0.258678977843374,16.72288600821048
3115,52.33803391997935,16.726567992009223,0.037905003409832716,0.012325006537139416,rt_fast_path,0.20847097039222717,0.2286799717694521,0.2684679930098355,16.697091981768608
3116,52.354733794985805,16.699875006452203,0.031909963581711054,0.009551993571221828,rt_fast_path,0.18983898917213082,0.20658801076933742,0.23977598175406456,16.722430009394884
3117,52.37145975895692,16.725963971111923,0.02892396878451109,0.00841100700199604,rt_fast_path,0.2996050170622766,0.3150090342387557,0.3452140372246504,16.720227024052292
3118,52.388183453993406,16.723695036489516,0.028830021619796753,0.00894599361345172,rt_fast_path,0.19181804964318871,0.2086759777739644,0.23894896730780602,17.267743009142578
3119,52.405464345996734,17.280892003327608,0.06824801675975323,0.01701200380921364,rt_fast_path,0.21348497830331326,0.24266296532005072,0.3149269614368677,16.728732967749238
3120,52.42220183898462,16.73749298788607,0.0627289991825819,0.010500021744519472,rt_fast_path,0.22953201550990343,0.25194999761879444,0.3184339730069041,17.24034099606797
3121,52.439446087984834,17.24424900021404,0.051198992878198624,0.014008022844791412,rt_fast_path,0.32588199246674776,0.3498440491966903,0.4035920137539506,16.72375196358189
3122,52.456173462967854,16.727374983020127,0.03540999023243785,0.010535994078963995,rt_fast_path,0.35508000291883945,0.37329597398638725,0.410493987146765,16.72369200969115
3123,52.47290034999605,16.72688702819869,0.030221010092645884,0.009398034308105707,rt_fast_path,0.20768499234691262,0.22467499366030097,0.25624397676438093,16.725301975384355
3124,52.48963336797897,16.733017982915044,0.06986199878156185,0.020199979189783335,rt_fast_path,0.7211539777927101,0.7549520232714713,0.8284840150736272,16.72828901791945
3125,52.506367711990606,16.734344011638314,0.05192100070416927,0.015553028788417578,rt_fast_path,0.19897095626220107,0.22480799816548824,0.27888896875083447,16.724454006180167
3126,52.52309652598342,16.72881399281323,0.041275983676314354,0.01168902963399887,rt_fast_path,0.30711700674146414,0.3274230402894318,0.37105701630935073,16.724038985557854
3127,52.53982442198321,16.727895999792963,0.03877602284774184,0.012038974091410637,rt_fast_path,0.21566299255937338,0.23655599215999246,0.27724698884412646,16.721080988645554
3128,52.55655211798148,16.727695998270065,0.05602400051429868,0.014572986401617527,rt_fast_path,0.2291640266776085,0.2549930359236896,0.31369400676339865,16.683708992786705
3129,52.57324095600052,16.688838019035757,0.03994995495304465,0.01208501635119319,rt_fast_path,0.21195999579504132,0.23326004156842828,0.27537799905985594,16.723885957617313
3130,52.58996983396355,16.728877963032573,0.0326220178976655,0.009827024769037962,rt_fast_path,0.17633801326155663,0.19479100592434406,0.22889702813699841,16.7232200037688
3131,52.60669754695846,16.72771299490705,0.03060000017285347,0.008944014552980661,rt_fast_path,0.1843260251916945,0.2014549681916833,0.23336999583989382,16.72335300827399
3132,52.623424774967134,16.72722800867632,0.028564012609422207,0.008423987310379744,rt_fast_path,0.20861695520579815,0.2242869813926518,0.2540500136092305,16.721243038773537
3133,52.64014995197067,16.725177003536373,0.026596011593937874,0.007542024832218885,rt_fast_path,0.1739140134304762,0.18888001795858145,0.2166900085285306,16.722051019314677
3134,52.65687460498884,16.72465301817283,0.026551017072051764,0.007882947102189064,rt_fast_path,0.26876298943534493,0.2831330057233572,0.31095300801098347,16.719773993827403
3135,52.67359733500052,16.722730011679232,0.025920977350324392,0.007627008017152548,rt_fast_path,0.1852510031312704,0.19972299924120307,0.2268339740112424,16.72311796573922
3136,52.69032439799048,16.72706298995763,0.031517993193119764,0.010254967492073774,rt_fast_path,0.291937030851841,0.31015597051009536,0.3432919620536268,16.721324005629867
3137,52.70704955095425,16.725152963772416,0.02803897950798273,0.008361006621271372,rt_fast_path,0.3672089660540223,0.38245797622948885,0.4120439989492297,16.936861036811024
3138,52.72398979199352,16.940241039264947,0.02908799797296524,0.008566014003008604,rt_fast_path,0.21389598259702325,0.22928800899535418,0.2598199644125998,16.722219006624073
3139,52.74071535299299,16.72556099947542,0.029032002203166485,0.008737028110772371,rt_fast_path,0.1910749706439674,0.20637601846829057,0.2367739798501134,16.722705971915275
3140,52.757441265974194,16.725912981200963,0.028198992367833853,0.008930976036936045,rt_fast_path,0.2824959810823202,0.2978540142066777,0.32735499553382397,16.720310028176755
3141,52.774163984984625,16.72271901043132,0.027028960175812244,0.007810012903064489,rt_fast_path,0.42648002272471786,0.4407259984873235,0.468931975774467,16.71965600689873
3142,52.790886770002544,16.722785017918795,0.03404601011425257,0.009744020644575357,rt_fast_path,0.34359004348516464,0.3608959959819913,0.3969079698435962,16.722693981137127
3143,52.80761242099106,16.72565098851919,0.028481008484959602,0.008500006515532732,rt_fast_path,0.3175019519403577,0.33299700589850545,0.3628979902714491,16.72007399611175
3144,52.824335680983495,16.72325999243185,0.03292202018201351,0.00822701258584857,rt_fast_path,0.2923139836639166,0.3075459972023964,0.3420590073801577,16.72362198587507
3145,52.84106352296658,16.727841983083636,0.03849697532132268,0.009835988748818636,rt_fast_path,0.38324296474456787,0.4013830330222845,0.44204003643244505,16.725899011362344
3146,52.857791723974515,16.72820100793615,0.026141991838812828,0.00822299625724554,rt_fast_path,0.17594703240320086,0.19118800992146134,0.21838501561433077,16.72530098585412
3147,52.874519527947996,16.72780397348106,0.024931039661169052,0.011157011613249779,rt_fast_path,0.17035898054018617,0.18839596305042505,0.21457101684063673,16.71517704380676
3148,52.89123763598036,16.7181080323644,0.028976995963603258,0.008742965292185545,rt_fast_path,2.305910980794579,2.3222339805215597,2.352599985897541,16.72328298445791
3149,52.90796429000329,16.726654022932053,0.03064499469473958,0.008746981620788574,rt_fast_path,0.3328960156068206,0.3493879921734333,0.3813409712165594,16.723053995519876
3150,52.9246905859909,16.726295987609774,0.026847003027796745,0.007739989086985588,rt_fast_path,0.27759396471083164,0.2923750435002148,0.32033701427280903,16.72033895738423
3151,52.941414040979,16.72345498809591,0.028686015866696835,0.008974981028586626,rt_fast_path,0.19450701074674726,0.2112900256179273,0.24116301210597157,16.724036016967148
3152,52.9581407509977,16.72671001870185,0.03104301868006587,0.008256000000983477,rt_fast_path,0.20553800277411938,0.22141699446365237,0.25385996559634805,16.72377099748701
3153,52.97486720199231,16.726450994610786,0.026894966140389442,0.0087380176410079,rt_fast_path,0.7606020080856979,0.7766149938106537,0.8047209703363478,16.727340989746153
3154,52.991598332999274,16.73113100696355,0.03128004027530551,0.00925303902477026,rt_fast_path,0.307670037727803,0.32493798062205315,0.357994984369725,16.722890955861658
3155,53.00832396396436,16.725630965083838,0.0277129583992064,0.008951989002525806,rt_fast_path,0.32991700572893023,0.34601398510858417,0.3751629847101867,16.72320201760158
3156,53.0250496629742,16.725699009839445,0.027175003197044134,0.008367991540580988,rt_fast_path,0.7140469970181584,0.7297280244529247,0.7582170073874295,16.723042994271964
3157,53.04177556297509,16.72590000089258,0.028921000193804502,0.008583010639995337,rt_fast_path,0.4312600358389318,0.4468880360946059,0.47709501814097166,16.721864987630397
3158,53.05850081297103,16.72524999594316,0.03324903082102537,0.00843097222968936,rt_fast_path,0.20607298938557506,0.22140098735690117,0.2560139982961118,16.68391702696681
3159,53.075187560985796,16.686748014762998,0.02920400584116578,0.008344999514520168,rt_fast_path,0.19708299078047276,0.21802401170134544,0.24852599017322063,17.11771998088807
3160,53.09230853995541,17.120978969614953,0.032167998142540455,0.008801987860351801,rt_fast_path,1.5855410019867122,1.6024649958126247,1.635887019801885,16.722886997740716
3161,53.10903447197052,16.725932015106082,0.032002979423850775,0.00957399606704712,rt_fast_path,0.30010397313162684,0.31779002165421844,0.3514310228638351,16.725130029954016
3162,53.12576599098975,16.7315190192312,0.06799097172915936,0.017711950931698084,rt_fast_path,0.21796999499201775,0.2482380368746817,0.32031501177698374,16.723334963899106
3163,53.142496602959,16.730611969251186,0.08963700383901596,0.023199012503027916,rt_fast_path,0.34438801230862737,0.38182095158845186,0.47630799235776067,16.731704003177583
3164,53.15924045396969,16.74385101068765,0.1021890202537179,0.02769904676824808,rt_fast_path,0.26210700161755085,0.3058129805140197,0.4129610024392605,16.726676025427878
3165,53.17597269394901,16.732239979319274,0.06423902232199907,0.017343030776828527,rt_fast_path,0.19841099856421351,0.2276699524372816,0.2954200026579201,16.725200053770095
3166,53.192702164989896,16.72947104088962,0.04547199932858348,0.013181008398532867,rt_fast_path,0.33946201438084245,0.3625090466812253,0.41023100493475795,16.724887012969702
3167,53.20943132095272,16.729155962821096,0.044440035708248615,0.01243100268766284,rt_fast_path,0.29196898685768247,0.3140979679301381,0.36073900992050767,16.72479504486546
3168,53.226160313992295,16.7289930395782,0.04356802674010396,0.012208998668938875,rt_fast_path,0.2085479791276157,0.23021595552563667,0.27587596559897065,16.72118197893724
3169,53.24288745899685,16.727145004551858,0.04466099198907614,0.012827978935092688,rt_fast_path,0.3478099824860692,0.3697780193760991,0.41691598016768694,16.72713295556605
3170,53.25961907097371,16.73161197686568,0.045388005673885345,0.012611038982868195,rt_fast_path,0.32032595481723547,0.34223595866933465,0.3899289877153933,16.724098997656256
3171,53.27634757896885,16.728507995139807,0.044989981688559055,0.012870004866272211,rt_fast_path,0.3469960065558553,0.36910903872922063,0.4163560224696994,16.773328999988735
3172,53.29312557098456,16.777992015704513,0.04514202009886503,0.01823698403313756,rt_fast_path,0.2524779993109405,0.2808860153891146,0.32838701736181974,16.72485301969573
3173,53.30985563498689,16.730064002331346,0.038255995605140924,0.011563010048121214,rt_fast_path,0.1886390382423997,0.2087930333800614,0.24874700466170907,17.245393013581634
3174,53.32710541400593,17.249779019039124,0.04250300116837025,0.012989970855414867,rt_fast_path,0.23970898473635316,0.2616580459289253,0.30638399766758084,16.72480395063758
3175,53.343833721999545,16.72830799361691,0.034514989238232374,0.010568997822701931,rt_fast_path,0.33339904621243477,0.35232503432780504,0.3885779879055917,16.72428095480427
3176,53.360560990986414,16.727268986869603,0.031232950277626514,0.00947999069467187,rt_fast_path,0.5904250429011881,0.6078560254536569,0.6404329906217754,16.722510976251215
3177,53.37728659698041,16.725605993997306,0.03137998282909393,0.009301991667598486,rt_fast_path,0.19300600979477167,0.21029805066064,0.24300202494487166,16.723589971661568
3178,53.39401331997942,16.726722999010235,0.029652961529791355,0.009200011845678091,rt_fast_path,0.17644301988184452,0.19312900258228183,0.22425298811867833,16.72372000757605
3179,53.41074031998869,16.727000009268522,0.030416005756706,0.00887399073690176,rt_fast_path,0.32109604217112064,0.3379369736649096,0.36979897413402796,16.71169197652489
3180,53.42745641199872,16.71609201002866,0.03811495844274759,0.01101300586014986,rt_fast_path,1.1200600420124829,1.139495987445116,1.1797509505413473,16.719519975595176
3181,53.44417946395697,16.723051958251745,0.030072988010942936,0.008808041457086802,rt_fast_path,0.1965390401892364,0.2124180318787694,0.24395802756771445,16.723329026717693
3182,53.46090586000355,16.726396046578884,0.029402959626168013,0.008628994692116976,rt_fast_path,0.1892420114018023,0.2046620356850326,0.2353269956074655,16.723100969102234
3183,53.477631806978025,16.725946974474937,0.03090500831604004,0.009312992915511131,rt_fast_path,0.20287098595872521,0.2200119779445231,0.25235797511413693,16.723498003557324
3184,53.494358153955545,16.726346977520734,0.030028983019292355,0.008805014658719301,rt_fast_path,0.20146300084888935,0.21801900584250689,0.24933001259341836,16.723048000130802
3185,53.51108533196384,16.727178008295596,0.032426032703369856,0.01061800867319107,rt_fast_path,0.2881720429286361,0.3077449509873986,0.34177699126303196,16.724712040740997
3186,53.527815042005386,16.72971004154533,0.03912096144631505,0.011693977285176516,rt_fast_path,0.3244929830543697,0.34574902383610606,0.38693397073075175,16.723743989132345
3187,53.54454190598335,16.726863977964967,0.03140798071399331,0.0095540308393538,rt_fast_path,0.3358990070410073,0.35345100332051516,0.38644898450002074,16.695921018254012
3188,53.56124056497356,16.69865899020806,0.029811984859406948,0.008788018021732569,rt_fast_path,0.6502580363303423,0.6667320267297328,0.6979400059208274,16.723315988201648
3189,53.57796762196813,16.727056994568557,0.03391999052837491,0.009032024536281824,rt_fast_path,0.20136201055720448,0.21961401216685772,0.25558803463354707,16.72429498285055
3190,53.59469545900356,16.727837035432458,0.030569033697247505,0.009018986020237207,rt_fast_path,0.17662002937868237,0.19402295583859086,0.2258459571748972,16.725962981581688
3191,53.61142456397647,16.729104972910136,0.03225600812584162,0.00924599589779973,rt_fast_path,0.35100500099360943,0.3679729998111725,0.4016919992864132,16.725204011891037
3192,53.62815316399792,16.72860002145171,0.033925985917449,0.009544950444251299,rt_fast_path,1.0567979770712554,1.0742290178313851,1.1097469832748175,16.72286499524489
3193,53.64487954595825,16.726381960324943,0.030206982046365738,0.008993956726044416,rt_fast_path,0.19241601694375277,0.2093359944410622,0.24119199952110648,16.72021404374391
3194,53.66160332795698,16.72378199873492,0.03062398172914982,0.008589995559304953,rt_fast_path,0.22090598940849304,0.2370580332353711,0.269071024376899,16.722920001484454
3195,53.67832925595576,16.72592799877748,0.029053015168756247,0.008762988727539778,rt_fast_path,0.3489759983494878,0.36512198857963085,0.39544800529256463,16.723953012842685
3196,53.695056973956525,16.72771800076589,0.03072002436965704,0.008749018888920546,rt_fast_path,0.3598990151658654,0.37652498576790094,0.40851300582289696,16.725852037779987
3197,53.71178857696941,16.7316030128859,0.03859103890135884,0.01052196603268385,rt_fast_path,0.32012700103223324,0.3393070073798299,0.3797790268436074,16.721330990549177
3198,53.728513701003976,16.725124034564942,0.03324897261336446,0.009296054486185312,rt_fast_path,0.39810402086004615,0.41515304474160075,0.4499439965002239,16.721735999453813
3199,53.74524256197037,16.728860966395587,0.04477298352867365,0.011208001524209976,rt_fast_path,0.20892894826829433,0.22952602012082934,0.27695600874722004,16.744908003602177
3200,53.76199056097539,16.747999005019665,0.031867006327956915,0.009417010005563498,rt_fast_path,0.189254991710186,0.2084430307149887,0.24198502069339156,17.042996012605727
3201,53.77903641597368,17.045854998286813,0.027453002985566854,0.007861992344260216,rt_fast_path,2.7896040119230747,2.804668969474733,2.8335669776424766,16.721113002859056
3202,53.79576048697345,16.724070999771357,0.026626046746969223,0.007939990609884262,rt_fast_path,1.7766309902071953,1.8069179495796561,1.8349189776927233,16.845703008584678
3203,53.812613692949526,16.853205976076424,0.06883300375193357,0.019403989426791668,rt_fast_path,1.2469140347093344,1.2772000045515597,1.3488500262610614,17.66513305483386
3204,53.83028234599624,17.66865304671228,0.040974002331495285,0.01089397119358182,rt_fast_path,0.8639129810035229,0.8841310045681894,0.9273499599657953,17.93719595298171
3205,53.84822272695601,17.940380959771574,0.036439974792301655,0.01104001421481371,rt_fast_path,1.1233330005779862,1.1423240066505969,1.1804180103354156,16.72711904393509
3206,53.86495305900462,16.730332048609853,0.033235992304980755,0.009351992048323154,rt_fast_path,1.6126650152727962,1.6297029796987772,1.6645979485474527,16.72426296863705
3207,53.881680089980364,16.72703097574413,0.029843999072909355,0.009079056326299906,rt_fast_path,0.6559340399689972,0.6724980194121599,0.7036669994704425,16.725496971048415
3208,53.89840944495518,16.72935497481376,0.03729900345206261,0.011328025721013546,rt_fast_path,0.7695530075579882,0.7887749816291034,0.8278780151158571,16.727173002436757
3209,53.915141359961126,16.731915005948395,0.05053699715062976,0.01473200973123312,rt_fast_path,0.9896720293909311,1.0135589982382953,1.0669610346667469,16.724043991416693
3210,53.931869752996136,16.728393035009503,0.05000003147870302,0.012516975402832031,rt_fast_path,0.3314469940960407,0.3550219698809087,0.40741596603766084,16.721353982575238
3211,53.94859580695629,16.726053960155696,0.047941983211785555,0.014559016562998295,rt_fast_path,0.3048740327358246,0.32788101816549897,0.37843402242287993,16.689995012711734
3212,53.96528885996668,16.693053010385484,0.03464799374341965,0.016650010365992785,rt_fast_path,0.3114509745500982,0.3352300263941288,0.3713170299306512,16.72308798879385
3213,53.98201482294826,16.725962981581688,0.03416999243199825,0.009773997589945793,rt_fast_path,0.30096800765022635,0.3181679639965296,0.3537960001267493,16.71945204725489
3214,53.998737399000674,16.722576052416116,0.03572698915377259,0.010585004929453135,rt_fast_path,0.28644001577049494,0.30457298271358013,0.34180894726887345,16.72251196578145
3215,54.01546295097796,16.725551977287978,0.03286503488197923,0.009459967259317636,rt_fast_path,0.2718190080486238,0.28842600295320153,0.3227430279366672,16.725649998988956
3216,54.03219226800138,16.729317023418844,0.04376901779323816,0.01133396290242672,rt_fast_path,0.18773903138935566,0.20725902868434787,0.2528500044718385,16.722480999305844
3217,54.048917798965704,16.725530964322388,0.034652999602258205,0.009853043593466282,rt_fast_path,0.25729701155796647,0.27428800240159035,0.31073199352249503,16.7236480046995
3218,54.06564411096042,16.726311994716525,0.03000604920089245,0.0091749825514853,rt_fast_path,0.306056987028569,0.3222519881092012,0.353704032022506,16.697160026524216
3219,54.082343925954774,16.6998149943538,0.028995040338486433,0.00850198557600379,rt_fast_path,0.31373900128528476,0.329077010974288,0.35941204987466335,16.723011038266122
3220,54.09906958194915,16.72565599437803,0.030938012059777975,0.008947972673922777,rt_fast_path,0.2724369987845421,0.288725015707314,0.3211360308341682,16.71985100256279
3221,54.11579278600402,16.72320405486971,0.0358800170943141,0.010635005310177803,rt_fast_path,0.3319680108688772,0.35091396421194077,0.38840295746922493,16.724777000490576
3222,54.13252220797585,16.72942197183147,0.04412198904901743,0.012483971659094095,rt_fast_path,0.3323970013298094,0.35351701080799103,0.3998529864475131,16.711551987100393
3223,54.149237692996394,16.715485020540655,0.03335496876388788,0.010348972864449024,rt_fast_path,0.1901569776237011,0.20785699598491192,0.24293496971949935,16.722967964597046
3224,54.16596353496425,16.72584196785465,0.030457042157649994,0.00868295319378376,rt_fast_path,0.30797498766332865,0.3239249926991761,0.3558110329322517,16.72203902853653
3225,54.18268841400277,16.724879038520157,0.03170396666973829,0.009203969966620207,rt_fast_path,0.2907589660026133,0.3072710242122412,0.34054298885166645,16.723190958146006
3226,54.199414406961296,16.72599295852706,0.030561001040041447,0.009278010111302137,rt_fast_path,0.28510199626907706,0.30126399360597134,0.3331970074214041,16.72567700734362
3227,54.21614325197879,16.728845017496496,0.0302949920296669,0.008859031368046999,rt_fast_path,0.1843840000219643,0.20052696345373988,0.23220496950671077,16.722903994377702
3228,54.23287041095318,16.727158974390477,0.03940501483157277,0.011748983524739742,rt_fast_path,0.32994302455335855,0.3502320032566786,0.39135903352871537,16.723259002901614
3229,54.249596567999106,16.726157045923173,0.031033006962388754,0.013765995390713215,rt_fast_path,0.3055419656448066,0.3267439897172153,0.3591359709389508,16.722147003747523
3230,54.26632181496825,16.72524696914479,0.03134401049464941,0.008981034625321627,rt_fast_path,0.28179201763123274,0.2980389981530607,0.33079099375754595,16.72303699888289
3231,54.28304804599611,16.726231027860194,0.03248400753363967,0.00926898792386055,rt_fast_path,1.4252139953896403,1.4420889783650637,1.475812983699143,16.72253495780751
3232,54.299773456994444,16.725410998333246,0.028753012884408236,0.008931965567171574,rt_fast_path,0.48237701412290335,0.49866101471707225,0.5286780069582164,16.721915977541357
3233,54.31649810197996,16.724644985515624,0.03016000846400857,0.00880600418895483,rt_fast_path,0.5468070157803595,0.5625250050798059,0.5940989940427244,16.72336197225377
3234,54.33322610298637,16.72800100641325,0.04810403333976865,0.01245702151209116,rt_fast_path,0.1944259856827557,0.21581497276201844,0.26600598357617855,16.720396000891924
3235,54.349950011004694,16.7239080183208,0.03264198312535882,0.009082024917006493,rt_fast_path,0.33608602825552225,0.35266001941636205,0.3871609806083143,16.721447987947613
3236,54.36667443194892,16.72442094422877,0.02776703331619501,0.00817800173535943,rt_fast_path,0.20541000412777066,0.2203719923272729,0.24928903440013528,16.721719002816826
3237,54.38339906895999,16.72463701106608,0.028548005502671003,0.008466013241559267,rt_fast_path,0.27086801128461957,0.2865539863705635,0.3164280205965042,16.723548993468285
3238,54.40012541395845,16.726344998460263,0.029338989406824112,0.009021023288369179,rt_fast_path,0.33987098140642047,0.3559449687600136,0.3865360049530864,16.72479702392593
3239,54.4168548649759,16.729451017454267,0.03919698065146804,0.010673014912754297,rt_fast_path,0.19806798081845045,0.21657999604940414,0.2572700032033026,16.723438980989158
3240,54.433581739955116,16.72687497921288,0.038111989852041006,0.01136300852522254,rt_fast_path,0.19494403386488557,0.21555402781814337,0.255510036367923,16.720582032576203
3241,54.45030526997289,16.723530017770827,0.0323160202242434,0.009683019015938044,rt_fast_path,0.21693797316402197,0.23449998116120696,0.268318981397897,16.720874002203345
3242,54.467028871004004,16.72360103111714,0.02869096351787448,0.00890000956133008,rt_fast_path,0.21257001208141446,0.22905401419848204,0.2592069795355201,17.213809944223613
3243,54.48424552398501,17.21665298100561,0.036284036468714476,0.009301002137362957,rt_fast_path,1.4862840180285275,1.503345964010805,1.540910976473242,16.725432011298835
3244,54.50097387697315,16.728352988138795,0.029176997486501932,0.008745002560317516,rt_fast_path,0.17263798508793116,0.18860498676076531,0.21915999241173267,16.722936008591205
3245,54.517701110977214,16.727234004065394,0.03374001244083047,0.010241987183690071,rt_fast_path,0.25157799245789647,0.2702029887586832,0.30561897438019514,16.723787994123995
3246,54.53442845196696,16.727340989746153,0.037744001019746065,0.01008500112220645,rt_fast_path,0.21613796707242727,0.2343960222788155,0.27373601915314794,16.72363403486088
3247,54.55115559295518,16.727140988223255,0.03220600774511695,0.009784998837858438,rt_fast_path,0.19977602642029524,0.2174039836972952,0.2511030179448426,16.720884013921022
3248,54.56787974596955,16.724153014365584,0.032101001124829054,0.009148032404482365,rt_fast_path,0.18995098071172833,0.20691502140834928,0.24041702272370458,16.724007029552013
3249,54.584607133991085,16.72738802153617,0.030373979825526476,0.009154027793556452,rt_fast_path,0.35169196780771017,0.3684070543386042,0.40017301216721535,16.720388957764953
3250,54.60133054800099,16.723414009902626,0.027589965611696243,0.008478004019707441,rt_fast_path,0.17952703638002276,0.1954039908014238,0.22419996093958616,16.72319194767624
3251,54.61805625795387,16.725709952879697,0.02922496059909463,0.008744013030081987,rt_fast_path,0.378063996322453,0.3946660435758531,0.42537203989923,16.720740997698158
3252,54.63478027295787,16.724015004001558,0.030917988624423742,0.009477953426539898,rt_fast_path,1.2509420048445463,1.2682329979725182,1.3007110101170838,16.723068023566157
3253,54.65150600695051,16.725733992643654,0.027116970159113407,0.008450995665043592,rt_fast_path,0.5038619856350124,0.5197210120968521,0.54815603652969,16.83330599917099
3254,54.66835424298188,16.84823603136465,0.07907801773399115,0.016995007172226906,rt_fast_path,0.6726010469719768,0.7039050105959177,0.7897280156612396,16.852471977472305
3255,54.68521967995912,16.86543697724119,0.05211698589846492,0.012978038284927607,rt_fast_path,0.8989399648271501,0.9240560466423631,0.9789580362848938,16.794147028122097
3256,54.702020560973324,16.800881014205515,0.05011796019971371,0.013022043276578188,rt_fast_path,1.337419031187892,1.360255992040038,1.4130899799056351,17.929348978213966
3257,54.71995347796474,17.93291699141264,0.03431597724556923,0.010378018487244844,rt_fast_path,0.5125849856995046,0.5317820468917489,0.5676980363205075,16.72390999738127
3258,54.73668250598712,16.72902802238241,0.05274498835206032,0.014313030987977982,rt_fast_path,0.9777789819054306,1.0018990142270923,1.0571919847279787,16.72859297832474
3259,54.75341828895034,16.735782963223755,0.06189197301864624,0.01687405165284872,rt_fast_path,0.5555750103667378,0.5842610262334347,0.6491000531241298,16.728687041904777
3260,54.77015389199369,16.735603043343872,0.06149098044261336,0.01756299752742052,rt_fast_path,0.31985598616302013,0.3500410239212215,0.41555799543857574,16.72837999649346
3261,54.78688724798849,16.73335599480197,0.046850997023284435,0.013383978512138128,rt_fast_path,0.8105409797281027,0.8340890053659678,0.8832570165395737,16.724667977541685
3262,54.803616477991454,16.729230002965778,0.04359101876616478,0.013232987839728594,rt_fast_path,0.2516040112823248,0.2746719983406365,0.32044597901403904,17.156269983388484
3263,54.82077626395039,17.1597859589383,0.03377196844667196,0.010876974556595087,rt_fast_path,1.5417230315506458,1.5617850003764033,1.5971310203894973,16.725102032069117
3264,54.837505615956616,16.729352006223053,0.03551604459062219,0.011157011613249779,rt_fast_path,0.5779920029453933,0.5976459942758083,0.6347800372168422,16.727805021218956
3265,54.85423702100525,16.73140504863113,0.03262900281697512,0.010112009476870298,rt_fast_path,0.573901052121073,0.5922699929215014,0.6261849775910378,16.739205981139094
3266,54.87098549498478,16.74847397953272,0.07018801989033818,0.01793599221855402,rt_fast_path,0.23768999380990863,0.2678079763427377,0.34153397427871823,16.836649971082807
3267,54.887837291986216,16.851797001436353,0.08324702503159642,0.016369973309338093,rt_fast_path,0.43606001418083906,0.46624295646324754,0.5555899697355926,17.448313999921083
3268,54.90529326495016,17.455972963944077,0.05930999759584665,0.015483004972338676,rt_fast_path,0.2724949736148119,0.2991909859701991,0.3617629990912974,16.726999019738287
3269,54.922028486966155,16.735222015995532,0.05246803630143404,0.014658959116786718,rt_fast_path,0.4791489918716252,0.5054259672760963,0.560590997338295,18.72703799745068
3270,54.940762067970354,18.73358100419864,0.06184499943628907,0.0155859743244946,rt_fast_path,0.41018996853381395,0.4376969882287085,0.5027480074204504,19.511113001499325
3271,54.960279495979194,19.517428008839488,0.053800002206116915,0.014663033653050661,rt_fast_path,0.23995101219043136,0.26563898427411914,0.32237800769507885,16.994152974803
3272,54.97727911797119,16.999621991999447,0.04596996586769819,0.013015000149607658,rt_fast_path,0.2513490035198629,0.2742730430327356,0.32256002305075526,16.903567011468112
3273,54.994187309988774,16.908192017581314,0.04508794518187642,0.012622971553355455,rt_fast_path,0.6825710297562182,0.7042860379442573,0.7516240002587438,16.73263096017763
3274,55.010925426962785,16.738116974011064,0.04463701043277979,0.012981996405869722,rt_fast_path,0.19897101446986198,0.22129400167614222,0.2681530313566327,17.46602001367137
3275,55.02840633399319,17.480907030403614,0.07099797949194908,0.014049990568310022,rt_fast_path,0.5441930261440575,0.571620010305196,0.648472981993109,16.895497974473983
3276,55.04531706898706,16.9107349938713,0.07105199620127678,0.014772987924516201,rt_fast_path,0.36337500205263495,0.391890003811568,0.46908698277547956,16.8165439972654
3277,55.06215112895006,16.8340599630028,0.07042597280815244,0.015855010133236647,rt_fast_path,0.2744499943219125,0.3066080389544368,0.3841350553557277,16.790943045634776
3278,55.0789465479902,16.79541904013604,0.0454919645562768,0.0123850186355412,rt_fast_path,1.009016006719321,1.0309439967386425,1.078542962204665,16.721108986530453
3279,55.095672445953824,16.725897963624448,0.04369998350739479,0.012585020158439875,rt_fast_path,1.862325007095933,1.883924996946007,1.9295689999125898,16.722667030990124
3280,55.112399700970855,16.727255017030984,0.034276978112757206,0.011116964742541313,rt_fast_path,0.7541330414824188,0.7735270191915333,0.809299002867192,16.724341025110334
3281,55.129128859960474,16.729158989619464,0.04662096034735441,0.012717966455966234,rt_fast_path,0.3199159982614219,0.3420360153540969,0.3911560052074492,16.73604699317366
3282,55.14586992299883,16.741063038352877,0.0586420064792037,0.016130972653627396,rt_fast_path,0.559507985599339,0.5864190170541406,0.6476599955931306,16.724584973417222
3283,55.1625989129534,16.72898995457217,0.04735600668936968,0.013492011930793524,rt_fast_path,0.3775220247916877,0.4004680085927248,0.45016303192824125,16.72317599877715
3284,55.179326095967554,16.727183014154434,0.04324904875829816,0.012053002137690783,rt_fast_path,0.587801041547209,0.6086349603720009,0.6539539899677038,16.724187007639557
3285,55.196053946972825,16.727851005271077,0.03980699693784118,0.011255033314228058,rt_fast_path,0.19285600865259767,0.2124659949913621,0.2542500151321292,16.72123302705586
3286,55.212779149995185,16.7252030223608,0.044231011997908354,0.016312988009303808,rt_fast_path,0.33033802174031734,0.3559649921953678,0.4024449735879898,16.732545976992697
3287,55.22951582499081,16.736674995627254,0.044693995732814074,0.012160977348685265,rt_fast_path,0.1851579872891307,0.20690099336206913,0.25365897454321384,16.71980001265183
3288,55.24623986595543,16.724040964618325,0.04337797872722149,0.012041011359542608,rt_fast_path,0.2182869939133525,0.23979501565918326,0.2851820318028331,16.72030403278768
3289,55.262963658955414,16.723792999982834,0.03370799822732806,0.009957002475857735,rt_fast_path,0.31817000126466155,0.3361330018378794,0.37153600715100765,16.722867032513022
3290,55.279689508955926,16.725850000511855,0.029326998628675938,0.008490053005516529,rt_fast_path,0.29933900805190206,0.31518598552793264,0.34591101575642824,16.67821704177186
3291,55.29637108196039,16.681573004461825,0.032033014576882124,0.00934000127017498,rt_fast_path,0.1969310105778277,0.21353998454287648,0.2473519998602569,16.722991014830768
3292,55.31309719599085,16.72611403046176,0.029822986107319593,0.009054027032107115,rt_fast_path,0.37041096948087215,0.38674200186505914,0.4178389790467918,16.720374987926334
3293,55.3298224589671,16.725262976251543,0.04792399704456329,0.013274024240672588,rt_fast_path,1.1247299844399095,1.1478500091470778,1.1980310082435608,16.724496032111347
3294,55.346550455957185,16.727996990084648,0.03559800097718835,0.012093980330973864,rt_fast_path,0.35308999940752983,0.37310103652998805,0.410389038734138,16.685426991898566
3295,55.363239273952786,16.688817995600402,0.03778300015255809,0.010793039109557867,rt_fast_path,0.3811770002357662,0.4008380346931517,0.44024403905496,16.722931002732366
3296,55.37996641395148,16.72713999869302,0.03717199433594942,0.010568997822701931,rt_fast_path,0.35820400808006525,0.3774730139411986,0.4166310536675155,16.724598011933267
3297,55.39669465000043,16.72823604894802,0.03443699097260833,0.011531985364854336,rt_fast_path,0.32877596095204353,0.34827698254957795,0.3839999553747475,16.747829969972372
3298,55.41344625095371,16.75160095328465,0.04343304317444563,0.01294200774282217,rt_fast_path,0.21442503202706575,0.2370799775235355,0.28237001970410347,19.56676901318133
3299,55.43301731097745,19.57106002373621,0.043388979975134134,0.012281991075724363,rt_fast_path,0.19958801567554474,0.22109103156253695,0.266603019554168,16.724736022297293
3300,55.449745142948814,16.72783197136596,0.033567019272595644,0.01048302510753274,rt_fast_path,0.17870101146399975,0.1970849698409438,0.23218500427901745,16.723531007301062
3301,55.46647205599584,16.726913047023118,0.030930968932807446,0.009208975825458765,rt_fast_path,0.17120398115366697,0.1880490453913808,0.22047600941732526,16.723965003620833
3302,55.48320021596737,16.728159971535206,0.04849000833928585,0.012437987606972456,rt_fast_path,0.2448749728500843,0.2663909690454602,0.3173580043949187,16.722757020033896
3303,55.49992614798248,16.725932015106082,0.03421999281272292,0.01006503589451313,rt_fast_path,0.34099299227818847,0.3588019753806293,0.39448298048228025,16.72306196996942
3304,55.516652780992445,16.726633009966463,0.035043980460613966,0.010198971722275019,rt_fast_path,0.18818402895703912,0.20567397587001324,0.24225196102634072,16.720951010938734
3305,55.53337749495404,16.724713961593807,0.042180996388196945,0.011643976904451847,rt_fast_path,0.19492499995976686,0.21561700850725174,0.2595140249468386,17.557067039888352
3306,55.55093910294818,17.561607994139194,0.03461301093921065,0.011108990292996168,rt_fast_path,0.23477099603042006,0.2543709706515074,0.29036402702331543,16.723312030080706
3307,55.56766668497585,16.727582027669996,0.043508014641702175,0.013048993423581123,rt_fast_path,0.32199599081650376,0.34463900374248624,0.39029400795698166,16.724804998375475
3308,55.58439513697522,16.72845199937001,0.04260800778865814,0.011797004844993353,rt_fast_path,0.18075504340231419,0.20128500182181597,0.24585798382759094,16.723048989661038
3309,55.60112136596581,16.726228990592062,0.029654009267687798,0.009233946911990643,rt_fast_path,0.1945279655046761,0.21141202887520194,0.242356036324054,16.72354101901874
3310,55.61784803098999,16.726665024179965,0.029349990654736757,0.008750997949391603,rt_fast_path,0.17254997510463,0.18886697944253683,0.21958898287266493,16.72414696076885
3311,55.634577093995176,16.729063005186617,0.049183028750121593,0.01391599653288722,rt_fast_path,0.21254498278722167,0.23671897361055017,0.2882179687730968,16.724513960070908
3312,55.65130784496432,16.730750969145447,0.060560996644198895,0.016298028640449047,rt_fast_path,2.817533037159592,2.8441919712349772,2.9075409984216094,16.726603033021092
3313,55.66803829499986,16.730450035538524,0.03622099757194519,0.00978301977738738,rt_fast_path,0.18832902424037457,0.20570302149280906,0.24378899252042174,16.71995996730402
3314,55.68476122897118,16.722933971323073,0.03339600516483188,0.00956596340984106,rt_fast_path,0.6629329873248935,0.6849060300737619,0.719582021702081,16.735891986172646
3315,55.70150945795467,16.748228983487934,0.08399295620620251,0.015671015717089176,rt_fast_path,0.2593090175651014,0.2851290046237409,0.3742380067706108,18.077431013807654
3316,55.71959156700177,18.082109047099948,0.04031200660392642,0.011435011401772499,rt_fast_path,0.22924900986254215,0.25128404377028346,0.2934689982794225,16.724721994251013
3317,55.73632131499471,16.729747992940247,0.048839021474123,0.013884971849620342,rt_fast_path,1.1783060035668314,1.205366977956146,1.25651597045362,16.88031799858436
3318,55.75321954197716,16.89822698244825,0.0687700230628252,0.012297008652240038,rt_fast_path,0.6639710045419633,0.6857520202174783,0.7619020179845393,16.724037006497383
3319,55.76994745398406,16.727912006899714,0.04368094960227609,0.012549979146569967,rt_fast_path,0.3597160102799535,0.3810470225289464,0.4265939933247864,17.241381981875747
3320,55.78719181800261,17.244364018552005,0.0414940295740962,0.011080002877861261,rt_fast_path,1.0160160018131137,1.0360109736211598,1.0796879651024938,16.72451797639951
3321,55.80392017099075,16.728352988138795,0.04390900721773505,0.011886004358530045,rt_fast_path,0.33909903140738606,0.35973195917904377,0.4054869641549885,16.724043991416693
3322,55.820647900982294,16.727729991544038,0.035630015190690756,0.010572024621069431,rt_fast_path,0.19177899230271578,0.2104899613186717,0.24778296938166022,16.723776003345847
3323,55.83737572096288,16.72781998058781,0.047685985919088125,0.013200973626226187,rt_fast_path,0.27563702315092087,0.2979570417664945,0.34828903153538704,16.724624030757695
3324,55.85410371795297,16.727996990084648,0.03467302303761244,0.01056998735293746,rt_fast_path,0.2362389932386577,0.254788959864527,0.2913899952545762,18.33509502466768
3325,55.87244219298009,18.338475027121603,0.032073992770165205,0.009745999705046415,rt_fast_path,0.18249498680233955,0.1998100196942687,0.2333950251340866,16.72097999835387
3326,55.88916780997533,16.72561699524522,0.037277000956237316,0.010721967555582523,rt_fast_path,0.23434596369042993,0.25354098761454225,0.29256497509777546,16.723870008718222
3327,55.905895053001586,16.727243026252836,0.029338989406824112,0.00894902041181922,rt_fast_path,0.21264201495796442,0.22901303600519896,0.2600330044515431,16.722962958738208
3328,55.922621791949496,16.726738947909325,0.03196398029103875,0.009561015758663416,rt_fast_path,0.2227089717052877,0.24016201496124268,0.2735750167630613,16.723716049455106
3329,55.93934932700358,16.72753505408764,0.03972399281337857,0.011668947990983725,rt_fast_path,0.2306150272488594,0.25075499434024096,0.29263796750456095,16.724908957257867
3330,55.95608169795014,16.73237094655633,0.054447969887405634,0.014731951523572206,rt_fast_path,0.42609102092683315,0.45136798871681094,0.508880999404937,16.836397000588477
3331,55.97292540298076,16.843705030623823,0.0716930371709168,0.017810030840337276,rt_fast_path,0.2839909866452217,0.314052973408252,0.3896839916706085,17.10401097079739
3332,55.99003498599632,17.109583015553653,0.04767201608046889,0.013114011380821466,rt_fast_path,0.810943020042032,0.8337100152857602,0.8837089990265667,16.72509900527075
3333,56.00676449696766,16.729510971345007,0.04721700679510832,0.012876989785581827,rt_fast_path,2.0356510067358613,2.0585349993780255,2.1078920108266175,16.727273992728442
3334,56.02349710697308,16.7326100054197,0.044283049646764994,0.0123180216178298,rt_fast_path,0.3053559921681881,0.327017973177135,0.3735549980774522,16.721211024560034
3335,56.04022245196393,16.72534499084577,0.04681898280978203,0.012298987712711096,rt_fast_path,1.0252519859932363,1.0497189941816032,1.098659005947411,16.725171997677535
3336,56.056953224004246,16.730772040318698,0.04893500590696931,0.012859003618359566,rt_fast_path,1.233766961377114,1.2604529620148242,1.3116789632476866,16.725427994970232
3337,56.07368392898934,16.730704985093325,0.04307099152356386,0.012109987437725067,rt_fast_path,0.47132198233157396,0.49284304259344935,0.5380070069804788,16.723198990803212
3338,56.09041275596246,16.728826973121613,0.055036041885614395,0.01248304033651948,rt_fast_path,0.27242698706686497,0.29476697091013193,0.35184400621801615,16.7258910369128
3339,56.10714357497636,16.730819013901055,0.043302017729729414,0.012878968846052885,rt_fast_path,0.4101949743926525,0.4324499750509858,0.47792698023840785,16.725827008485794
3340,56.12387496099109,16.731386014726013,0.046242959797382355,0.012737000361084938,rt_fast_path,0.26151700876653194,0.28368999483063817,0.33261795761063695,16.72477799002081
3341,56.14060513296863,16.73017197754234,0.04558695945888758,0.01249898923560977,rt_fast_path,0.27498300187289715,0.29677001293748617,0.3448509960435331,16.733347030822188
3342,56.15734811098082,16.74297801218927,0.08795497706159949,0.02056499943137169,rt_fast_path,0.2716970047913492,0.30581699684262276,0.3987399977631867,16.736975987441838
3343,56.174094038957264,16.745927976444364,0.07441098568961024,0.023428990971297026,rt_fast_path,0.24872104404494166,0.2855260390788317,0.36456104135140777,16.756037017330527
3344,56.19086343795061,16.76939899334684,0.12240896467119455,0.03218400524929166,rt_fast_path,0.38188701728358865,0.4338650032877922,0.5634870030917227,16.76183403469622
3345,56.207648227980826,16.784790030214936,0.15709100989624858,0.03617705078795552,rt_fast_path,0.37770799826830626,0.43751002522185445,0.6044050096534193,16.957348969299346
3346,56.22461796697462,16.969738993793726,0.10888103861361742,0.02721301279962063,rt_fast_path,0.30547898495569825,0.34895900171250105,0.4636460216715932,16.728090005926788
3347,56.24135245097568,16.73448400106281,0.061022990848869085,0.017245998606085777,rt_fast_path,0.391812005545944,0.41948602301999927,0.48340100329369307,16.73246902646497
3348,56.25809589098208,16.74344000639394,0.07796799764037132,0.012813019566237926,rt_fast_path,0.24575804127380252,0.2684429637156427,0.3509849775582552,16.738286998588592
3349,56.274839513003826,16.743622021749616,0.04290498327463865,0.012338045053184032,rt_fast_path,0.35237299744039774,0.3742279950529337,0.41937094647437334,16.731493989937007
3350,56.29157631698763,16.73680398380384,0.04270399222150445,0.0115659786388278,rt_fast_path,0.3549670218490064,0.3757209633477032,0.42059796396642923,16.746070992667228
3351,56.30833534896374,16.759031976107508,0.08450099267065525,0.013041018974035978,rt_fast_path,0.2628329675644636,0.28596899937838316,0.3755710204131901,17.02308002859354
3352,56.32536412199261,17.028773028869182,0.0468179932795465,0.013391021639108658,rt_fast_path,0.2162919845432043,0.23970101028680801,0.2886200090870261,16.729594964999706
3353,56.34210497100139,16.740849008783698,0.06960402242839336,0.012285017874091864,rt_fast_path,0.23646297631785274,0.2584260073490441,0.3328589955344796,16.73282397678122
3354,56.35884411400184,16.739143000449985,0.04911201540380716,0.012730015441775322,rt_fast_path,0.26068900479003787,0.28296501841396093,0.3345549921505153,16.734442964661866
3355,56.375586532987654,16.742418985813856,0.056187971495091915,0.014158955309540033,rt_fast_path,0.4013260477222502,0.4255769890733063,0.48459897516295314,16.735662997234613
3356,56.392328697955236,16.74216496758163,0.057004974223673344,0.013817043509334326,rt_fast_path,0.22980902576819062,0.254014041274786,0.3138190368190408,16.73145400127396
3357,56.40906539000571,16.736692050471902,0.04437100142240524,0.012072036042809486,rt_fast_path,0.21957000717520714,0.24827796733006835,0.295029953122139,16.726155998185277
3358,56.42579663195647,16.731241950765252,0.04686199827119708,0.013253011275082827,rt_fast_path,0.2117170370183885,0.23442698875442147,0.28347602346912026,16.724111046642065
3359,56.44252460700227,16.727975045796484,0.040157989133149385,0.012470991350710392,rt_fast_path,0.3547950182110071,0.376387033611536,0.41882199002429843,16.714466968551278
3360,56.45924264297355,16.718035971280187,0.0354339717887342,0.010860967449843884,rt_fast_path,0.2307140384800732,0.2499080146662891,0.28684799326583743,16.72012801282108
3361,56.47596621699631,16.723574022762477,0.034097000025212765,0.009934999980032444,rt_fast_path,0.3761510015465319,0.3943289630115032,0.4299599677324295,16.72307896660641
3362,56.492692600004375,16.72638300806284,0.034325988963246346,0.010046001989394426,rt_fast_path,0.19860896281898022,0.21700502838939428,0.25277899112552404,16.831599990837276
3363,56.509532942960504,16.84034295612946,0.06545300129801035,0.016414967831224203,rt_fast_path,0.4367749788798392,0.4671750357374549,0.5362540250644088,16.702146036550403
3364,56.526242652966175,16.709710005670786,0.05267502274364233,0.013921991921961308,rt_fast_path,0.23904297268018126,0.2643460175022483,0.3198960330337286,16.729296010453254
3365,56.54297879099613,16.736138029955328,0.051404000259935856,0.013513956218957901,rt_fast_path,0.21178298629820347,0.2366339904256165,0.290662981569767,16.72932895598933
3366,56.55971485294867,16.736061952542514,0.049700960516929626,0.013208016753196716,rt_fast_path,1.57099001808092,1.5946960193105042,1.647039025556296,16.72481303103268
3367,56.57644710299792,16.732250049244612,0.06399897392839193,0.018109974917024374,rt_fast_path,0.5865080165676773,0.6159250042401254,0.6834929808974266,16.723260981962085
3368,56.59317560499767,16.728501999750733,0.048422953113913536,0.014301971532404423,rt_fast_path,1.132766017690301,1.158958999440074,1.2105899513699114,16.72124897595495
3369,56.60990174597828,16.72614098060876,0.041102000977844,0.011981988791376352,rt_fast_path,0.20504900021478534,0.22563105449080467,0.2687260275706649,16.72457897802815
3370,56.6266302819713,16.728535993024707,0.035961042158305645,0.6370109622366726,fk_safe,0.37702801637351513,1.025638950522989,1.0631519835442305,16.72492700163275
3371,56.643359961977694,16.7296800063923,0.04755199188366532,3.0684469966217875,fk_safe,3.762798965908587,6.840942020062357,6.890635006129742,16.7249430087395
3372,56.660088835982606,16.72887400491163,0.04148000152781606,1.143564993981272,fk_safe,0.6430770154111087,1.7953719943761826,1.8389159813523293,16.720307001378387
3373,56.676812541962136,16.72370597952977,0.03470596857368946,0.40453701512888074,fk_safe,0.1521029626019299,0.5654009873978794,0.6019099964760244,16.723080014344305
3374,56.69353942095768,16.726878995541483,0.0464959884993732,0.5563829909078777,fk_safe,0.726451980881393,1.2928139767609537,1.3415360008366406,16.697211016435176
3375,56.71024025400402,16.700833046343178,0.03889697836712003,0.7730649667792022,fk_safe,0.21796597866341472,0.9999109897762537,1.040738949086517,17.052982992026955
3376,56.727297461999115,17.05720799509436,0.04277203697711229,1.7396920011378825,fk_safe,0.2056950470432639,1.954883977305144,1.9996659830212593,16.722893982660025
3377,56.74402762600221,16.730164003092796,0.1189960166811943,0.6200520438142121,fk_safe,0.26503996923565865,0.8970820344984531,1.0201749973930418,16.72411896288395
3378,56.76075580494944,16.728178947232664,0.041041988879442215,0.4780089948326349,fk_safe,0.22049096878618002,0.7071930449455976,0.7502910448238254,16.723472042940557
3379,56.77748306695139,16.727262001950294,0.041485996916890144,0.5331499851308763,fk_safe,0.21350395400077105,0.7557740318588912,0.799172034021467,16.72597002470866
3380,56.79421283095144,16.729764000047,0.03929098602384329,0.42779301293194294,fk_safe,0.19990798318758607,0.6369210314005613,0.6781270494684577,16.72012102790177
3381,56.81093597895233,16.72314800089225,0.0326060107909143,0.41777396108955145,fk_safe,0.2200789749622345,0.6462149904109538,0.6802750285714865,16.731274023186415
3382,56.827671752951574,16.735773999243975,0.04738999996334314,0.4377160221338272,fk_safe,0.18739397637546062,0.6348169990815222,0.6845199968665838,16.721072024665773
3383,56.844396508997306,16.724756045732647,0.038582016713917255,0.5792910233139992,fk_safe,0.16181397950276732,0.7496729958802462,0.7899219635874033,16.719973005820066
3384,56.86111948697362,16.722977976314723,0.03257900243625045,0.4203739808872342,fk_safe,0.20886497804895043,0.6369880284182727,0.6709350273013115,16.723329026717693
3385,56.877846669987775,16.727183014154434,0.036093988455832005,0.5207069916650653,fk_safe,0.24798198137432337,0.777015055064112,0.8151240181177855,16.722405969630927
3386,56.89457200298784,16.72533300006762,0.03194098826497793,0.45664998469874263,fk_safe,0.17868296708911657,0.6437139818444848,0.677244970574975,16.72313001472503
3387,56.91129871294834,16.72670996049419,0.03781495615839958,0.40109100518748164,fk_safe,0.3211019793525338,0.7309430511668324,0.7705050520598888,16.724389046430588
3388,56.928027499991,16.728787042666227,0.04155404167249799,0.5658830050379038,fk_safe,0.32688601640984416,0.902258965652436,0.9458949789404869,16.724137007258832
3389,56.94475501595298,16.72751596197486,0.036551966331899166,0.4548759898170829,fk_safe,0.30366203282028437,0.7668570033274591,0.805073999799788,16.72019704710692
3390,56.96147848595865,16.723470005672425,0.03402301808819175,0.5893009947612882,fk_safe,0.21303200628608465,0.810562982223928,0.8462269906885922,16.724306042306125
3391,56.97820698196301,16.72849600436166,0.045761000365018845,0.5730600096285343,fk_safe,0.44299999717622995,1.0255129891447723,1.0734969982877374,16.72213099664077
3392,56.994932881963905,16.72590000089258,0.037440971937030554,1.9040899933315814,fk_safe,1.1364230304025114,3.04995704209432,3.089269041083753,16.721288033295423
3393,57.01165780000156,16.72491803765297,0.034424010664224625,2.0127930329181254,fk_safe,0.33007602905854583,2.3517279769293964,2.3876119521446526,17.44873297866434
3394,57.02911091397982,17.45311397826299,0.04586600698530674,1.6319149872288108,fk_safe,0.8274809806607664,2.4691640282981098,2.517211018130183,17.35012698918581
3395,57.046464715967886,17.353801988065243,0.03605702659115195,2.1216790191829205,fk_safe,1.0922359651885927,3.2229230273514986,3.2608440378680825,17.35047099646181
3396,57.06381866696756,17.35395099967718,0.03898498835042119,1.581898017320782,fk_safe,0.1780519960448146,1.7690070089884102,1.8099030130542815,16.72038499964401
3397,57.08054249797715,16.72383100958541,0.03307295264676213,1.4332489809021354,fk_safe,2.0303770434111357,3.4722500131465495,3.506821987684816,16.9109629932791
3398,57.09745646000374,16.913962026592344,0.032862997613847256,1.1440819944255054,fk_safe,2.2004760103300214,3.3529020147398114,3.3871959894895554,17.261362983845174
3399,57.11472126696026,17.26480695651844,0.036192010156810284,2.3296159924939275,fk_safe,0.3353490028530359,2.6753999991342425,2.7131380047649145,16.721239022444934
3400,57.13144695898518,16.725692024920136,0.0427949707955122,1.1985989985987544,fk_safe,2.5643929839134216,3.772868018131703,3.817591001279652,16.723675013054162
3401,57.14817459095502,16.72763196984306,0.034308002796024084,0.44128799345344305,fk_safe,0.4521450027823448,0.9015260147862136,0.9375570225529373,16.720495012123138
3402,57.164898597984575,16.724007029552013,0.03432994708418846,0.5086670280434191,fk_safe,0.19255600636824965,0.7099760114215314,0.7459999760612845,16.723495966289192
3403,57.18162575899623,16.72716101165861,0.034693977795541286,0.7018749602138996,fk_safe,0.1535019837319851,0.8644639747217298,0.9010529611259699,16.723588982131332
3404,57.19835381495068,16.728055954445153,0.03899802686646581,0.5717710009776056,fk_safe,0.1704780152067542,0.7511909934692085,0.7924280362203717,16.721986001357436
3405,57.21508034598082,16.726531030144542,0.03631203435361385,2.193987020291388,fk_safe,1.1431659804657102,3.346706973388791,3.3846329897642136,16.726636968087405
3406,57.231811692996416,16.7313470155932,0.04136399365961552,1.5236170147545636,fk_safe,1.1129610356874764,2.6471290038898587,2.6903579710051417,16.723325999919325
3407,57.24853839795105,16.726704954635352,0.03525102511048317,2.224341966211796,fk_safe,0.21853100042790174,2.4519360158592463,2.4888660409487784,17.900058010127395
3408,57.26644168596249,17.903288011439145,0.0343119609169662,1.0102390078827739,fk_safe,1.1023200349882245,2.1217180183157325,2.1576170111075044,16.72706298995763
3409,57.283173998002894,16.732312040403485,0.04448398249223828,2.2879469906911254,fk_safe,1.2493100366555154,3.5482440143823624,3.594742971472442,16.693895973730832
3410,57.29987296095351,16.69896295061335,0.03629899583756924,1.821674988605082,fk_safe,0.8829360012896359,2.7148029766976833,2.7529040235094726,16.720690997317433
3411,57.31659913697513,16.72617602162063,0.042037980165332556,5.846097017638385,fk_safe,0.6984550273045897,6.560868001542985,6.605039001442492,16.748914029449224
3412,57.33336169295944,16.76255598431453,0.07012899732217193,1.8429250339977443,fk_safe,1.41774897929281,3.274243965279311,3.350068989675492,16.724610002711415
3413,57.3500899009523,16.72820799285546,0.03654498141258955,0.34111703280359507,fk_safe,0.18969696247950196,0.5393269821070135,0.5774350138381124,16.72325504478067
3414,57.366817497997545,16.72759704524651,0.03248202847316861,0.43283298145979643,fk_safe,0.17429300351068377,0.6153149879537523,0.6494019762612879,16.720978950615972
3415,57.38354301796062,16.725519963074476,0.030305003747344017,0.5328090046532452,fk_safe,0.5430809687823057,1.0847009834833443,1.1162669979967177,16.693190031219274
3416,57.40024137200089,16.698354040272534,0.05215901182964444,0.5241630133241415,fk_safe,0.25268603349104524,0.7874870207160711,0.8425029809586704,18.370532954577357
3417,57.41861706896452,18.375696963630617,0.04009698750451207,1.963662973139435,fk_safe,0.3668610006570816,2.3395390016958117,2.381953992880881,16.7202340089716
3418,57.435341175994836,16.724107030313462,0.0413029920309782,3.9599250303581357,fk_safe,1.6401050379499793,5.609954008832574,5.653525004163384,16.72546996269375
3419,57.452069850987755,16.728674992918968,0.03517098957672715,0.5567930056713521,fk_safe,0.29283197363838553,0.8575240499339998,0.8945040171965957,16.723013017326593
3420,57.46879586594878,16.726014961022884,0.030829047318547964,0.5150910001248121,fk_safe,0.18533202819526196,0.708295963704586,0.7406530203297734,16.724775021430105
3421,57.485523786977865,16.727921029087156,0.030811992473900318,0.5601200391538441,fk_safe,0.1617490197531879,0.7294039824046195,0.7617839728482068,16.71142497798428
3422,57.50223811995238,16.714332974515855,0.033006013836711645,0.5896220100112259,fk_safe,0.15425297897309065,0.7516740006394684,0.786172051448375,16.722991014830768
3423,57.518964923976455,16.726804024074227,0.035702018067240715,0.44389301910996437,fk_safe,0.16303500160574913,0.6151850102469325,0.6523940246552229,18.526573025155813
3424,57.537506697990466,18.541774014011025,0.07366400677710772,1.1943560093641281,fk_safe,0.4361699684523046,1.6417899751104414,1.722019980661571,17.260890977922827
3425,57.55477125995094,17.264561960473657,0.03553403075784445,2.2602699464187026,fk_safe,0.9920700103975832,3.2609699992462993,3.299076051916927,17.795857042074203
3426,57.57258345396258,17.812194011639804,0.1082589733414352,0.9859359706752002,fk_safe,0.36023498978465796,1.3610449968837202,1.4763229992240667,16.78908203030005
3427,57.58938982698601,16.806373023428023,0.06736599607393146,0.7185579743236303,fk_safe,1.8674820312298834,2.599791041575372,2.6738590095192194,16.726610017940402
3428,57.60612168099033,16.731854004319757,0.044688000343739986,1.8822550191543996,fk_safe,1.1349089909344912,3.027119964826852,3.0740369693376124,16.72672899439931
3429,57.622852790984325,16.73110999399796,0.03726599970832467,1.7028669826686382,fk_safe,3.7195030017755926,5.432370002381504,5.47134701628238,16.726784000638872
3430,57.6395836409647,16.73084998037666,0.04902301589027047,0.6499789888039231,fk_safe,0.15909597277641296,0.8184940088540316,0.8706010412424803,16.72377804061398
3431,57.656311369966716,16.727729002013803,0.03935396671295166,0.35872397711500525,fk_safe,0.18073199316859245,0.5484350258484483,0.5896710208617151,16.72303501982242
3432,57.67303770000581,16.72633003909141,0.03571598790585995,0.4068539710715413,fk_safe,1.8358080415055156,2.2524140076711774,2.2896239534020424,16.726420959457755
3433,57.68976747896522,16.729778959415853,0.03328203456476331,0.39344304241240025,fk_safe,0.15074398834258318,0.5520169506780803,0.5869829910807312,16.723653010558337
3434,57.70649436797248,16.72688900725916,0.037466001231223345,0.37225300911813974,fk_safe,0.18394499784335494,0.5650650127790868,0.6045050104148686,16.72472502104938
3435,57.723222806991544,16.728439019061625,0.03856199327856302,1.4698969898745418,fk_safe,0.18457096302881837,1.6633389750495553,1.7036349745467305,16.724343004170805
3436,57.73995178198675,16.728974995203316,0.04502502270042896,0.36845699651166797,fk_safe,0.20136800594627857,0.5793339805677533,0.6263959803618491,16.72156696440652
3437,57.75667804997647,16.726267989724874,0.04810199607163668,0.3881059819832444,fk_safe,0.15643000369891524,0.5541330319829285,0.6051110103726387,16.7204900062643
3438,57.773401893966366,16.723843989893794,0.0326829613186419,0.38377702003344893,fk_safe,0.153380970004946,0.5452070035971701,0.5795049946755171,16.724234039429575
3439,57.79012928897282,16.72739500645548,0.030902971047908068,1.4067410374991596,fk_safe,1.0433820425532758,2.4582860060036182,2.4904590100049973,16.723843989893794
3440,57.80685700697359,16.72771800076589,0.037143006920814514,2.1638970356434584,fk_safe,1.0416730074211955,3.2157250097952783,3.2549150055274367,16.71998598612845
3441,57.82358009496238,16.72308798879385,0.03482401371002197,2.42492399411276,fk_safe,0.7110039587132633,3.144001995678991,3.1802160083316267,16.721424006391317
3442,57.84030570398318,16.725609020795673,0.045625027269124985,2.40972702158615,fk_safe,0.411093991715461,2.8314979863353074,2.879025007132441,16.725104011129588
3443,57.85703386797104,16.72816398786381,0.031840987503528595,3.135550010483712,fk_safe,0.7193049532361329,3.8630159688182175,3.896315989550203,16.72388898441568
3444,57.873760569957085,16.726701986044645,0.02811802551150322,1.3092919834889472,fk_safe,0.3060029703192413,1.623221964109689,1.6525230021215975,16.990807023830712
3445,57.89075712696649,16.996557009406388,0.05524297012016177,1.2683470267802477,fk_safe,0.3804960288107395,1.6639440436847508,1.7221320304088295,16.733470023609698
3446,57.90749783394858,16.74070698209107,0.05285401130095124,0.8756030001677573,fk_safe,0.35596999805420637,1.2433980009518564,1.2991890544071794,16.871824045665562
3447,57.924383887962904,16.886054014321417,0.09218300692737103,1.1160889989696443,fk_safe,0.3686079871840775,1.4975250232964754,1.595463021658361,16.810375032946467
3448,57.94120785896666,16.823971003759652,0.10785501217469573,2.0310180261731148,fk_safe,0.248145021032542,2.298981009516865,2.412372035905719,16.831968037877232
3449,57.95804616995156,16.838310984894633,0.050987000577151775,0.4359850427135825,fk_safe,0.1879640039987862,0.6345530273392797,0.6882230518385768,16.734706005081534
3450,57.97478697495535,16.740805003792048,0.048644025810062885,0.4215469816699624,fk_safe,0.16605504788458347,0.5980160203762352,0.6491400417871773,16.73299603862688
3451,57.99153754400322,16.750569047871977,0.04721799632534385,0.42723800288513303,fk_safe,0.18086394993588328,0.6189499981701374,0.6686659762635827,16.716612968593836
3452,58.00826147798216,16.723933978937566,0.05135801620781422,3.2300130114890635,fk_safe,0.22458401508629322,3.471362986601889,3.5256309784017503,16.807246021926403
3453,58.02507647895254,16.815000970382243,0.05884002894163132,0.531592988409102,fk_safe,0.1817509764805436,0.7248029578477144,0.7867380045354366,16.72603702172637
3454,58.04180957295466,16.733094002120197,0.05241698818281293,0.5538190016523004,fk_safe,0.18431502394378185,0.7491100113838911,0.804591050837189,16.743587038945407
3455,58.0585669229622,16.757350007537752,0.08930405601859093,0.5114249652251601,fk_safe,0.16809900989755988,0.6898109568282962,0.7849649991840124,16.732518037315458
3456,58.07530599297024,16.7390700080432,0.05004601553082466,0.49516401486471295,fk_safe,0.1949520083144307,0.700671982485801,0.7533190073445439,16.833706002216786
3457,58.09214645595057,16.840462980326265,0.09063497418537736,0.5688859964720905,fk_safe,0.21543801994994283,0.7951720035634935,0.8884560083970428,16.726630041375756
3458,58.10887981095584,16.733355005271733,0.04991301102563739,0.4863030044361949,fk_safe,0.20474003395065665,0.701493991073221,0.7540780352428555,16.726268047932535
3459,58.1256135069998,16.733696043957025,0.050751958042383194,0.4358359728939831,fk_safe,0.18531200475990772,0.6328320014290512,0.6863699527457356,17.396345967426896
3460,58.14301482896553,17.401321965735406,0.04223996074870229,2.1624299697577953,fk_safe,1.1466200230643153,3.318716015201062,3.363143012393266,16.723011038266122
3461,58.15974123397609,16.726405010558665,0.03260001540184021,2.9681180021725595,fk_safe,0.18173397984355688,3.1587390112690628,3.192868025507778,16.840386029798537
3462,58.17658490600297,16.843672026880085,0.03340997500345111,0.7458619656972587,fk_safe,0.16781798331066966,0.922739040106535,0.9576799930073321,16.755906981416047
3463,58.19334414799232,16.759241989348084,0.033197051379829645,1.7410590080544353,fk_safe,0.3665109979920089,2.122146950569004,2.156809961888939,16.912907012738287
3464,58.21026645298116,16.922304988838732,0.07984397234395146,0.6418420234695077,fk_safe,0.19328901544213295,0.8502650307491422,0.934177020099014,16.733857977669686
3465,58.22701508097816,16.748627997003496,0.08107698522508144,0.47676998656243086,fk_safe,0.1867269747890532,0.6746790022589266,0.7618870004080236,18.714996986091137
3466,58.2457343179849,18.719237006735057,0.04847400123253465,1.4175259857438505,fk_safe,0.17966999439522624,1.6073950100690126,1.6579710063524544,17.33909297036007
3467,58.26307685195934,17.34253397444263,0.037789985071867704,2.154659014195204,fk_safe,0.1853810390457511,2.350130002014339,2.3898360086604953,17.269339004997164
3468,58.280349493958056,17.2726419987157,0.03364402800798416,1.8572440021671355,fk_safe,0.31027698423713446,2.176926995161921,2.212351013440639,17.1490220236592
3469,58.29750341398176,17.153920023702085,0.0393519876524806,2.1622589556500316,fk_safe,1.2028149794787169,3.3748020068742335,3.4158420166932046,16.72498497646302
3470,58.31423392595025,16.730511968489736,0.03638601629063487,3.5314910346642137,fk_safe,0.7537630153819919,4.295181017369032,4.333472053986043,16.72745600808412
3471,58.330965992005076,16.732066054828465,0.03889098297804594,0.42526802280917764,fk_safe,0.22667297162115574,0.6608880357816815,0.7013709982857108,18.135777965653688
3472,58.34910596796544,18.139975960366428,0.04121498204767704,2.186481957323849,fk_safe,1.682368980254978,3.8785130018368363,3.9217500016093254,16.72239601612091
3473,58.36583285196684,16.72688400140032,0.036017969250679016,1.8483749590814114,fk_safe,0.18326099961996078,2.0410020370036364,2.0786350360140204,16.84844703413546
3474,58.382685811957344,16.852959990501404,0.03164500230923295,2.171598025597632,fk_safe,0.1801120233722031,2.3611090146005154,2.3945500142872334,18.236323026940227
3475,58.4009257699945,18.23995803715661,0.03076199209317565,2.0012820023112,fk_safe,0.17737899906933308,2.1874270169064403,2.219652000349015,17.694245965685695
3476,58.418626620958094,17.70085096359253,0.0622220104560256,3.2102909754030406,fk_safe,1.14752899389714,4.370448994450271,4.436107003130019,16.725184046663344
3477,58.43535698897904,16.730368020944297,0.04749203799292445,1.3607480213977396,fk_safe,0.19304000306874514,1.5666649560444057,1.6163159743882716,16.819507989566773
3478,58.45219152700156,16.834538022521883,0.07869699038565159,0.8589420467615128,fk_safe,0.35169103648513556,1.2263949611224234,1.3114689500071108,16.8405479635112
3479,58.469046419952065,16.85489295050502,0.07728900527581573,0.7984080002643168,fk_safe,0.22505997912958264,1.037635956890881,1.1205640039406717,16.791330999694765
3480,58.4858522079885,16.805788036435843,0.06819400005042553,0.8269490208476782,fk_safe,0.333709002006799,1.1764619848690927,1.25039997510612,16.817833005916327
3481,58.50268428795971,16.83207997120917,0.07904501399025321,0.7354120025411248,fk_safe,0.2583559835329652,1.0063889785669744,1.0914980084635317,16.73378300620243
3482,58.51942714297911,16.74285501940176,0.0557440216653049,0.6093609845265746,fk_safe,0.22307800827547908,0.8454580092802644,0.9044010075740516,16.828396008349955
3483,58.53626940399408,16.842261014971882,0.05771900760009885,0.51702099153772,fk_safe,0.19556196639314294,0.723920005839318,0.787288008723408,16.806049970909953
3484,58.55308949097525,16.82008698116988,0.07873697904869914,0.7838000310584903,fk_safe,0.20141596905887127,0.9978680172935128,1.0824230266734958,16.80874399608001
3485,58.56991213699803,16.82264602277428,0.0798419932834804,0.8126070024445653,fk_safe,0.19637297373265028,1.022698008455336,1.108300988562405,16.80688397027552
3486,58.586732717987616,16.820580989588052,0.09459099965170026,0.9400349808856845,fk_safe,0.22703001741319895,1.1804350069724023,1.2810530024580657,16.80571900215
3487,58.603552111948375,16.819393960759044,0.09371299529448152,0.8837279747240245,fk_safe,0.21394097711890936,1.1108029866591096,1.2101500178687274,16.84141205623746
3488,58.62040802795673,16.855916008353233,0.08547399193048477,0.6882860325276852,fk_safe,0.2231550170108676,0.9245470282621682,1.0159580269828439,16.788195993285626
3489,58.63720534899039,16.797321033664048,0.09959802264347672,0.8615449769422412,fk_safe,0.37198298377916217,1.2497910065576434,1.353227999061346,16.803906008135527
3490,58.65402338700369,16.818038013298064,0.08147204061970115,0.6541710463352501,fk_safe,0.20796398166567087,0.8757860050536692,0.9634839952923357,16.804732964374125
3491,58.67084206000436,16.81867300067097,0.06931403186172247,0.8257540175691247,fk_safe,0.23838295601308346,1.077874971088022,1.153046963736415,16.72884897561744
3492,58.68757813697448,16.73607697011903,0.052131013944745064,0.6902040331624448,fk_safe,0.17697399016469717,0.8797780028544366,0.9347220184281468,16.858700022567064
3493,58.70445074298186,16.872606007382274,0.06210501305758953,0.6755810463801026,fk_safe,0.2594949910417199,0.9479110012762249,1.0158949880860746,16.809861990623176
3494,58.72127821599133,16.82747300947085,0.09732198668643832,0.6160339689813554,fk_safe,0.24617998860776424,0.8752979920245707,0.9796649683266878,16.8568899971433
3495,58.7381495469599,16.871330968569964,0.08745101513341069,0.759938033297658,fk_safe,0.26125996373593807,1.0371039970777929,1.1306770029477775,16.81284001097083
3496,58.75497719895793,16.82765199802816,0.08712400449439883,0.6613139994442463,fk_safe,0.23420603247359395,0.9091899846680462,1.0023340000770986,16.73317502718419
3497,58.771718117001,16.74091804306954,0.05299999611452222,0.7285819738171995,fk_safe,0.2287530223838985,0.9718579822219908,1.0278609697706997,16.802622994873673
3498,58.78853509895271,16.81698195170611,0.07754797115921974,0.8508189930580556,fk_safe,0.33392501063644886,1.2010009959340096,1.284215017221868,16.84616500278935
3499,58.80539593595313,16.86083700042218,0.07799896411597729,0.6593900034204125,fk_safe,0.24637702153995633,0.9188280091620982,1.002549019176513,16.84004400158301
3500,58.82225018396275,16.854248009622097,0.06630201824009418,0.8230319945141673,fk_safe,0.2577960258349776,1.094435981940478,1.166726986411959,16.808944987133145
3501,58.839074285002425,16.824101039674133,0.07651298074051738,0.5347949918359518,fk_safe,0.24261302314698696,0.7890870328992605,0.8719799807295203,16.863161989022046
3502,58.855953077960294,16.878792957868427,0.07180002285167575,0.6607979885302484,fk_safe,0.2370449947193265,0.9107829537242651,0.9895919938571751,16.791736998129636
3503,58.872759485966526,16.806408006232232,0.0853249803185463,0.7235569646582007,fk_safe,0.22282300051301718,0.9606360108591616,1.051984028890729,16.806831990834326
3504,58.889580921968445,16.82143600191921,0.07702800212427974,0.8514089859090745,fk_safe,0.34266000147908926,1.2097299913875759,1.2924729962833226,16.821919998619705
3505,58.90641723095905,16.836308990605175,0.06616400787606835,0.7165080169215798,fk_safe,0.22221403196454048,0.9514529956504703,1.023551041726023,16.786195046734065
3506,58.923211586952675,16.794355993624777,0.05725602386519313,0.854217039886862,fk_safe,0.1999699743464589,1.0671690106391907,1.1275880387984216,16.809820022899657
3507,58.940036254003644,16.824667050968856,0.06793398642912507,0.9540219907648861,fk_safe,0.2117619733326137,1.1793659650720656,1.2533159460872412,16.83668897021562
3508,58.956887119973544,16.850865969900042,0.07361796451732516,0.6976870354264975,fk_safe,0.6876830011606216,1.3997229980304837,1.4790599816478789,16.805817023850977
3509,58.97370700299507,16.81988302152604,0.06856495747342706,0.753551023080945,fk_safe,0.21902204025536776,0.9866800392046571,1.060959999449551,16.807823965791613
3510,58.99052896595094,16.82196295587346,0.09063695324584842,1.5228439588099718,fk_safe,0.24680601200088859,1.7829770222306252,1.8793250201269984,16.83651201892644
3511,59.007379916962236,16.850951011292636,0.06850302452221513,0.6650610012002289,fk_safe,0.20877300994470716,0.8867660071700811,0.9610510314814746,16.80601399857551
3512,59.024199888983276,16.819972021039575,0.09053200483322144,0.9902679594233632,fk_safe,0.19718898693099618,1.2005189782939851,1.297210983466357,16.847364022396505
3513,59.04106174700428,16.861858021002263,0.07441401248797774,1.6279619885608554,fk_safe,0.18445105524733663,1.8256460316479206,1.9063969957642257,16.80849597323686
3514,59.057884299953,16.82255294872448,0.07210299372673035,0.5997459520585835,fk_safe,0.2929030451923609,0.906825007405132,0.9851240320131183,16.725059016607702
3515,59.07461455598241,16.7302560294047,0.040973012801259756,0.40584098314866424,fk_safe,0.17218798166140914,0.5880389944650233,0.6310030003078282,17.010825977195054
3516,59.09162895497866,17.014398996252567,0.03749702591449022,1.5752220060676336,fk_safe,1.0161279933527112,2.6015429757535458,2.64079897897318,16.73271501203999
3517,59.1083652349771,16.736279998440295,0.03566697705537081,0.7910330314189196,fk_safe,1.309428014792502,2.1103150211274624,2.1477140253409743,16.723075008485466
3518,59.12509374198271,16.728507005609572,0.04281901055946946,2.6255350094288588,fk_safe,2.1829420002177358,4.820655973162502,4.865352995693684,16.724205983337015
3519,59.141822748002596,16.729006019886583,0.04701997386291623,0.6003210437484086,fk_safe,2.1932480158284307,2.8082130011171103,2.8578019700944424,16.853351960889995
3520,59.158683498972096,16.86075096949935,0.06253801984712481,0.8245700155384839,fk_safe,0.36677002208307385,1.2075210106559098,1.2730950256809592,16.83109498117119
3521,59.17552176298341,16.838264011312276,0.05608901847153902,0.9002209990285337,fk_safe,0.38545101415365934,1.3017859891988337,1.3607399887405336,16.88018802087754
3522,59.192409093957394,16.887330973986536,0.05529698682948947,0.6965919747017324,fk_safe,0.41332701221108437,1.1245789937675,1.1825989931821823,16.859561030287296
3523,59.20927942398703,16.870330029632896,0.10202097473666072,0.7741490262560546,fk_safe,0.3665229887701571,1.1581270373426378,1.2652190052904189,16.84901100816205
3524,59.2261378239491,16.858399962075055,0.11586700566112995,2.7506150072440505,fk_safe,0.9984580101445317,3.7686940049752593,3.890757041517645,16.725402034353465
3525,59.24287275096867,16.734927019570023,0.10976800695061684,1.629133999813348,fk_safe,0.18590496620163321,1.832326001022011,1.9482240313664079,16.72673597931862
3526,59.259606482984964,16.73373201629147,0.06674398900941014,0.4177119699306786,fk_safe,1.8553670379333198,2.2839540033601224,2.3544629802927375,16.723843989893794
3527,59.276334327994846,16.727845009882003,0.038583006244152784,0.43680501403287053,fk_safe,0.15606899978592992,0.6018650019541383,0.6421959842555225,16.720646992325783
3528,59.29305813094834,16.72380295349285,0.03161298809573054,0.42846600990742445,fk_safe,0.15543896006420255,0.5920429830439389,0.6251750164665282,16.72399102244526
3529,59.30978543398669,16.727303038351238,0.030386028811335564,0.4026429960504174,fk_safe,0.15139300376176834,0.562310975510627,0.5940269911661744,16.72039896948263
3530,59.32650972198462,16.724287997931242,0.031261006370186806,0.429258041549474,fk_safe,0.17337402096018195,0.6110580288805068,0.6437550182454288,16.724772984161973
3531,59.34323808498448,16.728362999856472,0.031005009077489376,3.4326320164836943,fk_safe,1.1107009486295283,4.552116966806352,4.584671987686306,16.724504996091127
3532,59.35996596899349,16.727884009014815,0.02932100323960185,1.9715160015039146,fk_safe,0.7082239608280361,2.687625994440168,2.7182569610886276,16.72406098805368
3533,59.3766928309924,16.726861998904496,0.0294119818136096,1.8139890162274241,fk_safe,3.138373955152929,4.9607050023041666,4.9915669951587915,16.72126300400123
3534,59.3934170959983,16.72426500590518,0.02851401222869754,2.5486539816483855,fk_safe,1.0134829790331423,3.57084401184693,3.6006830050610006,16.725016001146287
3535,59.41014544997597,16.72835397766903,0.028569018468260765,0.8422749815508723,fk_safe,0.1585709978826344,1.0093330056406558,1.0392590193077922,17.643883998971432
3536,59.42779231799068,17.64686801470816,0.029801041819155216,12.011095997877419,fk_safe,1.1286180233582854,13.148625963367522,13.17998196464032,16.725401976145804
3537,59.44452130194986,16.728983959183097,0.032961019314825535,2.0345509983599186,fk_safe,1.8799229874275625,3.924436983652413,3.959131019655615,16.7129990295507
3538,59.46123965398874,16.718352038878947,0.04619802348315716,3.576895978767425,fk_safe,1.136131992097944,4.724972997792065,4.773907014168799,16.72475296072662
3539,59.477969370957,16.72971696825698,0.04510401049628854,2.1622710046358407,fk_safe,0.7901830249466002,2.962574944831431,3.010560991242528,16.72771101584658
3540,59.4947023979621,16.733027005102485,0.04596199141815305,1.7395509639754891,fk_safe,0.22159598302096128,1.971656980458647,2.0203450112603605,16.966744035016745
3541,59.51167389197508,16.971494012977928,0.04521495429798961,2.521460992284119,fk_safe,0.7464539958164096,3.2779600005596876,3.3254739828407764,17.352428985759616
3542,59.52903077896917,17.356886994093657,0.04551600432023406,2.260376000776887,fk_safe,1.138966006692499,3.4099429612979293,3.4580809879116714,16.725890978705138
3543,59.54576071596239,16.729936993215233,0.034424010664224625,1.553908979985863,fk_safe,1.0797290015034378,2.6470840093679726,2.683315018657595,16.73684798879549
3544,59.56250778300455,16.74706704216078,0.08424400584772229,10.267268982715905,fk_safe,0.7387059740722179,11.023605999071151,11.111565981991589,16.845245962031186
3545,59.5793609249522,16.85314194764942,0.05705398507416248,0.6840419955551624,fk_safe,0.4036119789816439,1.102722017094493,1.16243603406474,16.830337001010776
3546,59.596198998973705,16.838074021507055,0.058568024542182684,1.2882989831268787,fk_safe,0.5622940370813012,1.8671280122362077,1.928471028804779,16.752924013417214
3547,59.61295910697663,16.760108002927154,0.056186981964856386,0.757326022721827,fk_safe,0.4414489958435297,1.216574979480356,1.275433984119445,16.732545976992697
3548,59.629698879958596,16.73977298196405,0.057815981563180685,1.224906009156257,fk_safe,2.1831810008734465,3.4193689934909344,3.4800840076059103,17.167048004921526
3549,59.6468710390036,17.172159045003355,0.05206296918913722,2.2592979948967695,fk_safe,1.111281046178192,3.3820359967648983,3.4369899658486247,17.599253973457962
3550,59.66447479400085,17.603754997253418,0.05012896144762635,2.1455030073411763,fk_safe,0.606703048106283,2.762947988230735,2.814922947436571,16.725020948797464
3551,59.68120316398563,16.72836998477578,0.03944901982322335,1.4373710146173835,fk_safe,0.20652799867093563,1.6545869875699282,1.6961519722826779,16.967858013231307
3552,59.69817512395093,16.97195996530354,0.04406296648085117,0.7532570161856711,fk_safe,0.3060759627260268,1.0692559881135821,1.1150549980811775,17.822550027631223
3553,59.716001448978204,17.826325027272105,0.03938400186598301,3.3380010281689465,fk_safe,0.2136619878001511,3.566349041648209,3.607803024351597,16.73330197809264
3554,59.73274869797751,16.747248999308795,0.08525501471012831,0.760875002015382,fk_safe,0.18406403250992298,0.9562720078974962,1.0486340033821762,16.745959990657866
3555,59.74950567499036,16.75697701284662,0.06439699791371822,0.7116970373317599,fk_safe,0.34287601010873914,1.0666610323823988,1.1363590019755065,16.735882963985205
3556,59.76625476795016,16.749092959798872,0.10990799637511373,0.8973070071078837,fk_safe,0.17154403030872345,1.0817310540005565,1.1978100519627333,16.730274015571922
3557,59.782994581968524,16.739814018364996,0.08289102697744966,0.3843180020339787,fk_safe,0.21046499023213983,0.6052709650248289,0.6922089960426092,16.73190202564001
3558,59.79973545396933,16.74087200080976,0.06676797056570649,0.4305720212869346,fk_safe,0.170420971699059,0.6098460289649665,0.6806360324844718,16.728228016290814
3559,59.816472688980866,16.737235011532903,0.07359898881986737,0.44101098319515586,fk_safe,0.16518699703738093,0.6151159759610891,0.6931229727342725,16.73290302278474
3560,59.833213950973004,16.74126199213788,0.0872919918037951,0.4594479687511921,fk_safe,2.2022229968570173,2.6749829994514585,2.7662559878081083,16.73515501897782
3561,59.84995841095224,16.744459979236126,0.08029700256884098,0.4204979632049799,fk_safe,0.17075496725738049,0.6022040033712983,0.6877620471641421,16.7290530516766
3562,59.86669514095411,16.736730001866817,0.0699560041539371,0.3875989932566881,fk_safe,0.15924801118671894,0.5554900271818042,0.629421032499522,16.742250008974224
3563,59.88344482897082,16.74968801671639,0.07403100607916713,0.5196729907765985,fk_safe,0.17942901467904449,0.709939980879426,0.787811994086951,16.728786984458566
3564,59.90018089796649,16.736068995669484,0.0847350456751883,0.44743396574631333,fk_safe,0.183427007868886,0.6437179981730878,0.7317450363188982,16.7247669887729
3565,59.91691173496656,16.730837000068277,0.048807007260620594,0.40124100632965565,fk_safe,0.15085999621078372,0.5621730233542621,0.6141060148365796,16.72089600469917
3566,59.93363614799455,16.724413027986884,0.034683034755289555,0.8293099817819893,fk_safe,0.15269400319084525,0.9908750071190298,1.0273910011164844,16.72483899164945
3567,59.95036491600331,16.728768008761108,0.04212500061839819,0.3851749934256077,fk_safe,0.17201498849317431,0.5666830111294985,0.610958959441632,16.724100976716727
3568,59.96709259500494,16.727679001633078,0.0411720247939229,1.2461670557968318,fk_safe,1.37477699900046,2.6313249836675823,2.674262970685959,16.726478992495686
3569,59.98382301896345,16.730423958506435,0.042395025957375765,0.3917049616575241,fk_safe,2.2847349755465984,2.685176965314895,2.7295949985273182,18.14385299803689
