iteration,elapsed_s,period_ms,gello_read_ms,send_action_ms,work_ms,cycle_ms
0,0.0,,0.03361899871379137,2.0377840264700353,2.0785100059583783,17.061961989384145
1,0.017073830997105688,17.073830997105688,0.15385501319542527,2.730745996814221,2.8936819871887565,16.73555898014456
2,0.03382615599548444,16.752324998378754,0.17009797738865018,0.479998008813709,0.6644109962508082,16.727722017094493
3,0.050561748968902975,16.735592973418534,0.12015900574624538,0.66488201264292,0.7914940360933542,16.734094999264926
4,0.06730220996541902,16.74046099651605,0.08934602374210954,1.1541679850779474,1.2487100320868194,16.728746006265283
5,0.08403389196610078,16.731682000681758,0.05335896275937557,0.6980980397202075,0.7543610408902168,16.735639015678316
6,0.10077190300216898,16.7380110360682,0.03140798071399331,1.1412790045142174,1.1742159840650856,16.726161004044116
7,0.11749993497505784,16.728031972888857,0.02762803342193365,1.0537970229052007,1.082850038073957,16.808748012408614
8,0.1343199129914865,16.81997801642865,0.07615401409566402,0.507908989675343,0.5921359988860786,16.988286981359124
9,0.151319983007852,17.0000700163655,0.07178197847679257,0.7077450281940401,0.7880069897510111,16.730383969843388
10,0.16805552499135956,16.735541983507574,0.06144202779978514,3.0443629948422313,3.109743003733456,16.800008015707135
11,0.1848651620093733,16.809637018013746,0.0850060023367405,0.5524060106836259,0.644286978058517,16.73028594814241
12,0.20160028099780902,16.735118988435715,0.05267397500574589,0.5509050097316504,0.6068989750929177,16.746959008742124
13,0.21835765900323167,16.75737800542265,0.07784500485286117,0.4605540307238698,0.5464479909278452,16.747111978475004
14,0.23511412896914408,16.7564699659124,0.10301900329068303,0.4582429537549615,0.5677189910784364,16.726239991839975
15,0.25184500799514353,16.730879025999457,0.04851899575442076,0.5776140023954213,0.6292979815043509,16.74125698627904
16,0.26859717699699104,16.752169001847506,0.08829898433759809,0.6415509851649404,0.7377109723165631,16.798536002170295
17,0.28540541196707636,16.808234970085323,0.09149499237537384,1.0924580274149776,1.1907500447705388,16.731876006815583
18,0.30214371299371123,16.738301026634872,0.05751301068812609,0.4842879716306925,0.5455259815789759,16.734995995648205
19,0.3188833720050752,16.739659011363983,0.050389033276587725,0.5247310036793351,0.578342005610466,16.728002985473722
20,0.33561627997551113,16.732907970435917,0.05267304368317127,0.6639679777435958,0.7199940155260265,16.804276034235954
21,0.35242572595598176,16.809445980470628,0.05559896817430854,0.6558820023201406,0.7149730226956308,16.797112009953707
22,0.36922777898143977,16.802053025458008,0.05379802314564586,0.7024749647825956,0.7595819770358503,16.82867098134011
23,0.3860678619821556,16.840083000715822,0.06884901085868478,0.5202849861234426,0.5972009967081249,16.73991500865668
24,0.40281730401329696,16.74944203114137,0.09195401798933744,0.537505024112761,0.6362459971569479,16.733980970457196
25,0.4195607709698379,16.743466956540942,0.07288501365110278,0.4458989715203643,0.525281997397542,16.833405999932438
26,0.4364053029567003,16.84453198686242,0.06283394759520888,0.49994600703939795,0.57075300719589,16.83616201626137
27,0.4532529200077988,16.847617051098496,0.0851819640956819,0.5109590128995478,0.6042259628884494,16.801581950858235
28,0.47006391698960215,16.810996981803328,0.0724390265531838,0.5637930007651448,0.6428270135074854,16.816203016787767
29,0.4868895189720206,16.825601982418448,0.07517897756770253,0.3989470424130559,0.48069102922454476,16.73244300764054
30,0.5036284319940023,16.738913021981716,0.059865007642656565,0.6175589514896274,0.6811039638705552,16.835617017932236
31,0.5204755419981666,16.84711000416428,0.07171800825744867,0.707025988958776,0.7869339897297323,16.835577960591763
32,0.5373222510097548,16.846709011588246,0.08594500832259655,0.6708080181851983,0.7645739824511111,16.786377993412316
33,0.5541184209869243,16.796169977169484,0.06575003499165177,0.700002012308687,0.772348023019731,16.84221700998023
34,0.5709701579762623,16.85173698933795,0.0673640170134604,0.6380889681167901,0.711996981408447,16.82593603618443
35,0.5878054219647311,16.835263988468796,0.06918300641700625,0.5535869859158993,0.6293220212683082,16.798908996861428
36,0.6046157529926859,16.810331027954817,0.06372202187776566,0.6709410226903856,0.7427380187436938,16.80507301352918
37,0.621430397965014,16.814644972328097,0.08094101212918758,0.6678180070593953,0.7553570321761072,16.826409031637013
38,0.6382662369869649,16.83583902195096,0.07065501995384693,0.5698669701814651,0.6472619716078043,16.79407001938671
39,0.6550655179889873,16.799281002022326,0.05497504025697708,0.4590339958667755,0.5174860125407577,17.040040984284133
40,0.672110007959418,17.04448997043073,0.051457027439028025,0.5301869823597372,0.5846630083397031,16.72719605267048
41,0.6888422319898382,16.732224030420184,0.050825998187065125,0.627322995569557,0.6814179942011833,16.729792987462133
42,0.7055787919671275,16.73655997728929,0.05981000140309334,0.5745940143242478,0.638274010270834,16.868428036104888
43,0.7224586579832248,16.879866016097367,0.06874802056699991,0.6634329911321402,0.7403980125673115,16.834206006024033
44,0.7393023939803243,16.84373599709943,0.07746304618194699,0.562569999601692,0.6467290222644806,16.736345016397536
45,0.7560481709660962,16.745776985771954,0.07229199400171638,0.6638760096393526,0.7424200302921236,16.73342299181968
46,0.7727865349734202,16.73836400732398,0.0519059831276536,0.6000710418447852,0.6553450366482139,16.698944033123553
47,0.7894964179722592,16.70988299883902,0.09425502503290772,0.6687240093015134,0.7707970216870308,16.798408003523946
48,0.8063044499722309,16.808031999971718,0.09532197145745158,0.5571410292759538,0.659132027067244,16.840403026435524
49,0.8231540299602784,16.84957998804748,0.0695639755576849,0.5249400273896754,0.6012170342728496,16.727823996916413
50,0.8398867979994975,16.73276803921908,0.050870003178715706,0.6686729611828923,0.7226949674077332,16.80435100570321
51,0.8567005809745751,16.81378297507763,0.07767602801322937,0.533873972017318,0.6181770004332066,16.818198026157916
52,0.8735282130073756,16.827632032800466,0.071361951995641,0.5666260258294642,0.6446089828386903,16.856305999681354
53,0.890394200978335,16.865987970959395,0.08768797852098942,0.6135110161267221,0.7078240159898996,16.81954599916935
54,0.9072242630063556,16.83006202802062,0.0751619809307158,0.5797549965791404,0.6618019542656839,16.728726972360164
55,0.9239576240070164,16.733361000660807,0.04879198968410492,0.613509037066251,0.665439001750201,16.737608006224036
56,0.9407002879888751,16.74266398185864,0.0510229729115963,0.8728150278329849,0.9271230082958937,16.77515497431159
57,0.9574848790070973,16.784591018222272,0.07762399036437273,0.6366950110532343,0.7210109615698457,16.80865796515718
58,0.9743028419907205,16.817962983623147,0.11159502901136875,0.7061929791234434,0.8244069758802652,16.80007897084579
59,0.9911122039775364,16.80936198681593,0.06670301081612706,0.7204249850474298,0.7937339833006263,16.73586299875751
60,1.0078531019971706,16.740898019634187,0.05258701276034117,0.48359797801822424,0.539405969902873,16.733989003114402
61,1.024592006986495,16.73890498932451,0.051772978622466326,0.6264119874686003,0.6814189837314188,16.888313984964043
62,1.0414934079744853,16.9014009879902,0.08977705147117376,0.603410997428,0.7022630306892097,16.724786022678018
63,1.0582213419838808,16.72793400939554,0.042692001443356276,0.5285119987092912,0.5734990118071437,16.7226999765262
64,1.074946650012862,16.72530802898109,0.034558994229882956,0.3711700555868447,0.4074239986948669,16.739204991608858
65,1.091692805988714,16.74615597585216,0.05805597174912691,0.3821530262939632,0.44484902173280716,16.68879098724574
66,1.1083844099775888,16.691603988874704,0.03558798925951123,0.5300820339471102,0.5671990220434964,16.72960101859644
67,1.125121089979075,16.736680001486093,0.07543503306806087,0.5763499648310244,0.6568669923581183,16.722598986234516
68,1.1418458360130899,16.72474603401497,0.030565017368644476,0.4754170076921582,0.5073819775134325,16.736901947297156
69,1.1585892339935526,16.74339798046276,0.05914003122597933,0.5305939703248441,0.5943569703958929,16.738659993279725
70,1.175333214981947,16.74398098839447,0.07145700510591269,0.5899869720451534,0.665967003442347,16.722769010812044
71,1.1920581659651361,16.724950983189046,0.030516996048390865,0.48338499618694186,0.515311025083065,16.72343903919682
72,1.2087842099717818,16.72604400664568,0.03734300844371319,0.5170409567654133,0.5561269936151803,16.732794989366084
73,1.2255231599556282,16.738949983846396,0.06481801392510533,0.5627459613606334,0.6321260007098317,16.725319030229002
74,1.242251085001044,16.72792504541576,0.03536901203915477,0.45398197835311294,0.49103295896202326,16.723404987715185
75,1.2589778269757517,16.726741974707693,0.08902500849217176,0.35984901478514075,0.4545960109680891,16.731666983105242
76,1.275716059957631,16.738232981879264,0.08034298662096262,0.5520469858311117,0.6370740011334419,16.7351090349257
77,1.292459273012355,16.743213054724038,0.06317003862932324,0.5497079691849649,0.6186859682202339,16.741533996537328
78,1.309207816957496,16.748543945141137,0.0643709790892899,0.5532520008273423,0.6227080011740327,16.728451009839773
79,1.3259418189991266,16.734002041630447,0.07651001214981079,0.5100739654153585,0.5905039724893868,16.725002962630242
80,1.3426692019565962,16.727382957469672,0.07494300371035933,0.41736301500350237,0.49393903464078903,16.717910999432206
81,1.3593922999571078,16.723098000511527,0.08953997166827321,0.5737959872931242,0.667496002279222,16.72857702942565
82,1.3761271529947408,16.734853037633002,0.06452400702983141,0.41458295891061425,0.48395496560260653,16.72762498492375
83,1.3928597510093823,16.732598014641553,0.0770780025050044,0.37827197229489684,0.45932596549391747,16.72488497570157
84,1.4095871779718436,16.727426962461323,0.031356001272797585,0.6205179961398244,0.6535500288009644,16.725694003980607
85,1.4263153959764168,16.728218004573137,0.034281983971595764,0.5773889715783298,0.6132519920356572,16.727195004932582
86,1.4430454809917137,16.730085015296936,0.05220196908339858,1.1352230212651193,1.190275012049824,16.726035973988473
87,1.459773298993241,16.72781800152734,0.027981004677712917,1.4869360020384192,1.516473013907671,16.760272963438183
88,1.4765370999812149,16.76380098797381,0.04458200419321656,0.4607619484886527,0.5080269766040146,16.860425006598234
89,1.4933995479950681,16.86244801385328,0.030630966648459435,1.041063980665058,1.07327796285972,16.726199013646692
90,3.396783478965517,1903.383930970449,0.03094394924119115,0.2519810223020613,0.28695701621472836,16.70807704795152
91,3.41350527695613,16.721797990612686,0.103802012745291,0.30472601065412164,0.4163000266999006,16.7367760441266
92,3.430249083961826,16.743807005696,0.07259903941303492,0.5405420088209212,0.6173940491862595,16.735683020669967
93,3.446990605967585,16.74152200575918,0.06318697705864906,0.7663420401513577,0.8335190359503031,16.832121007610112
94,3.4638324399711564,16.84183400357142,0.08666800567880273,0.45794196194037795,0.5517899990081787,17.191826016642153
95,3.4810356319649145,17.203191993758082,0.07355399429798126,0.5191100062802434,0.6012070225551724,16.725010005757213
96,3.4977658810094,16.73024904448539,0.057909986935555935,0.34069898538291454,0.40202896343544126,16.7247669887729
97,3.514496474992484,16.730593983083963,0.05681399488821626,0.6642829976044595,0.7243169820867479,16.757358971517533
98,3.5312587039661594,16.76222897367552,0.05425902782008052,0.44707697816193104,0.5045260186307132,16.726350993849337
99,3.5479898399789818,16.73113601282239,0.0540480250492692,0.8091849740594625,0.8663139888085425,16.733484982978553
100,3.5647277680109255,16.73792803194374,0.06031501106917858,0.4309859941713512,0.4946529516018927,16.79078896995634
101,3.581522533961106,16.79476595018059,0.049769994802773,0.6657539634034038,0.7183830020949244,16.725896042771637
102,3.598252384981606,16.729851020500064,0.05217798752710223,0.7448469987139106,0.8002970134839416,16.732043004594743
103,3.614990661968477,16.738276986870915,0.07534102769568563,0.611711002420634,0.6920220330357552,16.738781996537
104,3.6317396810045466,16.749019036069512,0.12553395936265588,1.2472009984776378,1.3819699524901807,16.778744000475854
105,3.6485296369646676,16.789955960121006,0.07412396371364594,0.5629080114886165,0.6452620145864785,16.728483024053276
106,3.6652629830059595,16.733346041291952,0.05140603752806783,0.3562479978427291,0.4108760040253401,16.815278970170766
107,3.682089247973636,16.826264967676252,0.07290003122761846,0.5449129967018962,0.6255190237425268,16.734093020204455
108,3.698830025969073,16.740777995437384,0.06170198321342468,0.5737249739468098,0.6396379903890193,16.8063270393759
109,3.715646299009677,16.816273040603846,0.07716100662946701,0.5343579687178135,0.618091959040612,18.753438955172896
110,3.7344080570037477,18.76175799407065,0.10721205035224557,0.5312129505909979,0.646156957373023,16.734868986532092
111,3.7511519019608386,16.743844957090914,0.12743094703182578,0.34998200135305524,0.4857699968852103,16.734861012082547
112,3.7678961089695804,16.744207008741796,0.11452502803876996,0.4842689959332347,0.6068380316719413,16.726943023968488
113,3.7846271700109355,16.731061041355133,0.055378011893481016,0.47068396816030145,0.5290219560265541,16.729986993595958
114,3.8013609439949505,16.733773984014988,0.08502695709466934,0.30090403743088245,0.3883600002154708,16.73509698593989
115,3.8180979769676924,16.737032972741872,0.027269998099654913,0.24497503181919456,0.2735340385697782,16.72939903801307
116,3.8348293349845335,16.731358016841114,0.024860957637429237,0.3781870473176241,0.4042360233142972,16.69632102129981
117,3.851532878004946,16.703543020412326,0.07385300705209374,0.3063059994019568,0.3858649870380759,16.73195097828284
118,3.8682668489636853,16.73397095873952,0.029251968953758478,0.36107999039813876,0.3918349975720048,16.725636029150337
119,3.8849967399728484,16.72989100916311,0.05708099342882633,0.2034219796769321,0.2637910074554384,16.728679998777807
120,3.901727819000371,16.731079027522355,0.025777961127460003,0.2121439902111888,0.23922196123749018,16.747799003496766
121,3.9184771879808977,16.749368980526924,0.02209097146987915,0.3425630275160074,0.3658190253190696,16.73006097553298
122,3.9352088309824467,16.731643001548946,0.021821993868798018,0.34828699426725507,0.37114997394382954,16.73100597690791
123,3.9519411619985476,16.732331016100943,0.02066203160211444,0.24296698393300176,0.2646269858814776,16.727534995879978
124,3.968672321003396,16.73115900484845,0.05954300286248326,0.4662030260078609,0.5289569962769747,16.723125998396426
125,3.985397900978569,16.725579975172877,0.037094985600560904,1.5310970484279096,1.5700600342825055,16.730653995182365
126,4.002131016983185,16.733116004616022,0.02797198249027133,0.41711103403940797,0.4464570083655417,16.72824699198827
127,4.018862984958105,16.731967974919826,0.056387041695415974,0.34999899799004197,0.4092150484211743,16.72468101605773
128,4.035592668980826,16.729684022720903,0.05114002851769328,0.24445797316730022,0.2987509942613542,16.80553099140525
129,4.0524096509907395,16.816982009913772,0.06523501360788941,0.3490209928713739,0.4219890106469393,16.7934310156852
130,4.069212397967931,16.80274697719142,0.08004799019545317,0.5609919899143279,0.6476080161519349,16.7306000366807
131,4.0859475749894045,16.735177021473646,0.04922895459458232,0.3703220281749964,0.42265700176358223,16.733420023228973
132,4.10268598300172,16.73840801231563,0.05120399873703718,0.32999401446431875,0.3844840102829039,16.799859004095197
133,4.119497173000127,16.811189998406917,0.09842502186074853,0.46494900016114116,0.5714480066671968,16.928839962929487
134,4.136437234003097,16.940061002969742,0.05427701398730278,0.47320802696049213,0.5356339970603585,16.795761010143906
135,4.153243907960132,16.806673957034945,0.06856099935248494,0.4967559943906963,0.5730700213462114,16.787902044598013
136,4.170036555966362,16.792648006230593,0.05016400245949626,0.6591990240849555,0.7124710245989263,16.758100013248622
137,4.186804072000086,16.76751603372395,0.06772496271878481,0.479474023450166,0.5537479883059859,16.735273995436728
138,4.203544024960138,16.739952960051596,0.04960701335221529,0.4861159832216799,0.5388400168158114,16.732730029616505
139,4.220281640999019,16.737616038881242,0.04864396760240197,0.503544055391103,0.5552300135605037,16.826440987642854
140,4.2371176239685155,16.8359829694964,0.05847198190167546,0.39914302760735154,0.46413904055953026,16.74238604027778
141,4.253869314969052,16.751691000536084,0.06789795588701963,0.45616604620590806,0.5305710365064442,16.764984000474215
142,4.2706530269933864,16.783712024334818,0.051223032642155886,0.345064967405051,0.3993749851360917,16.73309999750927
143,4.287389730976429,16.73670398304239,0.04756200360134244,0.38862699875608087,0.43887400534003973,16.73071301775053
144,4.30412302800687,16.733297030441463,0.03366800956428051,0.3912140382453799,0.42662699706852436,16.72866998706013
145,4.32085445697885,16.731428971979767,0.03076298162341118,0.26972003979608417,0.3019390278495848,16.73040201421827
146,4.337587239977438,16.732782998587936,0.0338780228048563,0.2696419833227992,0.3053999971598387,16.74429402919486
147,4.354335954994895,16.74871501745656,0.04816503496840596,0.3418099950067699,0.39351300802081823,16.723120003007352
148,4.3710629909764975,16.727035981602967,0.04782702308148146,0.36491500213742256,0.41555502684786916,16.724526009056717
149,4.387791630986612,16.72864001011476,0.052499992307275534,0.4006660310551524,0.45608001528307796,16.729250026401132
150,4.404523707984481,16.732076997868717,0.03408401971682906,0.3525399952195585,0.3885990008711815,16.730983974412084
151,4.421257113979664,16.733405995182693,0.03234203904867172,0.24203595239669085,0.27606397634372115,16.728028014767915
152,4.4379877370083705,16.73062302870676,0.030406983569264412,0.4206090234220028,0.452602980658412,16.730814997572452
153,4.454722469963599,16.734732955228537,0.05745200905948877,0.38928602589294314,0.4496450419537723,16.742498031817377
154,4.471469665004406,16.747195040807128,0.06889499491080642,0.234727980569005,0.3072219551540911,16.732202959246933
155,4.488203932007309,16.734267002902925,0.031516014132648706,0.5313529982231557,0.5644849734380841,16.947902971878648
156,4.505155864986591,16.95193297928199,0.05288701504468918,1.1497950181365013,1.2056420091539621,16.724995977710932
157,4.521882972971071,16.727107984479517,0.031664036214351654,0.5738639738410711,0.6071639945730567,17.203494033310562
158,4.539088416961022,17.205443989951164,0.05123502342030406,0.27505698380991817,0.32782601192593575,17.43858802365139
159,4.556536596966907,17.44818000588566,0.08720601908862591,0.5440149689093232,0.6385649903677404,16.873848042450845
160,4.573415317980107,16.878721013199538,0.07628294406458735,0.5693410057574511,0.6487509817816317,16.79802202852443
161,4.590222448983695,16.807131003588438,0.0839289859868586,0.5205250345170498,0.6110580288805068,16.813237976748496
162,4.607046660967171,16.824211983475834,0.08345500100404024,1.1555459932424128,1.2467289925552905,16.852867032866925
163,4.62390864797635,16.861987009178847,0.06144796498119831,0.3784580039791763,0.4462689976207912,16.803881037048995
164,4.640721728967037,16.813080990687013,0.09134004358202219,0.5971379578113556,0.694993999786675,16.763407038524747
165,4.657496097963303,16.774368996266276,0.06818195106461644,0.4273130325600505,0.5033740308135748,16.833975038025528
166,4.674341493984684,16.84539602138102,0.08169800275936723,2.1956110140308738,2.285483991727233,16.749745002016425
167,4.6911013959906995,16.75990200601518,0.09938899893313646,0.5240130121819675,0.6307379808276892,16.781596990767866
168,4.707892614998855,16.791219008155167,0.08566799806430936,0.5958990077488124,0.6882089655846357,16.729848983231932
169,4.724627309013158,16.734694014303386,0.05287298699840903,0.6037420243956149,0.6598909967578948,16.847416991367936
170,4.741485856997315,16.858547984156758,0.07496797479689121,0.5389210418798029,0.6216340116225183,16.83933596359566
171,4.758337247010786,16.851390013471246,0.11581199942156672,2.7362140244804323,2.8604589751921594,16.812471963930875
172,4.775161278957967,16.82403194718063,0.0791689963079989,2.0911889732815325,2.178505004849285,16.82272704783827
173,4.7919952719821595,16.83399302419275,0.060605001635849476,2.2467189701274037,2.3150729830376804,16.797110030893236
174,4.808801403967664,16.80613198550418,0.08029094897210598,0.4571020253933966,0.5438770167529583,16.83669799240306
175,4.825648959958926,16.847555991262197,0.07101596565917134,0.4409830435179174,0.5197010468691587,16.74600300611928
176,4.842404316994362,16.755357035435736,0.08704903302714229,0.3543779603205621,0.44823496136814356,16.725971014238894
177,4.859132603975013,16.72828698065132,0.04293397068977356,0.34362199949100614,0.3886150079779327,16.72438601963222
178,4.875858801999129,16.726198024116457,0.02980598947033286,0.346824002917856,0.3783319843932986,16.72309497371316
179,4.892583618988283,16.724816989153624,0.02774700988084078,0.4095089971087873,0.43873197864741087,16.723550972528756
180,4.90930911898613,16.725499997846782,0.02915598452091217,0.20355102606117725,0.23415102623403072,16.72347798012197
181,4.926034355012234,16.72523602610454,0.026633962988853455,0.3360710106790066,0.3639279748313129,16.71945198904723
182,4.942755528958514,16.721173946280032,0.026319001335650682,0.33107202034443617,0.3589800326153636,16.723985027056187
183,4.959481053985655,16.725525027140975,0.024540000595152378,0.351153954397887,0.37683697883039713,17.353711009491235
184,4.976836412970442,17.355358984787017,0.026563997380435467,0.226662028580904,0.25451701367273927,16.727187030483037
185,4.993569166981615,16.7327540111728,0.10159995872527361,2.7046670438721776,2.811752026900649,16.72819902887568
186,5.0103013520129025,16.732185031287372,0.054661009926348925,0.4098399658687413,0.46790094347670674,16.72431197948754
187,5.027031008969061,16.72965695615858,0.06892002420499921,0.26333797723054886,0.337445002514869,20.292142988182604
188,5.047331406967714,20.300397998653352,0.1395450090058148,1.7622419982217252,1.910985040012747,16.724912042263895
189,5.064059205004014,16.727798036299646,0.04127301508560777,3.030524996574968,3.073911997489631,16.728774993680418
190,5.080794454959687,16.73524995567277,0.084441970102489,0.8695630240254104,0.9587330278009176,16.7259230511263
191,5.097526328987442,16.73187402775511,0.09200902422890067,0.4224269650876522,0.5190689698792994,16.729002993088216
192,5.114258749003056,16.73242001561448,0.03587099490687251,0.5247310036793351,0.562310975510627,16.72486896859482
193,5.130985628988128,16.72687998507172,0.03048399230465293,0.5124089657329023,0.5442359833978117,16.726877016481012
194,5.1477143809897825,16.728752001654357,0.02701999619603157,0.4693889641202986,0.4977359785698354,16.727124981116503
195,5.164446031965781,16.73165097599849,0.06843096343800426,0.48831902677193284,0.5611830274574459,16.722516040317714
196,5.181170341966208,16.724310000427067,0.0293480115942657,0.5326219834387302,0.5633039982058108,16.724179033190012
197,5.197897709964309,16.727367998100817,0.04226301098242402,0.46223896788433194,0.50690199714154,16.72696101013571
198,5.214627729961649,16.730019997339696,0.0461420277133584,0.4822990158572793,0.5307040410116315,16.721980995498598
199,5.231351869995706,16.7241400340572,0.03313302295282483,0.5063849966973066,0.5409879959188402,16.724279965274036
200,5.248077892989386,16.72602299368009,0.028793001547455788,0.527711003087461,0.5577739793807268,16.721346997655928
201,5.26480151200667,16.723619017284364,0.033863994758576155,0.5863080150447786,0.6218489725142717,16.72152295941487
202,5.281525410013273,16.72389800660312,0.03452098462730646,1.7849319847300649,1.8213879666291177,16.77843794459477
203,5.298310054989997,16.78464497672394,0.11006096610799432,0.265746028162539,0.38111000321805477,17.345233005471528
204,5.315667653980199,17.35759899020195,0.09875698015093803,0.4831280093640089,0.590900017414242,16.891032981220633
205,5.332570206956007,16.90255297580734,0.06753898924216628,0.5568470223806798,0.6325500435195863,16.843155026435852
206,5.349424307001755,16.854100045748055,0.08179701399058104,0.5299669574014843,0.6195589667186141,16.82292897021398
207,5.366258313995786,16.83400699403137,0.07499702041968703,0.5683770286850631,0.6513280095532537,16.803091973997653
208,5.383070771000348,16.81245700456202,0.06687600398436189,0.5378139903768897,0.6113119889050722,16.786080959718674
209,5.399866039981134,16.795268980786204,0.06908999057486653,0.3208009875379503,0.39651698898524046,16.73284702701494
210,5.41660379600944,16.73775602830574,0.05283200880512595,0.5172020173631608,0.5733459838666022,16.80252596270293
211,5.433415712963324,16.811916953884065,0.07567595457658172,0.41090999729931355,0.4932309966534376,16.824857040774077
212,5.450251545000356,16.83583203703165,0.07115601329132915,0.5378309870138764,0.616821984294802,16.814811970107257
213,5.467077934998088,16.826389997731894,0.07689796620979905,0.4803250194527209,0.5653559928759933,16.742337960749865
214,5.483825198956765,16.74726395867765,0.05227298242971301,0.5322979995980859,0.5878150113858283,16.747193003538996
215,5.500578542007133,16.75334305036813,0.057978963013738394,0.5268360255286098,0.5882729892618954,16.840685973875225
216,5.517424353980459,16.845811973325908,0.05629396764561534,0.5910369800403714,0.6507919752039015,16.81794598698616
217,5.534251533972565,16.827179992105812,0.06231095176190138,0.5259570316411555,0.5948470206931233,16.732538992073387
218,5.550988761999179,16.737228026613593,0.05132402293384075,0.4884809604845941,0.5431089666672051,16.826735984068364
219,5.567826488986611,16.83772698743269,0.07182202534750104,0.45200501335784793,0.5315790185704827,16.749656992033124
220,5.584581398987211,16.75491000059992,0.05209201481193304,0.5780700012110174,0.6336150108836591,16.804868006147444
221,5.60139581101248,16.81441202526912,0.11639803415164351,0.45665696961805224,0.5796689656563103,16.798323951661587
222,5.6182035289821215,16.80771796964109,0.0820829882286489,0.37218298530206084,0.4608129966072738,16.78703899960965
223,5.634996048989706,16.792520007584244,0.05681300535798073,0.5622939788736403,0.6226479890756309,16.835820977576077
224,5.65184294298524,16.84689399553463,0.07573002949357033,0.648927001748234,0.7325760088860989,16.815583978313953
225,5.668667737976648,16.824794991407543,0.06830802885815501,0.5440079839900136,0.61896099941805,16.796456999145448
226,5.685469376971014,16.80163899436593,0.10709901107475162,0.5586849874816835,0.6692620227113366,16.733852040488273
227,5.70220934797544,16.73997100442648,0.05502003477886319,0.5333359586074948,0.5919919931329787,16.915993008296937
228,5.719130471989047,16.92112401360646,0.054396979976445436,0.3961490001529455,0.4540479858405888,16.74039597855881
229,5.735875791986473,16.745319997426122,0.052017043344676495,0.44309499207884073,0.49840600695461035,16.73092698911205
230,5.752611679956317,16.735887969844043,0.05354697350412607,0.3935180138796568,0.45047502499073744,16.79961202898994
231,5.769422284967732,16.810605011414737,0.08409196743741632,0.6028630305081606,0.6947360234335065,16.82388799963519
232,5.786257536965422,16.835251997690648,0.0707210274413228,0.5876129725947976,0.6664270185865462,16.79770404007286
233,5.803060473990627,16.8029370252043,0.056050019338727,0.5677109584212303,0.6271299789659679,16.728896996937692
234,5.819794508977793,16.734034987166524,0.0552309793420136,0.49720099195837975,0.5558039993047714,16.84719801414758
235,5.8366508960025385,16.856387024745345,0.07255800301209092,0.44543202966451645,0.5245819920673966,16.8434779625386
236,5.853499508986715,16.848612984176725,0.08910999167710543,0.5577949923463166,0.653293973300606,16.839434974826872
237,5.870350049983244,16.850540996529162,0.07141701644286513,0.397789990529418,0.4766890197061002,16.79330598562956
238,5.887152796960436,16.80274697719142,0.08097296813502908,0.48225600039586425,0.5698190070688725,16.80405903607607
239,5.903969065984711,16.816269024275243,0.08962402353063226,0.48718799371272326,0.5847580032423139,16.732394986320287
240,5.9207062179921195,16.73715200740844,0.050751958042383194,0.44681300641968846,0.500876980368048,16.806235013063997
241,5.937522315012757,16.816097020637244,0.07653102511540055,0.535294006112963,0.618428981397301,16.8701289803721
242,5.954404027957935,16.88171294517815,0.05867803702130914,0.5382539820857346,0.6050030351616442,16.844359051901847
243,5.97125965601299,16.855628055054694,0.071361951995641,0.44767302460968494,0.5256509757600725,16.819126962218434
244,5.988088155980222,16.828499967232347,0.07897499017417431,0.42819499503821135,0.5137199768796563,16.728552000131458
245,6.004821660986636,16.733505006413907,0.05085597513243556,0.42784103425219655,0.4819330060854554,16.82126597734168
246,6.021653706964571,16.832045977935195,0.08116598473861814,0.4670190392062068,0.5558550474233925,16.79762901039794
247,6.038460701005533,16.80699404096231,0.09069498628377914,0.30841800617054105,0.40569499833509326,16.801199002657086
248,6.055267104995437,16.80640398990363,0.05556101677939296,0.5202859756536782,0.5793019663542509,16.805059975013137
249,6.072081393969711,16.81428897427395,0.06789201870560646,0.5588890053331852,0.6334080244414508,16.738667036406696
250,6.088828750012908,16.747356043197215,0.11248397640883923,0.36173901753500104,0.48177497228607535,18.569343956187367
251,6.107406608003657,18.57785799074918,0.10941200889647007,0.48648001393303275,0.60251698596403,16.736641991883516
252,6.124156032979954,16.749424976296723,0.14907197328284383,0.41981798131018877,0.5787059781141579,16.734995995648205
253,6.140897943987511,16.741911007557064,0.08836900815367699,0.4602230037562549,0.5546429893001914,16.731882002204657
254,6.1576350659597665,16.73712197225541,0.05539000267162919,0.5571249639615417,0.6159140029922128,16.8519809958525
255,6.174498475971632,16.8634100118652,0.07630902109667659,0.5743729998357594,0.658861012198031,16.77561301039532
256,6.191283438995015,16.78496302338317,0.05276803858578205,0.36941899452358484,0.42871199548244476,16.798385011497885
257,6.208087107981555,16.803668986540288,0.05597603740170598,0.6147229578346014,0.6742579862475395,16.72964298631996
258,6.224822116957512,16.73500897595659,0.061008031480014324,3.531254013068974,3.596042050048709,16.730401024688035
259,6.241559123969637,16.737007012125105,0.08857401553541422,0.28728501638397574,0.38123002741485834,17.085743020288646
260,6.258649909985252,17.090786015614867,0.05374097963795066,0.26705703930929303,0.3241170197725296,17.87766901543364
261,6.276539329963271,17.88941997801885,0.0641410006210208,0.5149949574843049,0.5871879984624684,16.800292010884732
262,6.2933489619754255,16.809632012154907,0.0704500125721097,0.5114139639772475,0.5884179845452309,16.79605699609965
263,6.310151817975566,16.80285600014031,0.06669794674962759,0.6022170418873429,0.6733150221407413,16.826910024974495
264,6.326988416956738,16.836598981171846,0.0715530477464199,0.5270809633657336,0.6054000114090741,16.733248019590974
265,6.343726600985974,16.738184029236436,0.051042006816715,0.5614919937215745,0.61570800608024,16.731253010220826
266,6.360463290009648,16.736689023673534,0.052171992138028145,0.42997102718800306,0.48531900392845273,16.808956977911294
267,6.377283300971612,16.820010961964726,0.07531704613938928,1.6026449739001691,1.68630201369524,16.814581002108753
268,6.394109617976937,16.82631700532511,0.08107500616461039,0.521661015227437,0.6107260123826563,17.574473982676864
269,6.411695403978229,17.585786001291126,0.06803299766033888,0.4605769645422697,0.5364969838410616,16.775839030742645
270,6.4284820889588445,16.786684980615973,0.08367002010345459,0.39020099211484194,0.48143003368750215,16.81749301496893
271,6.445310145965777,16.828057006932795,0.08830701699480414,0.4861729685217142,0.582117005251348,17.36807601992041
272,6.462687371997163,17.377226031385362,0.10915898019447923,0.40259002707898617,0.5185779882594943,16.811675974167883
273,6.4795097559690475,16.822383971884847,0.0880379811860621,0.5485250148922205,0.644221028778702,16.784562030807137
274,6.4963035130058415,16.793757036793977,0.09460397996008396,0.35410700365900993,0.45518396655097604,16.72105200123042
275,6.51302819600096,16.7246829951182,0.0432379893027246,0.401380006223917,0.446852995082736,17.118262010626495
276,6.530149106984027,17.120910983067006,0.04453700967133045,1.0277479887008667,1.0748279746621847,16.726616013329476
277,6.546878249966539,16.729142982512712,0.04017603350803256,1.3516669860109687,1.3941160286776721,16.726377012673765
278,6.563606827985495,16.728578018955886,0.03356998786330223,0.5945320008322597,0.6299290107563138,16.725466994103044
279,6.58033428498311,16.727456997614354,0.03020401345565915,0.8734840084798634,0.9053749963641167,16.725746972952038
280,6.597062251996249,16.727967013139278,0.035943987313658,1.1192450183443725,1.1569969938136637,16.72437897650525
281,6.613789169001393,16.72691700514406,0.04330900264903903,2.177810005377978,2.2233990021049976,16.72105398029089
282,6.630512526957318,16.723357955925167,0.035119999665766954,1.2101850006729364,1.2473060050979257,16.723865002859384
283,6.647238568984903,16.72604202758521,0.03024999750778079,0.8873619954101741,0.9192409925162792,16.725198016501963
284,6.6639656299958006,16.72706101089716,0.029989052563905716,2.2399319568648934,2.2715089726261795,16.72496896935627
285,6.680692550959066,16.726920963265,0.029291026294231415,0.5649160011671484,0.595684046857059,17.594554054085165
286,6.69828975701239,17.597206053324044,0.04424405051395297,0.24825800210237503,0.29495899798348546,17.162759962957352
287,6.7154549089609645,17.16515194857493,0.03429199568927288,1.145843998529017,1.181829022243619,16.725304012652487
288,6.73218213400105,16.727225040085614,0.02848904114216566,1.4440169907175004,1.4740490005351603,16.721678955946118
289,6.748905687010847,16.723553009796888,0.027593050617724657,2.786978962831199,2.8160609654150903,16.723891953006387
290,6.765632238006219,16.726550995372236,0.04322401946410537,1.182792999316007,1.2284709955565631,16.72670297557488
291,6.782361431978643,16.729193972423673,0.043328036554157734,1.4987789909355342,1.5442700241692364,16.725827008485794
292,6.7990891999797896,16.727768001146615,0.03095204010605812,0.9499929728917778,0.982525001745671,16.722490021493286
293,6.815813663997687,16.724464017897844,0.029620015993714333,0.22236898075789213,0.2534599625505507,16.87790098367259
294,6.832693544973154,16.87988097546622,0.030512979719787836,1.0959440260194242,1.1280170292593539,16.869449988007545
295,6.8495683840010315,16.874839027877897,0.056186981964856386,0.3703510155901313,0.429701991379261,16.811435983981937
296,6.8663847639691085,16.816379968076944,0.05673797568306327,0.3840720164589584,0.44383102795109153,16.809575026854873
297,6.883199143980164,16.81438001105562,0.05536997923627496,0.466137018520385,0.5245240172371268,16.825543018057942
298,6.900030953984242,16.83181000407785,0.06153201684355736,0.6234489846974611,0.6882739835418761,16.831054002977908
299,6.9168669389910065,16.83598500676453,0.05533901276066899,0.3750540199689567,0.4334690165705979,16.83290401706472
300,6.933705226983875,16.838287992868572,0.06526499055325985,0.4367119981907308,0.5050830077379942,16.85504399938509
301,6.9505652349907905,16.86000800691545,0.057473022025078535,0.42747496627271175,0.4879959742538631,16.817378986161202
302,6.967387585958932,16.82235096814111,0.05621503805741668,0.5842559621669352,0.6434550159610808,16.81398501386866
303,6.984206577006262,16.8189910473302,0.05590502405539155,0.586150970775634,0.6451179506257176,16.822774952743202
304,7.001034308981616,16.827731975354254,0.055826036259531975,0.4217819659970701,0.48069399781525135,16.820618009660393
305,7.017859864979982,16.825555998366326,0.05552399670705199,0.5982600268907845,0.656849006190896,16.81873301276937
306,7.03468358196551,16.823716985527426,0.05541200516745448,0.5404709954746068,0.5989060155116022,16.869243001565337
307,7.051557708997279,16.874127031769603,0.05639699520543218,0.5158800049684942,0.5752869765274227,16.812546993605793
308,7.068375131988432,16.817422991152853,0.055150012485682964,0.5608240026049316,0.6218969938345253,16.817055002320558
309,7.0851973469834775,16.822214995045215,0.055524054914712906,0.3760230029001832,0.4346130299381912,16.81089698104188
310,7.102013620955404,16.81627397192642,0.05886604776605964,0.4049469716846943,0.46688102884218097,16.731046023778617
311,7.118749685003422,16.736064048018306,0.055872020311653614,0.3693350008688867,0.4282830050215125,16.840645985212177
312,7.135595185973216,16.845500969793648,0.05543796578422189,0.5512650241144001,0.6098300218582153,16.809955006465316
313,7.152410048991442,16.81486301822588,0.05652802065014839,0.41595601942390203,0.4755500121973455,16.810945991892368
314,7.16922603698913,16.815987997688353,0.05520600825548172,0.37854001857340336,0.4367780056782067,16.822687990497798
315,7.186053728975821,16.827691986691207,0.05629297811537981,0.4316269769333303,0.49099698662757874,16.849729989189655
316,7.2029083970119245,16.85466803610325,0.0551259727217257,0.36196201108396053,0.4201259580440819,16.849699954036623
317,7.219763076980598,16.854679968673736,0.05545199383050203,0.5224969936534762,0.5809889989905059,16.835429007187486
318,7.236603625002317,16.84054802171886,0.05691597471013665,0.6313530029729009,0.6913099787198007,16.818256000988185
319,7.2534269070019946,16.82328199967742,0.055523007176816463,0.3710820456035435,0.42962800944224,16.856224974617362
320,7.270288260013331,16.861353011336178,0.05548802437260747,0.3950290265493095,0.4536079941317439,16.873758984729648
321,7.287167192960624,16.878932947292924,0.060125021263957024,0.35789102548733354,0.42131805093958974,16.820007003843784
322,7.303992948960513,16.825755999889225,0.061022990848869085,0.35272998502478004,0.41727302595973015,16.837180010043085
323,7.320835043967236,16.842095006722957,0.055333017371594906,0.5835579941049218,0.642049009911716,16.8308470165357
324,7.337670937005896,16.835893038660288,0.056612014304846525,0.39803102845326066,0.45772100565955043,16.834237962029874
325,7.354510053002741,16.839115996845067,0.05529599729925394,0.3839510027319193,0.4423519712872803,16.810011002235115
326,7.371324993961025,16.81494095828384,0.06555899744853377,0.9310449822805822,0.9995930013246834,16.72327402047813
327,7.388050673005637,16.725679044611752,0.04002999048680067,1.327136007603258,1.3692039647139609,16.72411395702511
328,7.404778671974782,16.72799896914512,0.06137002492323518,0.4009599797427654,0.4656770033761859,16.72645303187892
329,7.421507412975188,16.728741000406444,0.03561796620488167,0.25516405003145337,0.2927320310845971,16.726972011383623
330,7.438236597983632,16.729185008443892,0.03287999425083399,0.3870920045301318,0.4215529770590365,16.731040028389543
331,7.454972653009463,16.736055025830865,0.07031596032902598,0.305876019410789,0.38091797614470124,16.728693968616426
332,7.471703288960271,16.730635950807482,0.028770009521394968,0.2810320002026856,0.31115300953388214,16.679716005455703
333,7.488386232987978,16.68294402770698,0.0378470285795629,0.22781500592827797,0.26761501794680953,16.69440499972552
334,7.505089267971925,16.703034983947873,0.058612029533833265,0.26038498617708683,0.32437301706522703,16.73227100400254
335,7.5218272939673625,16.738025995437056,0.06930599920451641,0.22417400032281876,0.29826100217178464,16.72518899431452
336,7.538554534956347,16.727240988984704,0.03221497172489762,0.33592397812753916,0.36979600554332137,16.725096036680043
337,7.555281307955738,16.72677299939096,0.028131995350122452,0.22018002346158028,0.24976005079224706,16.726270026993006
338,7.57200953096617,16.728223010431975,0.030849012546241283,0.3847009502351284,0.4172869957983494,16.726532019674778
339,7.588740657956805,16.731126990634948,0.056199030950665474,0.24955597473308444,0.3092960105277598,16.744621039833874
340,7.605494949966669,16.754292009864002,0.05756202153861523,0.24117802968248725,0.30589604284614325,16.73483900958672
341,7.622235030983575,16.740081016905606,0.04224298754706979,0.2426559804007411,0.28741598362103105,16.72793400939554
342,7.638969694962725,16.734663979150355,0.06472697714343667,0.21238700719550252,0.2817240310832858,16.72396599315107
343,7.655695804976858,16.726110014133155,0.0297240330837667,0.21290197037160397,0.24403899442404509,16.69857499655336
344,7.672399560979102,16.70375600224361,0.08728198008611798,0.22747600451111794,0.31870300881564617,16.7296240106225
345,7.6891341030132025,16.73454203410074,0.10437803575769067,0.40532799903303385,0.5136129911988974,16.722818952985108
346,7.705860321992077,16.726218978874385,0.03522698534652591,0.22765801986679435,0.26464101392775774,16.727990994695574
347,7.722593193000648,16.732871008571237,0.05729700205847621,0.21143397316336632,0.27262995718047023,16.727823996916413
348,7.739325773960445,16.732580959796906,0.09903794853016734,0.38004701491445303,0.48307201359421015,16.824807040393353
349,7.756156109971926,16.83033601148054,0.058816978707909584,0.7283820305019617,0.7911620195955038,16.805632039904594
350,7.772971118974965,16.81500900303945,0.07276196265593171,0.5657650181092322,0.6451010121963918,16.813353984616697
351,7.789795477001462,16.824358026497066,0.07682200521230698,0.40779897244647145,0.49212598241865635,16.806141997221857
352,7.806610794970766,16.815317969303578,0.06698200013488531,0.39579597068950534,0.4692979855462909,16.81039104005322
353,7.823430999997072,16.820205026306212,0.06451498484238982,0.335165997967124,0.4061359795741737,16.796634008642286
354,7.840232532005757,16.80153200868517,0.05371600855141878,0.5594489630311728,0.6165249506011605,16.831544984597713
355,7.857073594990652,16.84106298489496,0.08124200394377112,0.38890697760507464,0.4766049678437412,16.732927004341036
356,7.873811116965953,16.737521975301206,0.050615984946489334,0.46588998520746827,0.5195430130697787,16.811009030789137
357,7.890632951981388,16.82183501543477,0.0646990374661982,0.40741998236626387,0.4797769943252206,16.73609297722578
358,7.907374100002926,16.74114802153781,0.05612499080598354,0.3397500258870423,0.39914000080898404,16.7246549972333
359,7.924100935983006,16.726835980080068,0.030427996534854174,1.1333010043017566,1.1657709837891161,16.726026020478457
360,7.940829794970341,16.728858987335116,0.04435499431565404,1.4270140090957284,1.4736480079591274,17.56736298557371
361,7.958402324002236,17.5725290318951,0.056541990488767624,0.35786902299150825,0.41774899000301957,16.820363991428167
362,7.975232082011644,16.82975800940767,0.08011801401153207,0.28805300826206803,0.3746849833987653,16.857898968737572
363,7.992099174007308,16.86709199566394,0.06223999662324786,0.5348179838620126,0.6036099512130022,16.727363981772214
364,8.008831014973111,16.731840965803713,0.050264992751181126,0.37439196603372693,0.4276509862393141,16.745605040341616
365,8.025581587979104,16.75057300599292,0.05325698293745518,0.3616419853642583,0.4182319971732795,16.741899016778916
366,8.042327869974542,16.74628199543804,0.050794973503798246,0.41789503302425146,0.47167902812361717,16.880941984709352
367,8.05921788100386,16.890011029317975,0.061372993513941765,0.38034399040043354,0.44817995512858033,16.824740974698216
368,8.07605173799675,16.833856992889196,0.06808002945035696,0.3906689817085862,0.46534399734809995,16.804769984446466
369,8.092867117957212,16.81537996046245,0.08041999535635114,0.5472680204547942,0.63510105246678,16.800119017716497
370,8.109677604981698,16.810487024486065,0.09383901488035917,0.27198001043871045,0.3727420116774738,16.859252005815506
371,8.126546192972455,16.868587990757078,0.09111198596656322,0.37278601666912436,0.4703890299424529,16.793527989648283
372,8.143349079997279,16.802887024823576,0.08741399506106973,0.45002996921539307,0.5439529777504504,16.833939007483423
373,8.160192454990465,16.843374993186444,0.07116695633158088,0.5774300079792738,0.6551999831572175,16.73422398744151
374,8.1769312969991,16.7388420086354,0.04962697857990861,0.3746880101971328,0.427383987698704,16.728312009945512
375,8.193664730992168,16.733433993067592,0.05064194556325674,0.3982229973189533,0.45203196350485086,16.73224999103695
376,8.210406232974492,16.741501982323825,0.08178496500477195,0.4260280402377248,0.5143380258232355,16.741709026973695
377,8.227157448010985,16.751215036492795,0.07089198334142566,0.35384902730584145,0.4313759854994714,16.72542095184326
378,8.243887191987596,16.729743976611644,0.04861602792516351,0.47604995779693127,0.5276189767755568,16.750929004047066
379,8.260647334973328,16.760142985731363,0.06278097862377763,0.39506598841398954,0.4644439904950559,16.76236803177744
380,8.277418933983427,16.771599010098726,0.09275798220187426,0.2817009808495641,0.3810729831457138,16.73391502117738
381,8.294157439959235,16.73850597580895,0.05165801849216223,0.3209009882993996,0.37563603837043047,16.801148012746125
382,8.310968250967562,16.81081100832671,0.0725060235708952,0.2667569788172841,0.3457730053924024,16.73127501271665
383,8.327703663962893,16.73541299533099,0.04992500180378556,0.434336019679904,0.48714602598920465,16.73594501335174
384,8.34444880799856,16.74514403566718,0.09133398998528719,0.48418401274830103,0.5819399957545102,16.84383797692135
385,8.361304401012603,16.855593014042825,0.11985795572400093,0.48571504885330796,0.614057993516326,16.821973957121372
386,8.378137719002552,16.833317989949137,0.07323396857827902,0.5862099933438003,0.6673829630017281,16.848435974679887
387,8.39499631995568,16.85860095312819,0.069465022534132,0.42523397132754326,0.5023650010116398,16.81111002108082
388,8.411816706007812,16.820386052131653,0.05782698281109333,0.3266989951953292,0.3910769592039287,16.702738997992128
389,8.428530151955783,16.713445947971195,0.09206304093822837,0.48063998110592365,0.5803080275654793,16.826027014758438
390,8.445361290010624,16.831138054840267,0.09321299148723483,0.4694830277003348,0.5660349852405488,16.83381595648825
391,8.462204362964258,16.843072953633964,0.05864800186827779,0.41992898331955075,0.48516399692744017,16.81866100989282
392,8.47903209598735,16.82773302309215,0.11312204878777266,0.2801629598252475,0.3998369793407619,16.825261991471052
393,8.495866538956761,16.83444296941161,0.06571604171767831,0.581475964281708,0.6536850123666227,16.726054018363357
394,8.51259860501159,16.732066054828465,0.056066957768052816,0.48147799680009484,0.5409259465523064,16.72661298653111
395,8.529329899989534,16.731294977944344,0.05280296318233013,0.23071904433891177,0.2866180147975683,16.74583600834012
396,8.54608645598637,16.756555996835232,0.09047397179529071,0.4332149983383715,0.5313199944794178,16.73964597284794
397,8.562830818991642,16.744363005273044,0.04997698124498129,0.41094800690189004,0.46401197323575616,16.741194995120168
398,8.579581430007238,16.750611015595496,0.08455198258161545,0.2972969668917358,0.3884979523718357,16.75906195305288
399,8.596349589992315,16.768159985076636,0.07862102938815951,0.5023789708502591,0.587422982789576,16.82111097034067
400,8.613179810985457,16.830220993142575,0.0756590161472559,0.3058500005863607,0.38795400178059936,16.735695011448115
401,8.629924899956677,16.745088971219957,0.06824603769928217,0.3982619964517653,0.47291204100474715,16.73954405123368
402,8.646668999979738,16.744100023061037,0.05036802031099796,0.29740395257249475,0.3508569789119065,16.819012991618365
403,8.663497179979458,16.828179999720305,0.06660301005467772,0.5554899689741433,0.6285349954850972,16.761764010880142
404,8.680268083990086,16.77090401062742,0.05636503919959068,0.4540859954431653,0.5167800118215382,16.8070700019598
405,8.697084393003024,16.81630901293829,0.08001801325008273,0.419877003878355,0.5064790020696819,16.804827959276736
406,8.713898735004477,16.814342001453042,0.06491201929748058,0.3819119883701205,0.4532609600573778,16.732678981497884
407,8.730636063963175,16.737328958697617,0.05016301292926073,0.5906280130147934,0.6438930286094546,16.823657031636685
408,8.747470408969093,16.834345005918294,0.08167501073330641,0.40229997830465436,0.4915340105071664,16.801276011392474
409,8.76428078499157,16.810376022476703,0.06779603427276015,0.5584369646385312,0.6326339789666235,16.826973005663604
410,8.78111701697344,16.836231981869787,0.06328098243102431,0.5285670049488544,0.5983100272715092,16.81358303176239
411,8.797939945012331,16.822928038891405,0.06479100557044148,0.5314259906299412,0.6027259514667094,16.806455969344825
412,8.814755456987768,16.815511975437403,0.07786299102008343,0.5209649680182338,0.6052469834685326,16.716660000383854
413,8.83147709997138,16.721642983611673,0.09492598474025726,0.5697330343537033,0.6680100341327488,16.840997035615146
414,8.848328891966958,16.851791995577514,0.0877639977261424,2.640987979248166,2.7358250226825476,16.720921033993363
415,8.865052270004526,16.72337803756818,0.03654899774119258,0.42373198084533215,0.46261597890406847,19.357065961230546
416,8.884412123006769,19.359853002242744,0.030274037271738052,1.0410239920020103,1.0730799986049533,16.722255968488753
417,8.901136603963096,16.72448095632717,0.032633019145578146,1.060047943610698,1.0941679938696325,17.38878700416535
418,8.918536330980714,17.399727017618716,0.08695101132616401,0.5867329891771078,0.6817959947511554,16.809917986392975
419,8.935357440961525,16.821109980810434,0.07807702058926225,0.38438598858192563,0.4703630111180246,16.79438300197944
420,8.952156491985079,16.799051023554057,0.0526679796166718,0.40174199966713786,0.45764597598463297,16.863235970959067
421,8.969030410982668,16.8739189975895,0.06507197394967079,0.4652339848689735,0.5380039801821113,16.830494976602495
422,8.985871735960245,16.841324977576733,0.07093400927260518,0.36340398946776986,0.4420790355652571,16.832315013743937
423,9.002714803966228,16.843068005982786,0.07154798367992043,0.5270240362733603,0.6062540342099965,16.824590042233467
424,9.019550663011614,16.835859045386314,0.07443001959472895,0.42090396163985133,0.5032469634898007,16.869106970261782
425,9.03642882895656,16.878165944945067,0.10547100100666285,1.148679992184043,1.2605130323208869,16.81807904969901
426,9.053257568972185,16.828740015625954,0.12099003652110696,0.45359699288383126,0.582271022722125,16.83424203656614
427,9.070102511963341,16.84494299115613,0.07594702765345573,0.4936319892294705,0.5772440345026553,16.81206503417343
428,9.08692529099062,16.822779027279466,0.0881240121088922,0.5069909966550767,0.6027310155332088,16.829465981572866
429,9.103766509972047,16.84121898142621,0.07141398964449763,0.5446699797175825,0.6239659851416945,16.826934996061027
430,9.120608417957556,16.841907985508442,0.13810000382363796,0.5675699794664979,0.7177030202001333,16.823010053485632
431,9.137443852960132,16.83543500257656,0.14282000483945012,0.49145903903990984,0.6443970487453043,16.73114503500983
432,9.154182575992309,16.738723032176495,0.10948500130325556,0.6557729793712497,0.7725449977442622,16.80430700071156
433,9.17099601397058,16.813437978271395,0.07276702672243118,0.5722200148738921,0.651804031804204,16.829051019158214
434,9.187836107972544,16.840094001963735,0.09017897536978126,0.38923800457268953,0.48745900858193636,16.72696101013571
435,9.20456754998304,16.73144201049581,0.05099899135529995,0.5503610009327531,0.6044559995643795,16.797335003502667
436,9.22136970597785,16.802155994810164,0.05799898644909263,0.5387190030887723,0.6000699941068888,16.790000023320317
437,9.238164176989812,16.79447101196274,0.051848008297383785,0.44148199958726764,0.4963739775121212,16.926848969887942
438,9.255095788976178,16.93161198636517,0.05387497367337346,0.5225309869274497,0.5796779878437519,16.73562900396064
439,9.27183993498329,16.74414600711316,0.10599900269880891,0.31822401797398925,0.43036899296566844,16.748125024605542
440,9.288600912957918,16.760977974627167,0.1366600045002997,0.3578650066629052,0.5060650291852653,16.835165035445243
441,9.305447311955504,16.84639899758622,0.10117597412317991,0.29174104565754533,0.401086057536304,16.807403007987887
442,9.322265709983185,16.818398027680814,0.07114402251318097,0.3480429877527058,0.4270710051059723,16.808165004476905
443,9.339084617968183,16.818907984998077,0.10112900054082274,0.5412460304796696,0.6500030285678804,16.73848502105102
444,9.355827672989108,16.743055020924658,0.05025696009397507,0.4325360059738159,0.48598297871649265,16.734977019950747
445,9.372569472994655,16.741800005547702,0.04988402361050248,0.5205940105952322,0.5735540180467069,16.81905100122094
446,9.389399809006136,16.83033601148054,0.0744319986552,0.4728620406240225,0.5552819930016994,16.84618496801704
447,9.406255064997822,16.855255991686136,0.0653460156172514,0.40693499613553286,0.4787420039065182,16.796603973489255
448,9.423062390007544,16.807325009722263,0.08215004345402122,0.4250539932399988,0.5147859919816256,16.791604983154684
449,9.439863092964515,16.80070295697078,0.0660539953969419,0.3892299719154835,0.46172901056706905,16.725355002563447
450,9.45659318898106,16.73009601654485,0.05291000707075,0.39968197233974934,0.45584398321807384,16.851472028065473
451,9.473455682978965,16.862493997905403,0.08129701018333435,0.2880429965443909,0.3771799965761602,16.79821900324896
452,9.490264917956665,16.809234977699816,0.08975696982815862,0.3501779865473509,0.4480250063352287,16.805000021122396
453,9.5070821029949,16.81718503823504,0.07115997141227126,0.5264949868433177,0.6061429739929736,16.72672200948
454,9.52381326496834,16.731161973439157,0.04918000195175409,0.3713949699886143,0.4235910018905997,16.837581002619117
455,9.540659288002644,16.84602303430438,0.0547529780305922,0.7142900140024722,0.7722899899818003,16.823710000608116
456,9.557492122985423,16.832834982778877,0.05521002458408475,0.4808869562111795,0.5425179842859507,16.72518701525405
457,9.574221983959433,16.72986097401008,0.049919995944947004,0.440909992903471,0.4939280333928764,16.80832204874605
458,9.591041094972752,16.819111013319343,0.0668159918859601,0.3837220137938857,0.458215014077723,16.79540699115023
459,9.607845567981713,16.804473008960485,0.0752350315451622,0.38380298065021634,0.46555401058867574,16.95586898131296
460,9.624805691011716,16.96012303000316,0.04788301885128021,0.39854797068983316,0.4493969609029591,16.824171994812787
461,9.641640526009724,16.834834998007864,0.0718749943189323,0.3871670342050493,0.4668019828386605,16.810778994113207
462,9.65846036199946,16.81983598973602,0.05707103991881013,0.34771295031532645,0.4111859598197043,16.815917973872274
463,9.675280942989048,16.820580989588052,0.05278701428323984,0.22447900846600533,0.2805190160870552,17.10534398443997
464,9.692388659983408,17.10771699436009,0.0421159784309566,3.3809690503403544,3.4253260237164795,16.732626012526453
465,9.709130336006638,16.741676023229957,0.07535400800406933,0.24784699780866504,0.33051398349925876,16.731504001654685
466,9.725868150999304,16.737814992666245,0.06581097841262817,0.25835499400272965,0.32958597876131535,16.73629297874868
467,9.74261012696661,16.741975967306644,0.06782700074836612,0.24038401897996664,0.3131190314888954,16.72906702151522
468,9.75934117496945,16.73104800283909,0.029430026188492775,0.34560897620394826,0.3764909924939275,16.727284993976355
469,9.776073121000081,16.73194603063166,0.06922997999936342,0.3490150556899607,0.42218901216983795,16.722517961170524
470,9.792797886009794,16.724765009712428,0.02918101381510496,0.22246601292863488,0.25310699129477143,16.729149967432022
471,9.80953122797655,16.733341966755688,0.05374103784561157,0.3116229781880975,0.3693510079756379,16.72431599581614
472,9.826257255976088,16.72602799953893,0.029198999982327223,0.2176720299758017,0.2483400166966021,16.727746988181025
473,9.842989252996631,16.73199702054262,0.06661302177235484,0.3486489877104759,0.4193909699097276,16.727658978197724
474,9.859721319982782,16.73206698615104,0.0628309790045023,0.27329300064593554,0.3403029986657202,16.722041007597
475,9.876445194007829,16.723874025046825,0.028433045372366905,0.2115129609592259,0.24136295542120934,16.726870962884277
476,9.893176499987021,16.731305979192257,0.0622920342721045,0.37847901694476604,0.44463202357292175,16.73098502214998
477,9.909913017007057,16.736517020035535,0.06656104233115911,0.22615399211645126,0.29694498516619205,16.730031988117844
478,9.926647694956046,16.734677948988974,0.08166400948539376,0.24991296231746674,0.3355490043759346,16.72693301225081
479,9.943395536975004,16.74784201895818,0.0592190190218389,1.1439920053817332,1.2070070370100439,16.728179005440325
480,9.960126460995525,16.730924020521343,0.0449849758297205,0.4274829989299178,0.47502596862614155,16.726828005630523
481,9.976855670975056,16.729209979530424,0.03811897477135062,0.7152340258471668,0.7555420161224902,16.726423986256123
482,9.993583927978761,16.72825700370595,0.029472983442246914,1.1336480383761227,1.1646610219031572,16.726157977245748
483,10.010311978985555,16.728051006793976,0.02721004420891404,0.39490999188274145,0.4234180087223649,16.725644003599882
484,10.027039880980738,16.727901995182037,0.027481000870466232,0.8493280038237572,0.8782889926806092,16.749438014812768
485,10.043791889969725,16.752008988987654,0.04356697900220752,0.9408179903402925,0.9865890024229884,16.7265780037269
486,10.06052047299454,16.728583024814725,0.028521055355668068,1.0465739760547876,1.076571992598474,16.822103993035853
487,10.077351933985483,16.831460990943015,0.07012096466496587,0.36558799911290407,0.44240098213776946,16.733733005821705
488,10.094090092985425,16.738158999942243,0.04890596028417349,0.6028559873811901,0.6547059747390449,16.7398729827255
489,10.110836106003262,16.746013017836958,0.060609017964452505,0.4332400276325643,0.49753300845623016,16.73880498856306
490,10.127580025000498,16.743918997235596,0.05567801417782903,0.3837510012090206,0.44270697981119156,16.8425629963167
491,10.14443185098935,16.851825988851488,0.0696179922670126,0.540523964446038,0.6167399697005749,16.842898970935494
492,10.16128648200538,16.854631016030908,0.07387902587652206,0.5799439968541265,0.6619549822062254,16.796993964817375
493,10.178094404982403,16.807922977022827,0.09076995775103569,0.4000090411864221,0.4983660182915628,16.829509986564517
494,10.194934881990775,16.840477008372545,0.07637502858415246,0.5873849731869996,0.6713239708915353,16.925766016356647
495,10.21186541696079,16.930534970015287,0.0495979911647737,0.3799700061790645,0.4328220384195447,16.72862604027614
496,10.22859899897594,16.733582015149295,0.05401397356763482,0.5117460386827588,0.5690550315193832,16.839353018440306
497,10.24544958397746,16.850585001520813,0.05504000000655651,0.5354940076358616,0.5979629931971431,16.81445399299264
498,10.262275085959118,16.825501981657,0.07665000157430768,0.38877903716638684,0.4733180394396186,16.735117009375244
499,10.279018939996604,16.743854037486017,0.07571798050776124,0.24586799554526806,0.3279419615864754,16.795933013781905
500,10.295825528970454,16.806588973850012,0.06780796684324741,0.429812993388623,0.5048459861427546,16.830654989462346
501,10.312666510988493,16.84098201803863,0.07059099152684212,0.4149150336161256,0.49210200086236,16.785932995844632
502,10.329463347967248,16.79683697875589,0.10899902554228902,0.3906229976564646,0.5074170185253024,16.838439041748643
503,10.346310833992902,16.84748602565378,0.0895360135473311,1.2343010166659951,1.3302559964358807,16.80213399231434
504,10.36312201997498,16.811185982078314,0.06796402158215642,0.4196909721940756,0.49417198169976473,16.826264036353678
505,10.37995743798092,16.835418005939573,0.06562296766787767,0.5842139944434166,0.6563179777003825,16.814114002045244
506,10.39678080799058,16.82337000966072,0.06699201185256243,0.3961570328101516,0.4697010153904557,16.80571900215
507,10.413595744001213,16.814936010632664,0.07128104334697127,0.6844229646958411,0.7621459662914276,16.84806396951899
508,10.43045445496682,16.858710965607315,0.10849902173504233,0.4361830069683492,0.5523530417121947,16.727879992686212
509,10.447186767996754,16.73231302993372,0.04890799755230546,0.4147979780100286,0.4667319590225816,16.73256600042805
510,10.463923916977365,16.737148980610073,0.05037401570007205,0.4911269643343985,0.5445689894258976,16.734999022446573
511,10.480663932976313,16.740015998948365,0.053859956096857786,0.4262800212018192,0.4834560095332563,16.87573903473094
512,10.497551116975956,16.88718399964273,0.07663405267521739,0.6413889932446182,0.7257190300151706,16.799559991341084
513,10.514360931003466,16.809814027510583,0.11960795382037759,0.3572720452211797,0.4835680010728538,16.80254895472899
514,10.531168342975434,16.807411971967667,0.0536849838681519,0.5107790348120034,0.5677600274793804,16.728629008866847
515,10.54790150898043,16.733166004996747,0.05093001527711749,0.42076496174558997,0.474874977953732,16.736101009882987
516,10.564642229990568,16.74072101013735,0.049565976951271296,0.5060220137238503,0.5586000042967498,16.812140005640686
517,10.581464260991197,16.822031000629067,0.06479595322161913,0.52722601685673,0.5985699826851487,16.835196991451085
518,10.598310189961921,16.845928970724344,0.07261504651978612,0.5753219593316317,0.6555760046467185,16.814536007586867
519,10.615135562955402,16.825372993480414,0.07380801253020763,0.3982390044257045,0.47977303620427847,16.72786200651899
520,10.631868030002806,16.732467047404498,0.050174014177173376,0.4787599900737405,0.532005971763283,16.72821497777477
521,10.648601563996635,16.73353399382904,0.05030597094446421,0.390098022762686,0.4437119932845235,16.841114964336157
522,10.665453632012941,16.852068016305566,0.074131996370852,0.5712250131182373,0.65303297014907,16.815548995509744
523,10.68228053796338,16.82690595043823,0.07093895692378283,1.1769109987653792,1.255962997674942,16.722885018680245
524,10.699005837959703,16.725299996323884,0.04101096419617534,0.36825204733759165,0.4113330505788326,17.492874001618475
525,10.716510817001108,17.504979041405022,0.10896701132878661,0.5292849964462221,0.6464819889515638,16.818085976410657
526,10.733340303006116,16.82948600500822,0.06847898475825787,0.44011202408000827,0.5166640039533377,16.726030968129635
527,10.750068439985625,16.728136979509145,0.0275279744528234,0.8175069815479219,0.8467619773000479,16.724444983992726
528,10.766794608964119,16.72616897849366,0.025479006581008434,1.6531259752810001,1.6799820004962385,17.129120009485632
529,10.783925489988178,17.13088102405891,0.026272027753293514,0.5014059715904295,0.5290459957905114,18.034074979368597
530,10.801961223012768,18.035733024589717,0.026224995963275433,1.123232999816537,1.150808995589614,16.724738990888
531,10.818687638966367,16.726415953598917,0.023917993530631065,0.3429710050113499,0.3682150272652507,16.695755010005087
532,10.83538502198644,16.697383020073175,0.024577020667493343,0.6962519837543368,0.7221529958769679,16.723227978218347
533,10.852109977975488,16.724955989047885,0.023772998247295618,1.1207330389879644,1.145735033787787,16.72469702316448
534,10.868836448993534,16.72647101804614,0.024811015464365482,0.42423803824931383,0.4503200179897249,18.528982996940613
535,10.88736702495953,18.53057596599683,0.025888963136821985,1.118827029131353,1.14593404578045,16.724612039979547
536,10.904095213976689,16.728189017158,0.02941902494058013,0.7078920025378466,0.7392700063064694,16.725294990465045
537,10.920822053973097,16.72683999640867,0.0233229948207736,3.3246190287172794,3.349148028064519,18.220985017251223
538,10.939044534985442,18.22248101234436,0.024608976673334837,0.349257024936378,0.37521199556067586,16.72458800021559
539,10.95577068097191,16.7261459864676,0.0233709579333663,1.3859140453860164,1.4105880400165915,16.72592299291864
540,10.972498279006686,16.727598034776747,0.023639004211872816,0.6239769863896072,0.6487229838967323,16.723949986044317
541,10.989223790995311,16.72551198862493,0.022872991394251585,1.3478239998221397,1.3721190043725073,16.814805974718183
542,11.006049968011212,16.826177015900612,0.07087300764396787,0.7041000062599778,0.7832589908502996,16.788572946097702
543,11.022847640968394,16.79767295718193,0.06988603854551911,0.6744099664501846,0.7508069975301623,16.736840014345944
544,11.039589206979144,16.74156601075083,0.05057296948507428,0.6344810244627297,0.6881100125610828,16.82833000086248
545,11.056427205970977,16.837998991832137,0.10004901560023427,0.731879030354321,0.8385000401176512,16.799518023617566
546,11.07323608698789,16.8088810169138,0.07025699596852064,0.7761809974908829,0.8530429913662374,16.81776699842885
547,11.090064955002163,16.828868014272302,0.07153296610340476,0.6151070119813085,0.6943119806237519,16.81546599138528
548,11.10689277597703,16.82782097486779,0.10061200009658933,0.42425503488630056,0.5330680287443101,16.853193985298276
549,11.123755001986865,16.862226009834558,0.05994399543851614,0.5240669706836343,0.5903979763388634,16.85751200420782
550,11.140623232990038,16.868231003172696,0.05067000165581703,0.5617060232907534,0.617204001173377,16.727841983083636
551,11.157355948991608,16.732716001570225,0.056796998251229525,0.5551219801418483,0.6152039859443903,16.79467997746542
552,11.174155512999278,16.799564007669687,0.05492602940648794,0.5630250088870525,0.6212560110725462,16.72859600512311
553,11.190888785000425,16.73327200114727,0.05057500675320625,0.5868109874427319,0.640513957478106,16.73394098179415
554,11.207627241965383,16.73845696495846,0.049708993174135685,0.636929995380342,0.6897019920870662,16.886103025171906
555,11.224523954966571,16.89671300118789,0.0653110328130424,0.6728229927830398,0.7458050386048853,16.783518018200994
556,11.2413120130077,16.78805804112926,0.049709982704371214,0.6816540262661874,0.7344670011661947,16.738185950089246
557,11.258055123966187,16.743110958486795,0.05374598549678922,0.6014130194671452,0.6584660150110722,16.7286210344173
558,11.27478863397846,16.733510012272745,0.051031995099037886,0.7199150277301669,0.774062005802989,16.805672028567642
559,11.291603342979215,16.8147090007551,0.06439100252464414,0.7317570270970464,0.8026200230233371,16.727000998798758
560,11.308334844012279,16.731501033063978,0.0503409537486732,0.7059730123728514,0.7589609595015645,18.051923951134086
561,11.326390464964788,18.055620952509344,0.052990042604506016,0.3764319699257612,0.4322580061852932,16.731541021727026
562,11.343131407978944,16.740943014156073,0.0682729878462851,0.5591430235654116,0.6341140251606703,16.7239680304192
563,11.359857807983644,16.726400004699826,0.07554003968834877,0.6034169928170741,0.6806650198996067,16.721940017305315
564,11.376581824966706,16.72401698306203,0.031330971978604794,0.4929400165565312,0.5256960284896195,16.728987044189125
565,11.393312533968128,16.73070900142193,0.028470007237046957,0.4303319728933275,0.46015699626877904,16.735025041271
566,11.410052602004725,16.740068036597222,0.05616503767669201,0.588801980484277,0.6485669873654842,16.735434997826815
567,11.426792596990708,16.739994985982776,0.04945002729073167,0.44013699516654015,0.49263599794358015,16.743824002332985
568,11.443545704998542,16.75310800783336,0.10179897071793675,0.4280470311641693,0.5363019881770015,16.738715989049524
569,11.460291973955464,16.746268956921995,0.07563899271190166,4.178180010057986,4.260265035554767,16.768442001193762
570,11.477078563009854,16.786589054390788,0.05089998012408614,0.41468499694019556,0.47778297448530793,17.406543949618936
571,11.494494366983417,17.415803973563015,0.07968500722199678,0.4118750221095979,0.4982220125384629,16.745630011428148
572,11.511250029958319,16.755662974901497,0.07424899376928806,0.7776290294714272,0.8583590388298035,16.726208035834134
573,11.52797857997939,16.728550021070987,0.03466999623924494,2.2287750034593046,2.2652969928458333,16.722765984013677
574,11.544703150982969,16.724571003578603,0.027204048819839954,3.6259949556551874,3.654518979601562,16.67999301571399
575,11.56138500396628,16.68185298331082,0.02877204678952694,0.742562988307327,0.7726640324108303,16.725648019928485
576,11.57811253896216,16.727534995879978,0.025504035875201225,1.1221040040254593,1.1489310418255627,16.72199700260535
577,11.594836170959752,16.723631997592747,0.025589950382709503,0.6775710498914123,0.7045180536806583,16.842270037159324
578,11.611689631012268,16.85346005251631,0.09046902414411306,0.3329149913042784,0.4315119585953653,16.826886974740773
579,11.628527988970745,16.83835795847699,0.07220200495794415,0.5537809920497239,0.6341550033539534,16.84549101628363
580,11.645392037986312,16.864049015566707,0.058937002904713154,0.40711398469284177,0.47391001135110855,16.808766988106072
581,11.662211828981526,16.819790995214134,0.08910498581826687,0.6121459882706404,0.709004991222173,16.830726992338896
582,11.679054114967585,16.842285986058414,0.08386705303564668,0.37831696681678295,0.4704240127466619,16.79724099813029
583,11.695862043008674,16.807928041089326,0.09214598685503006,0.4230639897286892,0.5230219685472548,16.795317991636693
584,11.712669777974952,16.807734966278076,0.07702095899730921,0.5476770456880331,0.6331020267680287,16.86450798297301
585,11.72954553499585,16.875757020898163,0.07373199332505465,0.5210920353420079,0.6029090145602822,16.827578016091138
586,11.746391178981867,16.845643986016512,0.06742501864209771,0.5745789967477322,0.6498870206996799,16.81808102875948
587,11.763218661013525,16.827482031658292,0.07927598198875785,0.4787389771081507,0.5645989440381527,16.824799997266382
588,11.780055006965995,16.836345952469856,0.08090102346614003,0.5498849786818027,0.6389470072463155,16.83868799591437
589,11.79690529697109,16.850290005095303,0.0815090024843812,0.6225659744814038,0.7127890130504966,16.837769013363868
590,11.81375415599905,16.848859027959406,0.06280600791797042,0.4191559855826199,0.48974796663969755,16.84775500325486
591,11.830612902995199,16.85874699614942,0.07569004083052278,0.5087999743409455,0.5922099808230996,16.81727496907115
592,11.847441204008646,16.828301013447344,0.0758949900045991,0.3675550105981529,0.4511299775913358,16.831241955514997
593,11.864283845992759,16.84264198411256,0.09250000584870577,0.404063961468637,0.5043199635110795,16.730909992475063
594,11.881017836974934,16.733990982174873,0.043222971726208925,0.4777850117534399,0.5230840179137886,16.731313022319227
595,11.897751210955903,16.73337398096919,0.028053007554262877,0.42188900988548994,0.451456056907773,16.729019000194967
596,11.914482935972046,16.731725016143173,0.027820991817861795,0.3457340062595904,0.37497299490496516,16.72987302299589
597,11.931215339980554,16.73240400850773,0.027270987629890442,0.39804301923140883,0.4269080236554146,16.735875979065895
598,11.947952898975927,16.737558995373547,0.025359971914440393,0.46107900561764836,0.4876930033788085,16.726483998354524
599,11.964683163969312,16.73026499338448,0.054442964028567076,1.6719300183467567,1.7295230063609779,16.704298031982034
600,11.981389458989725,16.706295020412654,0.026220979634672403,2.0143529982306063,2.0419679931364954,16.749623988289386
601,11.998140856972896,16.751397983171046,0.02567801857367158,0.28501998167485,0.31200400553643703,16.720797982998192
602,12.014865403994918,16.724547022022307,0.04847301170229912,0.3800629638135433,0.43127097887918353,16.729260969441384
603,12.031597363995388,16.73196000047028,0.03332301275804639,0.3392479848116636,0.3744639689102769,16.73035300336778
604,12.048330321966205,16.732957970816642,0.03217300400137901,0.4056589677929878,0.439302995800972,16.727228998206556
605,12.065061756991781,16.731435025576502,0.05488103488460183,0.4352039541117847,0.4931729636155069,16.730331000871956
606,12.081794085970614,16.73232897883281,0.03081001341342926,0.8032739860936999,0.8356859907507896,16.728737042285502
607,12.09852482099086,16.730735020246357,0.022348016500473022,0.4527049604803324,0.4761659656651318,16.732510004658252
608,12.115263740008231,16.73891901737079,0.07172097684815526,0.40240201633423567,0.47845899825915694,16.733723983634263
609,12.131999731995165,16.735991986934096,0.03470998490229249,0.5476149963214993,0.5840689991600811,16.74276898847893
610,12.148748112958856,16.74838096369058,0.06963801570236683,0.2660970203578472,0.34054304705932736,16.73271000618115
611,12.165490115003195,16.742002044338733,0.13345101615414023,0.845991016831249,0.9869569912552834,16.791370988357812
612,12.182290847005788,16.800732002593577,0.11821399675682187,0.7188200252130628,0.8448089938610792,16.72853995114565
613,12.199026224960107,16.73537795431912,0.08446903666481376,0.38730999222025275,0.4771440289914608,16.72864001011476
614,12.215759164013434,16.732939053326845,0.057522032875567675,0.47284597530961037,0.5338569753803313,16.73337898682803
615,12.232494640978985,16.735476965550333,0.031261006370186806,0.41393499122932553,0.4466359969228506,16.728773014619946
616,12.249225912964903,16.731271985918283,0.024919980205595493,0.3291930188424885,0.35546603612601757,16.731256037019193
617,12.265960815013386,16.73490204848349,0.04755397094413638,0.6124670035205781,0.6627239636145532,16.732977994251996
618,12.282698467955925,16.73765294253826,0.05465903086587787,0.4184959689155221,0.47663901932537556,16.691572032868862
619,12.29939383000601,16.69536205008626,0.0890740193426609,0.3632360021583736,0.4551389720290899,16.73043897608295
620,12.31612747599138,16.73364598536864,0.03365403972566128,0.4756900016218424,0.5111090140417218,16.730596020352095
621,12.332860058988445,16.732582997065037,0.02971396315842867,0.5759650375694036,0.6071730167604983,16.749294998589903
622,12.349613495985977,16.753436997532845,0.04209898179396987,0.509668025188148,0.5547580076381564,16.72914798837155
623,12.366344918962568,16.731422976590693,0.022716994863003492,0.3939460148103535,0.4179340321570635,16.728204034734517
624,12.383075490011834,16.730571049265563,0.02611702075228095,0.6324620335362852,0.6598850013688207,16.697242972441018
625,12.399776265956461,16.70077594462782,0.056300952564924955,0.4227960016578436,0.4818110028281808,16.7273860424757
626,12.416506043984555,16.72977802809328,0.024356006179004908,0.32782898051664233,0.3533790004439652,16.742834995966405
627,12.433250475965906,16.744431981351227,0.024851004127413034,0.34861703170463443,0.3746910369955003,16.72820601379499
628,12.44998235598905,16.731880023144186,0.06092601688578725,0.5958330002613366,0.659980985801667,16.730657021980733
629,12.46671490900917,16.732553020119667,0.03273400943726301,0.3029839717783034,0.3372939536347985,16.74910297151655
630,12.483465527999215,16.75061899004504,0.024451001081615686,0.500997994095087,0.5266909720376134,16.729943978134543
631,12.50019886100199,16.733333002775908,0.061327009461820126,0.5554549861699343,0.6198379560373724,16.72935695387423
632,12.516932544996962,16.733683994971216,0.05307904211804271,0.39659900357946754,0.45261101331561804,16.74452901352197
633,12.533684082969557,16.751537972595543,0.05463603883981705,0.37188699934631586,0.4306550254113972,16.722968022804707
634,12.55041181895649,16.727735986933112,0.05395099287852645,0.5019960226491094,0.5595070542767644,16.72909705666825
635,12.567145042994525,16.733224038034678,0.051422975957393646,0.5880090175196528,0.6423739832825959,16.732727002818137
636,12.583880455000326,16.735412005800754,0.03318098606541753,0.3574559814296663,0.3924829652532935,16.729527967981994
637,12.600611975009087,16.731520008761436,0.025609973818063736,0.5018350202590227,0.5287069943733513,16.732650983612984
638,12.617346210987307,16.734235978219658,0.02491200575605035,0.36305002868175507,0.38913701428100467,16.733598022256047
639,12.634081438009162,16.73522702185437,0.024183013010770082,0.442071002908051,0.46757899690419436,16.733894997742027
640,12.650817007990554,16.735569981392473,0.02415897324681282,0.4791310057044029,0.5045889993198216,16.757978009991348
641,12.667578894004691,16.761886014137417,0.04867604002356529,0.6018109852448106,0.6531759863719344,16.727134003303945
642,12.684311050979886,16.732156975194812,0.07507100235670805,0.49264502013102174,0.5716130253858864,16.727972018998116
643,12.701044189976528,16.733138996642083,0.06330496398732066,0.5470740143209696,0.6137629970908165,16.72872999915853
644,12.717775159981102,16.730970004573464,0.025702000129967928,0.3629650454968214,0.3898420254699886,16.728177026379853
645,12.734505559958052,16.73039997695014,0.0285319983959198,0.5059490213170648,0.5359300412237644,16.746989043895155
646,12.751256182964426,16.750623006373644,0.04428398096933961,0.34451199462637305,0.39171299431473017,16.729305032640696
647,12.767987669969443,16.731487005017698,0.02348294947296381,0.4876099992543459,0.5122899892739952,16.731241019442677
648,12.784720600000583,16.732930031139404,0.02342200605198741,0.5316250026226044,0.5562099977396429,16.73546398524195
649,12.801459637994412,16.739037993829697,0.023280968889594078,0.6029930082149804,0.6276299827732146,16.746480017900467
650,12.818209638993721,16.750000999309123,0.041507999412715435,0.3826089669018984,0.426972983404994,16.73016999848187
651,12.834943913971074,16.73427497735247,0.049400026910007,0.38049696013331413,0.43279898818582296,16.72936900286004
652,12.851678201986942,16.734288015868515,0.052141956984996796,0.5146980402059853,0.5700410110875964,16.709632996935397
653,12.86839085095562,16.712648968677968,0.03898097202181816,0.430262996815145,0.4712300142273307,16.73053001286462
654,12.885123338957783,16.732488002162427,0.027586007490754128,0.4813870182260871,0.5103560397401452,16.733038006350398
655,12.901861858961638,16.73852000385523,0.05666702054440975,0.44487399281933904,0.5050210165791214,16.729142051190138
656,12.918593465001322,16.731606039684266,0.033464981243014336,0.4106350243091583,0.4458510084077716,16.715885954909027
657,12.935313908965327,16.720443964004517,0.06741599645465612,0.5413779872469604,0.61238300986588,16.729006019886583
658,12.952045389974955,16.731481009628624,0.02757296897470951,0.27005100855603814,0.29904500115662813,16.728699032682925
659,12.968776055960916,16.730665985960513,0.022172986064106226,0.4113870090804994,0.4346840432845056,16.729783033952117
660,12.98551080597099,16.734750010073185,0.07362599717453122,0.4965580301359296,0.5742080393247306,16.71891799196601
661,13.00223115697736,16.720351006370038,0.023014959879219532,0.36557402927428484,0.38972601760178804,16.728580987546593
662,13.018961502006277,16.730345028918236,0.020785024389624596,0.3985489602200687,0.4204759607091546,16.72923396108672
663,13.035692690988071,16.73118898179382,0.02399698132649064,0.35606499295681715,0.38123398553580046,16.699297004379332
664,13.05239366000751,16.70096901943907,0.024758977815508842,0.5153369856998324,0.5413799663074315,16.8424189905636
665,13.069245413003955,16.851752996444702,0.07013301365077496,0.6255839834921062,0.7022999925538898,16.72794495243579
666,13.085978143964894,16.73273096093908,0.07028097752481699,0.5361759685911238,0.6099939928390086,16.730938048567623
667,13.102711218991317,16.73307502642274,0.028959009796380997,0.33259298652410507,0.36296999314799905,16.688050993252546
668,13.119404035969637,16.69281697832048,0.05359901115298271,0.38321001920849085,0.4399720346555114,16.727561014704406
669,13.136135893000755,16.731857031118125,0.05511200288310647,0.38639799458906054,0.4450139822438359,16.69265900272876
670,13.15283527498832,16.699381987564266,0.025882967747747898,0.49107003724202514,0.5287490203045309,16.7329540126957
671,13.169572782993782,16.737508005462587,0.05033897468820214,0.5159580032341182,0.569854979403317,16.730964998714626
672,13.186305704992265,16.732921998482198,0.030052033253014088,0.38731296081095934,0.4188569728285074,16.728207003325224
673,13.203036536986474,16.73083199420944,0.02350995782762766,0.3772000200115144,0.4017979954369366,16.732488002162427
674,13.21977046597749,16.733928991016,0.021832995116710663,0.4995529889129102,0.5225479835644364,16.72861003316939
675,13.236501151986886,16.730686009395868,0.028381007723510265,0.40051102405413985,0.43033401016145945,16.732828982640058
676,13.253238045959733,16.73689397284761,0.061086961068212986,0.5868180305697024,0.650836038403213,16.729479015339166
677,13.269971690955572,16.733644995838404,0.051035021897405386,0.6477520219050348,0.7017830503173172,16.7268100194633
678,13.2867044719751,16.732781019527465,0.06944499909877777,0.5417499924078584,0.6157360039651394,16.684085014276206
679,13.303391179011669,16.686707036569715,0.027931993827223778,0.40710001485422254,0.43633399764075875,16.72975398832932
680,13.320123321958818,16.73214294714853,0.02473895438015461,0.404143997002393,0.43014000402763486,16.7286770301871
681,13.336854473978747,16.73115201992914,0.03415602259337902,0.4750139778479934,0.510933983605355,16.726166009902954
682,13.35358453297522,16.730058996472508,0.059018959291279316,0.3995590377599001,0.46154402662068605,16.73407101770863
683,13.370321922993753,16.737390018533915,0.05013297777622938,0.5011719767935574,0.5530609632842243,16.73040696186945
684,13.387054810009431,16.73288701567799,0.035537988878786564,0.5875150091014802,0.6248799618333578,16.722008993383497
685,13.403780927008484,16.726116999052465,0.04978396464139223,0.4229770274832845,0.4757859860546887,16.729106951970607
686,13.420512559998315,16.73163298983127,0.030168972443789244,0.38165401201695204,0.413483998272568,16.72971196239814
687,13.437245059001725,16.73249900341034,0.029170012567192316,0.3710410092025995,0.4018159816041589,16.732706979382783
688,13.453979666985106,16.734607983380556,0.026640016585588455,0.6040979642421007,0.6321999826468527,16.689141979441047
689,13.470672408002429,16.692741017322987,0.04723999882116914,0.37437397986650467,0.42423896957188845,16.720631974749267
690,13.487395817006472,16.723409004043788,0.03209098940715194,0.3319840179756284,0.3656499902717769,16.729320981539786
691,13.504128127009608,16.732310003135353,0.02986000617966056,0.3583109937608242,0.38950599264353514,16.72995899571106
692,13.520862107980065,16.733980970457196,0.04826404619961977,0.4836319712921977,0.5347669939510524,16.731525014620274
693,13.537597318994813,16.73521101474762,0.04731898661702871,0.5382440285757184,0.5881559918634593,16.74126397119835
694,13.554350207967218,16.752888972405344,0.06538000889122486,0.5374029860831797,0.6049340008758008,16.791197995189577
695,13.571146601985674,16.79639401845634,0.05736295133829117,0.6607210380025208,0.7215620134957135,16.73173502786085
696,13.587882169988006,16.735568002332002,0.04989001899957657,0.5354629829525948,0.5881949909962714,16.734034987166524
697,13.604621380975004,16.739210986997932,0.05444197449833155,0.549685035366565,0.607934023719281,16.82138000614941
698,13.621447904966772,16.826523991767317,0.05703995702788234,0.4847029922530055,0.5451749893836677,16.73055102583021
699,13.638180934009142,16.733029042370617,0.033768999855965376,0.39959297282621264,0.435301975812763,16.75330998841673
700,13.654936526960228,16.75559295108542,0.030677998438477516,0.6095069693401456,0.6418650154955685,16.727143025491387
701,13.671668430964928,16.731904004700482,0.06050104275345802,0.49425195902585983,0.5587610066868365,16.722175991162658
702,13.688393432996236,16.725002031307667,0.04461599746719003,0.5303240031935275,0.5769999697804451,16.730514995288104
703,13.70512634696206,16.73291396582499,0.03344001015648246,0.390244007576257,0.4254450323060155,16.729145019780844
704,13.721857637981884,16.731291019823402,0.03733800258487463,0.32078695949167013,0.3595189773477614,16.729604976717383
705,13.738591338973492,16.733700991608202,0.04840298788622022,0.3274999908171594,0.37872500251978636,16.734301985707134
706,13.755335884983651,16.744546010158956,0.10103004751726985,2.0240979501977563,2.132462977897376,16.729619004763663
707,13.772072730003856,16.736845020204782,0.07498299237340689,0.4967910354025662,0.5764850066043437,16.729962953832
708,13.788810464960989,16.73773495713249,0.08390902075916529,0.46926498180255294,0.5588540225289762,16.728941001929343
709,13.805546242976561,16.735778015572578,0.07962703239172697,0.6110949907451868,0.6968040252104402,16.79025200428441
710,13.822341650957242,16.795407980680466,0.06627599941566586,0.5317170289345086,0.6014050450176001,16.727438021916896
711,13.839073413982987,16.73176302574575,0.05021895049139857,0.48066204180940986,0.5337420152500272,16.72952197259292
712,13.855805764964316,16.732350981328636,0.034172029700130224,0.3900689771398902,0.4260410205461085,16.727328998968005
713,13.87253705196781,16.7312870034948,0.06497703725472093,0.5248219822533429,0.5933080101385713,16.73432602547109
714,13.889273036969826,16.735985002014786,0.025093031581491232,0.47732196981087327,0.5037770024500787,16.728241986129433
715,13.90600367699517,16.730640025343746,0.028995040338486433,0.3155699814669788,0.3458469873294234,16.72805700218305
716,13.922736867971253,16.73319097608328,0.06698502693325281,0.3972029662691057,0.4683959996327758,16.72922301804647
717,13.939468583965208,16.73171599395573,0.030233000870794058,0.36198500311002135,0.3937150468118489,16.72763703390956
718,13.956198518979363,16.729935014154762,0.02715998562052846,0.41735300328582525,0.4459850024431944,16.728724993299693
719,13.972929400973953,16.730881994590163,0.023330969270318747,0.5322900251485407,0.5569140193983912,16.72733499435708
720,13.989660661958624,16.73126098467037,0.05365401739254594,0.5666009965352714,0.6235570181161165,16.727973998058587
721,14.006390951981302,16.730290022678673,0.03378000110387802,0.5431880126707256,0.5787650006823242,16.725944995414466
722,14.023121232981794,16.73028100049123,0.07003202335909009,0.41497196070849895,0.48847898142412305,16.729186987504363
723,14.039854715985712,16.73348300391808,0.06651098374277353,0.47024700324982405,0.5403250106610358,16.745388973504305
724,14.056604613957461,16.749897971749306,0.02912897616624832,0.46891102101653814,0.49976404989138246,16.726473055314273
725,14.073335136985406,16.73052302794531,0.0657860073260963,0.3950870013795793,0.46470999950543046,16.70953701250255
726,14.090049080958124,16.71394397271797,0.05421898094937205,0.5236340221017599,0.5815080367028713,16.728067013900727
727,14.106785609968938,16.736529010813683,0.07272500079125166,0.512847036588937,0.5916710360907018,16.73045998904854
728,14.123519140994176,16.733531025238335,0.03550498513504863,0.500280992127955,0.5376649787649512,16.731803014408797
729,14.140256550977938,16.73740998376161,0.08301099296659231,0.5966429598629475,0.6841489812359214,16.7320899781771
730,14.156990638992283,16.734088014345616,0.027119996957480907,0.4892050055786967,0.5177810089662671,16.728340997360647
731,14.17372148000868,16.73084101639688,0.028537004254758358,0.5054440116509795,0.5354199674911797,16.764783998951316
732,14.190488362975884,16.766882967203856,0.028007954824715853,0.3843620070256293,0.41382398921996355,16.72923401929438
733,14.207220065000001,16.731702024117112,0.0283470144495368,0.48384303227066994,0.5137730040587485,16.731466981582344
734,14.223956333007663,16.736268007662147,0.057451019529253244,0.48516097012907267,0.5464959540404379,16.728819988202304
735,14.240687954006717,16.73162099905312,0.0307380105368793,0.44132303446531296,0.4736889968626201,16.703283006791025
736,14.257398660003673,16.710705996956676,0.10994303738698363,0.4495750181376934,0.5651100073009729,16.72863698331639
737,14.274133655009791,16.73499500611797,0.07106695557013154,0.5163380410522223,0.5920979892835021,16.72943396260962
738,14.290867331961636,16.733676951844245,0.05275104194879532,0.3703779657371342,0.426342012360692,16.72850304748863
739,14.307601773994975,16.734442033339292,0.06776500958949327,0.5173730314709246,0.5892780027352273,16.729541996028274
740,14.324335051001981,16.73327700700611,0.04823401104658842,0.5584469763562083,0.6094359559938312,16.728726972360164
741,14.341066716006026,16.73166500404477,0.037428049836307764,0.5553549854084849,0.5948109901510179,16.726583999115974
742,14.357798237993848,16.731521987821907,0.06423197919502854,0.5394699983298779,0.6073489785194397,16.728993970900774
743,14.374529528955463,16.73129096161574,0.028470996767282486,0.3946240176446736,0.42458303505554795,16.72900200355798
744,14.391262446995825,16.732918040361255,0.05104497540742159,0.6776740192435682,0.7314480026252568,16.73025800846517
745,14.407995541987475,16.733094991650432,0.02823304384946823,0.5488309543579817,0.5785009707324207,16.72974700341001
746,14.424727974983398,16.732432995922863,0.033393967896699905,0.38282800232991576,0.41793897980824113,16.72919502016157
747,14.441459933994338,16.731959010940045,0.03810197813436389,0.5293420399539173,0.5693240091204643,16.734961012843996
748,14.458196889958344,16.736955964006484,0.030471011996269226,0.4976560012437403,0.5297530442476273,16.729027032852173
749,14.474928623007145,16.73173304880038,0.04051497671753168,1.128962030634284,1.1711139813996851,16.846302954945713
750,14.49177642900031,16.84780599316582,0.02730404958128929,0.4037519684061408,0.4323659813962877,16.9814009568654
751,14.508759919961449,16.98349096113816,0.02804602263495326,1.0364470072090626,1.0660220286808908,16.722738044336438
752,14.52548485295847,16.724932997021824,0.036932993680238724,1.2054090038873255,1.244264014530927,16.81141904555261
753,14.54230687499512,16.822022036649287,0.07226999150589108,0.5137469852343202,0.5936709931120276,16.80272800149396
754,14.559120883990545,16.814008995424956,0.07126503624022007,0.6446679471991956,0.7239289698190987,16.814898001030087
755,14.575947069970425,16.826185979880393,0.06969401147216558,0.6209259736351669,0.6985579966567457,16.838248004205525
756,14.592796171957161,16.84910198673606,0.06207800470292568,0.6924559711478651,0.7620790274813771,16.80770399980247
757,14.60961306100944,16.816889052279294,0.0692770117893815,0.46127301175147295,0.536940002348274,16.863535973243415
758,14.626487837987952,16.874776978511363,0.071476970333606,0.45250600669533014,0.5319369956851006,16.809498018119484
759,14.643308597966097,16.82075997814536,0.09226403199136257,0.7310979999601841,0.8313680300489068,16.870822000782937
760,14.660181796993129,16.87319902703166,0.03737700171768665,1.036951958667487,1.076596963685006,16.725001973100007
761,14.676909147005063,16.727350011933595,0.031382020097225904,0.7103169918991625,0.743415963370353,16.723971988540143
762,14.693635825999081,16.726678994018584,0.03970199031755328,1.229138986673206,1.271165965590626,16.725432011298835
763,14.710365002974868,16.729176975786686,0.03298500087112188,0.8470239699818194,0.8817400084808469,17.058744037058204
764,14.727426349010784,17.06134603591636,0.039303035009652376,0.8816879708319902,0.9231639560312033,16.72478998079896
765,14.744153176958207,16.726827947422862,0.0270240125246346,1.2895999825559556,1.317985006608069,16.72474603401497
766,14.76088014896959,16.726972011383623,0.03159098559990525,0.575869984459132,0.6090470124036074,17.81696599209681
767,14.778699312999379,17.819164029788226,0.030845054425299168,0.6793039501644671,0.711920962203294,16.6841649916023
768,14.795385307981633,16.68599498225376,0.02841599052771926,1.2516799615696073,1.2813939829356968,16.819071024656296
769,14.81221630598884,16.83099800720811,0.09255699114874005,0.7302039884962142,0.8315439918078482,16.770133981481194
770,14.828991220972966,16.774914984125644,0.05182303721085191,0.721452001016587,0.7763900212012231,16.733002034015954
771,14.845728810993023,16.737590020056814,0.04949100548401475,0.4296150291338563,0.4821930197067559,16.800575016532093
772,14.86253876995761,16.809958964586258,0.0811619684100151,0.4824770148843527,0.5702120251953602,16.81902405107394
773,14.879368702007923,16.8299320503138,0.07759901927784085,0.5496109952218831,0.6347789894789457,16.840839001815766
774,14.896214819978923,16.84611797099933,0.05422800313681364,0.6012539961375296,0.6588789983652532,16.803795006126165
775,14.91302886797348,16.814047994557768,0.0787579920142889,0.5395800108090043,0.6250659935176373,16.835812013596296
776,14.929875647008885,16.846779035404325,0.08046498987823725,0.7165020215325058,0.8044129936024547,16.81106397882104
777,14.946697529987432,16.821882978547364,0.07926701800897717,0.49562298227101564,0.5824759718962014,16.819674987345934
778,14.963528084976133,16.830554988700897,0.07324799662455916,0.5271119880490005,0.6079250015318394,16.825045982841402
779,14.980362264963333,16.834179987199605,0.0640900107100606,1.285856997128576,1.3564890250563622,17.00102904578671
780,14.997367642004974,17.005377041641623,0.05897099617868662,0.6689439760521054,0.7309739594347775,16.804470971692353
781,15.01418137201108,16.813730006106198,0.09154999861493707,0.4432779969647527,0.5416149506345391,16.736174002289772
782,15.03092208498856,16.740712977480143,0.04921300569549203,0.32995501533150673,0.3822389990091324,16.72409597085789
783,15.04765058500925,16.728500020690262,0.04854897269979119,0.572625023778528,0.6241599912755191,16.82895899284631
784,15.064490791002754,16.840205993503332,0.07612199988216162,0.6522659678012133,0.736315967515111,16.730456962250173
785,15.081225681002252,16.734889999497682,0.04888401599600911,0.4837919841520488,0.5357489571906626,16.74282195745036
786,15.097972960968036,16.7472799657844,0.04855898441746831,0.5538720288313925,0.6054770201444626,16.730653995182365
787,15.114708966983017,16.736006014980376,0.051825016271322966,0.9200740023516119,0.9752350160852075,16.776822973042727
788,15.131495093984995,16.786127001978457,0.0887360074557364,0.48885896103456616,0.5841979873366654,16.803386970423162
789,15.148303031979594,16.807937994599342,0.050798989832401276,1.3415460125543177,1.3954250025562942,16.722464002668858
790,15.165027790004387,16.72475802479312,0.03589096013456583,0.7643200224265456,0.8020849782042205,16.72818697988987
791,15.18175995600177,16.732165997382253,0.05889899330213666,1.3975509791634977,1.459713967051357,16.7293359991163
792,15.19849570596125,16.735749959480017,0.09958900045603514,0.732209999114275,0.8380630169995129,16.72668702667579
793,15.215228388959076,16.732682997826487,0.10329700307920575,0.5213369731791317,0.6300630047917366,16.727397043723613
794,15.23196183599066,16.733447031583637,0.10214600479230285,0.4222730058245361,0.5295730079524219,16.729148977901787
795,15.248698070994578,16.73623500391841,0.06459600990638137,0.3327910089865327,0.40178600465878844,16.68599498225376
796,15.265386331011541,16.688260016962886,0.031154020689427853,0.45465596485883,0.48709195107221603,16.726092959288508
797,15.282118006958626,16.731675947085023,0.06023194873705506,0.2817720524035394,0.3458740538917482,16.721364052500576
798,15.29884124797536,16.72324101673439,0.02762401709333062,0.30258402694016695,0.33148302463814616,16.722658998332918
799,15.315566222008783,16.724974033422768,0.03130995901301503,0.3375860396772623,0.3702469985000789,16.730093979276717
800,15.332301088958047,16.73486694926396,0.05620199954137206,0.6836419925093651,0.7437280146405101,16.747036017477512
801,15.349058800959028,16.757712000980973,0.08750497363507748,0.5251729744486511,0.6209959974512458,16.752092051319778
802,15.365820026956499,16.76122599747032,0.05964399315416813,0.4911039723083377,0.5571040092036128,16.814084025099874
803,15.382644922996406,16.82489603990689,0.07907598046585917,0.5028400337323546,0.5895950016565621,16.75485196756199
804,15.399409067991655,16.764144995249808,0.059470010455697775,0.5533340154215693,0.6192870205268264,16.80176897207275
805,15.416220209968742,16.811141977086663,0.06499903975054622,0.6738519878126681,0.7454110309481621,16.802730038762093
806,15.433032284956425,16.812074987683445,0.06675702752545476,0.5638139555230737,0.6371240015141666,16.85111504048109
807,15.449894136982039,16.86185202561319,0.06869196658954024,0.4965200205333531,0.5728090181946754,16.860552015714347
808,15.466763856995385,16.869720013346523,0.10730000212788582,0.7545060361735523,0.8681630133651197,16.804863000288606
809,15.483577851962764,16.813994967378676,0.06405002204701304,0.5969050107523799,0.6675820332020521,16.857604030519724
810,15.500446269987151,16.86841802438721,0.06075698183849454,0.6576600135304034,0.7260459824465215,16.73727500019595
811,15.517188964993693,16.742695006541908,0.055766955483704805,0.3294289926998317,0.3884079633280635,16.803735983558
812,15.534001960011665,16.812995017971843,0.06602099165320396,0.47842797357589006,0.5509719485417008,16.813790949527174
813,15.550824923964683,16.82296395301819,0.08936197264119983,0.37552102003246546,0.47146802535280585,16.812663001473993
814,15.567648398980964,16.82347501628101,0.07237901445478201,0.5208959919400513,0.60090800980106,16.725879977457225
815,15.584387426963076,16.73902798211202,0.048130983486771584,0.3277190262451768,0.37880404852330685,17.12610200047493
816,15.601520774012897,17.133347049821168,0.08640601299703121,0.705349026247859,0.7964789983816445,16.84681896585971
817,15.618373151984997,16.85237797209993,0.04506699042394757,0.44077198253944516,0.4893449950031936,16.72256097663194
818,15.635098050988745,16.72489900374785,0.02993101952597499,4.24464198295027,4.276380990631878,16.72343601239845
819,15.65182350401301,16.725453024264425,0.02670404501259327,1.4120069681666791,1.440088963136077,17.492624989245087
820,15.669318206957541,17.494702944532037,0.03208400448784232,1.0471140267327428,1.0807710350491107,16.723644046578556
821,15.686043889960274,16.725683002732694,0.02858304651454091,3.5283369943499565,3.558427037205547,17.353971023112535
822,15.703403285995591,17.35939603531733,0.07395597640424967,0.878716993611306,0.9569709654897451,16.84874400962144
823,15.720263188006356,16.859902010764927,0.07300201104953885,0.6667879642918706,0.7479859632439911,16.804281971417367
824,15.737078270991333,16.81508298497647,0.08491199696436524,0.48218300798907876,0.5747849936597049,16.740209015551955
825,15.75382305396488,16.744782973546535,0.05012302426621318,0.5266040097922087,0.5798620404675603,16.82243699906394
826,15.770656443957705,16.833389992825687,0.07109501166269183,0.6478249561041594,0.7265050080604851,21.48038404993713
827,15.7921394869918,21.483043034095317,0.043737003579735756,1.2826919555664062,1.3287959736771882,16.725294990465045
828,15.808866492006928,16.72700501512736,0.026146997697651386,0.677023024763912,0.7045069942250848,16.724249988328665
829,15.825592643988784,16.726151981856674,0.029863964300602674,2.449435996823013,2.480693976394832,16.723381995689124
830,15.842317649978213,16.72500598942861,0.024409033358097076,0.7090159924700856,0.7346770144067705,16.72091899672523
831,15.859040214971174,16.722564992960542,0.02448802115395665,1.137966988608241,1.1636150302365422,16.722741012927145
832,15.875765290984418,16.72507601324469,0.03370596095919609,1.4722270425409079,1.507772016339004,16.72460202826187
833,15.892491797974799,16.726506990380585,0.024600012693554163,2.8634349582716823,2.889334980864078,16.725230030715466
834,15.909219565975945,16.727768001146615,0.028728041797876358,2.2872689878568053,2.3174830130301416,16.72563998727128
835,15.925946938979905,16.727373003959656,0.025994027964770794,0.4496669862419367,0.47689699567854404,17.53753999946639
836,15.943493883009069,17.54694402916357,0.0819489941932261,0.28052995912730694,0.369389948900789,16.792027978226542
837,15.960295075958129,16.80119294906035,0.09267998393625021,0.5175829865038395,0.6166460225358605,16.807178035378456
838,15.977117755974177,16.822680016048253,0.03170303534716368,1.4507949817925692,1.4844120014458895,16.722230007871985
839,15.993841579009313,16.723823035135865,0.02422899706289172,0.5410040030255914,0.5664989585056901,16.722970991395414
840,16.010566097975243,16.724518965929747,0.022400985471904278,1.166104048024863,1.1896560317836702,16.725348017644137
841,16.027293009974528,16.72691199928522,0.023498025257140398,0.47790800454095006,0.502753013279289,16.723859997000545
842,16.044018445012625,16.725435038097203,0.022711989004164934,0.8197560091502964,0.8437529904767871,16.721646999940276
843,16.06074175797403,16.72331296140328,0.02274097641929984,1.1640359880402684,1.187886984553188,16.722435015253723
844,16.077465793990996,16.724036016967148,0.024383014533668756,2.703315985854715,2.7290129801258445,17.081234022043645
845,16.094552390975878,17.086596984881908,0.059070996940135956,0.6816500099375844,0.7443110225722194,16.84433699119836
846,16.111402848968282,16.8504579924047,0.060721009504050016,0.6494199624285102,0.7134969928301871,16.870152030605823
847,16.128277926996816,16.875078028533608,0.05629396764561534,0.6831460050307214,0.7425259682349861,16.819574986584485
848,16.145102338981815,16.824411984998733,0.055285985581576824,0.6859980057924986,0.7443630020134151,16.833142028190196
849,16.161940355959814,16.83801697799936,0.05622301250696182,0.6450689979828894,0.7043590303510427,16.827771032694727
850,16.178772908984683,16.832553024869412,0.05552096990868449,0.6016039988026023,0.6601979839615524,16.733526019379497
851,16.195511231955606,16.738322970923036,0.05539704579859972,0.593659991864115,0.6521860486827791,16.81260601617396
852,16.2123287479626,16.817516006994992,0.06098998710513115,0.5962029681541026,0.6601909990422428,16.842929006088525
853,16.22917662700638,16.847879043780267,0.05551998037844896,0.7146790158003569,0.7732689846307039,16.820098971948028
854,16.246001510007773,16.824883001390845,0.055619049817323685,0.6535439752042294,0.7122529787011445,16.733434982597828
855,16.262739889963996,16.73837995622307,0.05688995588570833,2.364583022426814,2.42474302649498,16.769539040978998
856,16.279514443012886,16.774553048890084,0.055427022743970156,0.8616619743406773,0.9202769724652171,16.822082980070263
857,16.296341441979166,16.82699896628037,0.0616579782217741,1.4216629788279533,1.4863479882478714,16.740560007747263
858,16.31308699597139,16.745553992222995,0.05239900201559067,0.49368402687832713,0.5493290373124182,17.656887997873127
859,16.33074660098646,17.659605015069246,0.042279018089175224,0.3527859807945788,0.3975519794039428,16.722214000765234
860,16.347471021988895,16.72442100243643,0.03229704452678561,0.32328098313882947,0.3572209971025586,16.724265995435417
861,16.364197643997613,16.72662200871855,0.030753028113394976,0.5128429620526731,0.545153976418078,16.724641958717257
862,16.38092417398002,16.726529982406646,0.02842000685632229,0.37549296393990517,0.4053619923070073,16.723622975405306
863,16.39764959696913,16.725422989111394,0.028225011192262173,0.49905700143426657,0.5287360399961472,16.73350000055507
864,16.41438778495649,16.738187987357378,0.07220602128654718,0.38612697971984744,0.46245602425187826,16.723970999009907
865,16.431113586993888,16.725802037399262,0.03046402707695961,0.5126139731146395,0.5446029826998711,16.721625986974686
866,16.447836980980355,16.723393986467272,0.028076989110559225,0.4906220128759742,0.5200289888307452,17.596506979316473
867,16.46543521498097,17.598234000615776,0.032329000532627106,0.4225099692121148,0.4563559778034687,16.722267027944326
868,16.48215967498254,16.72446000156924,0.041364983189851046,0.3345760051161051,0.37890701787546277,16.72818697988987
869,16.49889271700522,16.733042022679,0.08535000961273909,0.3918639849871397,0.48126798355951905,16.728022950701416
870,16.515626275970135,16.733558964915574,0.08436100324615836,0.35620201379060745,0.444576027803123,16.750822018366307
871,16.53238067397615,16.754398006014526,0.03179104533046484,0.38730999222025275,0.42068102629855275,16.72229199903086
872,16.549104843987152,16.72417001100257,0.029026996344327927,0.43832900701090693,0.46884501352906227,16.724412969779223
873,16.565831504995003,16.726661007851362,0.03417499829083681,0.40602899389341474,0.4417129675857723,16.721801017411053
874,16.582555192988366,16.723687993362546,0.03819802077487111,0.42593199759721756,0.4654320073314011,16.72265399247408
875,16.599280203983653,16.725010995287448,0.03650400321930647,0.41837600292637944,0.45678397873416543,16.72904402948916
876,16.61601104895817,16.730844974517822,0.028825015760958195,0.45052001951262355,0.4813290433958173,16.727324051316828
877,16.632743245980237,16.73219702206552,0.06294494960457087,0.432098051533103,0.49902102909982204,16.728588030673563
878,16.649496743979398,16.753497999161482,0.06983702769502997,0.3658949863165617,0.4405910149216652,16.729431983549148
879,16.66622793499846,16.731191019061953,0.02887798473238945,0.3845629980787635,0.41511497693136334,16.72680099727586
880,16.68295665696496,16.728721966501325,0.029612972866743803,0.38191600469872355,0.4129050066694617,16.722100030165166
881,16.699680516961962,16.723859997000545,0.02981501165777445,0.37257897201925516,0.40370802162215114,16.705817019101232
882,16.71639153797878,16.71102101681754,0.061282014939934015,0.3816969692707062,0.4468580009415746,16.726994013879448
883,16.733120927994605,16.72939001582563,0.031547038815915585,0.5361689836718142,0.5691080004908144,16.722969012334943
884,16.749845978978556,16.725050983950496,0.0312959891743958,0.36928599001839757,0.4020580090582371,16.72842400148511
885,16.76657916395925,16.733184980694205,0.06661302177235484,0.4606879665516317,0.53122901590541,16.729561029933393
886,16.783313911990263,16.734748031012714,0.06243900861591101,0.38595101796090603,0.45285100350156426,16.729893977753818
887,16.800045656971633,16.731744981370866,0.02982997102662921,0.6186059908941388,0.6498449947685003,16.724643006455153
888,16.81677234097151,16.726683999877423,0.031707051675766706,0.5862249527126551,0.6193619919940829,16.729519004002213
889,16.833508040988818,16.735700017306954,0.07610500324517488,0.4947540001012385,0.5758879706263542,16.72809198498726
890,16.85024258098565,16.73453999683261,0.090084969997406,0.3284330014139414,0.4236929817125201,16.730735020246357
891,16.866979044978507,16.736463992856443,0.0718749943189323,0.576996011659503,0.6532020051963627,16.73683902481571
892,16.883718097989913,16.739053011406213,0.03317400114610791,0.4467280232347548,0.4814090207219124,16.729098977521062
893,16.9004493309767,16.73123298678547,0.031914038117975,0.5454869824461639,0.5790470167994499,16.72926201717928
894,16.917184768011793,16.735437035094947,0.0603250227868557,0.5361909861676395,0.6006129551678896,16.730653995182365
895,16.93392005196074,16.735283948946744,0.06345001747831702,0.606852991040796,0.6741600227542222,16.727413050830364
896,16.950662661984097,16.742610023356974,0.05685701034963131,2.5090290000662208,2.5694689829833806,16.719439008738846
897,16.96738412498962,16.72146300552413,0.03195001045241952,0.7202289998531342,0.7538439822383225,16.722898988518864
898,16.984109580982476,16.72545599285513,0.04384602652862668,0.9335500071756542,0.9798100218176842,16.725297027733177
899,17.00083688698942,16.727306006941944,0.029637012630701065,1.2387179885990918,1.269978005439043,16.722197993658483
900,17.01756078598555,16.723898996133357,0.026660040020942688,0.5723339854739606,0.6003809976391494,16.72348700230941
901,17.034286035981495,16.72524999594316,0.02853601472452283,1.4063449925743043,1.4363449881784618,16.724460991099477
902,17.051013166958,16.727130976505578,0.042166037019342184,1.3118559727445245,1.3564120163209736,16.721357009373605
903,17.067736617987975,16.723451029974967,0.03480399027466774,1.0268460027873516,1.0635450016707182,16.723344975616783
904,17.084461886959616,16.725268971640617,0.029263028409332037,0.47642894787713885,0.5071909981779754,18.908561032731086
905,17.103372793004382,18.910906044766307,0.03247696440666914,0.6651590229012072,0.6990529946051538,16.73250796739012
906,17.12010713998461,16.73434698022902,0.02896005753427744,0.44007296673953533,0.4705479950644076,18.52357597090304
907,17.13863981497707,18.532674992457032,0.07053295848891139,0.3556360024958849,0.4326369962655008,16.745314991567284
908,17.155394367000554,16.754552023485303,0.09146396769210696,0.5462199915200472,0.6441209698095918,16.734236967749894
909,17.172133290965576,16.738923965021968,0.05096301902085543,0.5202179891057312,0.5742600187659264,16.81018399540335
910,17.18895442300709,16.82113204151392,0.08787901606410742,0.44244597665965557,0.5379569483920932,16.831889981403947
911,17.205795474990737,16.84105198364705,0.09587703971192241,0.7377750007435679,0.8400760125368834,16.73333701910451
912,17.222533477004617,16.73800201388076,0.050155038479715586,0.5884359707124531,0.6417139666154981,16.808982996735722
913,17.23935372097185,16.820243967231363,0.07655896479263902,0.5293440190143883,0.6138230091892183,17.61780702508986
914,17.256974514981266,17.620794009417295,0.0545420334674418,1.490195980295539,1.5473859966732562,16.734439006540924
915,17.273711982998066,16.73746801679954,0.04789099330082536,0.451191037427634,0.5013190093450248,16.690193966496736
916,17.29040832800092,16.696345002856106,0.027932983357459307,0.6388630135916173,0.6684429827146232,16.73140499042347
917,17.307144661957864,16.736333956941962,0.05587399937212467,0.4499009810388088,0.5090860067866743,16.72784105176106
918,17.323876402981114,16.731741023249924,0.058867037296295166,0.29433099552989006,0.356057018507272,16.729906026739627
919,17.340610029001255,16.733626020140946,0.0543000060133636,0.43756701052188873,0.4947319976054132,16.734637960325927
920,17.357348200981505,16.738171980250627,0.0713589834049344,1.16195302689448,1.2359190150164068,16.721509979106486
921,17.374073560989928,16.725360008422285,0.047953042667359114,1.4804480015300214,1.5319790109060705,16.82455197442323
922,17.39090754900826,16.833988018333912,0.06143498467281461,0.48551999498158693,0.5536729586310685,16.85777900274843
923,17.40777618897846,16.868639970198274,0.08651800453662872,0.6720009841956198,0.7661799900233746,16.742211009841412
924,17.42452316498384,16.74697600537911,0.05093700019642711,0.6929949740879238,0.7472650031559169,16.845597012434155
925,17.44138210400706,16.858939023222774,0.07929594721645117,0.5043950513936579,0.5902400007471442,16.739752958528697
926,17.45813113701297,16.74903300590813,0.0876040430739522,0.4377449513413012,0.5318359471857548,16.732457967009395
927,17.47486812400166,16.73698698868975,0.049820984713733196,0.372416980098933,0.4253059742040932,16.739816986955702
928,17.49161256797379,16.744443972129375,0.04970701411366463,0.6995309959165752,0.7523450185544789,16.74696203554049
929,17.50836947496282,16.75690698903054,0.07496000034734607,0.41426700772717595,0.49594102893024683,16.75125799374655
930,17.525129920977633,16.76044601481408,0.08440203964710236,0.523825001437217,0.6146560190245509,16.83295698603615
931,17.5419721090002,16.842188022565097,0.05973700899630785,0.5992160295136273,0.6654839962720871,16.740444989409298
932,17.55872182600433,16.749717004131526,0.0735139474272728,0.5332300206646323,0.6132869748398662,16.802550991997123
933,17.575533567985985,16.81174198165536,0.06638601189479232,0.6669639842584729,0.739872979465872,16.839250980410725
934,17.59238984499825,16.85627701226622,0.06378605030477047,0.4800669848918915,0.5515289958566427,16.78893296048045
935,17.609187886002474,16.798041004221886,0.06500602466985583,0.5133089725859463,0.5848069558851421,16.811968991532922
936,17.626010559964925,16.822673962451518,0.07353798719123006,0.6899050204083323,0.7711570360697806,16.82817400433123
937,17.642847866984084,16.837307019159198,0.055607990361750126,0.5351980216801167,0.5971150239929557,16.82475197594613
938,17.659681778983213,16.83391199912876,0.06577500607818365,0.6495530251413584,0.7219010149128735,17.969976004678756
939,17.677656776970252,17.974997987039387,0.05401298403739929,0.48429099842906,0.5416540079750121,16.88373601064086
940,17.694551249966025,16.894472995772958,0.09478296851739287,0.5509349866770208,0.6533979903906584,16.83583704289049
941,17.71139824599959,16.84699603356421,0.07909996202215552,0.3726720460690558,0.45988900819793344,16.826819977723062
942,17.72823410097044,16.83585497085005,0.07401796756312251,0.480070011690259,0.5605390178970993,16.783277038484812
943,17.745022304996382,16.788204025942832,0.05046295700594783,0.6071640527807176,0.6608680123463273,16.733138996642083
944,17.761760040011723,16.73773501534015,0.04941702354699373,0.6792380008846521,0.7316289702430367,16.733188997022808
945,17.778497574967332,16.73753495560959,0.04895898746326566,0.5086149903945625,0.5605780170299113,16.78771001752466
946,17.795290081994608,16.79250702727586,0.0544340000487864,0.6570870173163712,0.7148290169425309,16.802393016405404
947,17.812103689997457,16.813608002848923,0.08893199265003204,0.6432220106944442,0.7402159972116351,16.807637992314994
948,17.828920395986643,16.81670598918572,0.06343901623040438,0.7681489805690944,0.838105974253267,16.818229982163757
949,17.845749419007916,16.829023021273315,0.07361400639638305,0.6704439874738455,0.7515889592468739,16.797157004475594
950,17.862555527011864,16.806108003947884,0.06300699897110462,0.6798789836466312,0.749280967283994,16.843276971485466
951,17.879409563960508,16.854036948643625,0.07685198215767741,0.49923203187063336,0.5837250500917435,16.788131033536047
952,17.896202812960837,16.793249000329524,0.05452596815302968,0.8075539954006672,0.8653720142319798,16.80842402856797
953,17.91302265797276,16.819845011923462,0.06805197335779667,0.547141011338681,0.622730003669858,16.80958503857255
954,17.929841623001266,16.818965028505772,0.06870098877698183,0.596387020777911,0.6716269999742508,16.840583994053304
955,17.946691407996695,16.849784995429218,0.06469897925853729,0.5705819930881262,0.6417919648811221,16.84474101057276
956,17.963545315957163,16.85390796046704,0.06808101898059249,0.6233530002646148,0.697838026098907,16.805393039248884
957,17.980361584981438,16.816269024275243,0.07503700908273458,0.47268898924812675,0.5553470109589398,16.81633200496435
958,17.997187233006116,16.82564802467823,0.05835597403347492,0.5867860163562,0.6516019930131733,16.734400007408112
959,18.01392603496788,16.738801961764693,0.04806701326742768,0.6366029847413301,0.6876169936731458,16.80719800060615
960,18.03074251196813,16.816477000247687,0.07265998283401132,0.7286879699677229,0.8078539976850152,16.71938702929765
961,18.047466664982494,16.724153014365584,0.0533499987795949,0.5553909577429295,0.6119129830040038,16.72570500522852
962,18.064196906983852,16.73024200135842,0.04969898145645857,0.7122840033844113,0.7650739862583578,16.73329301411286
963,18.080934858007822,16.7379510239698,0.04981202073395252,2.3365409579128027,2.3894799523986876,16.729764989577234
964,18.097669226001017,16.73436799319461,0.04949001595377922,0.6829909980297089,0.7354900008067489,16.836494964081794
965,18.11451774497982,16.84851897880435,0.08037604857236147,0.5809759604744613,0.6693099858239293,16.830482985824347
966,18.131359585968312,16.84184098849073,0.0753469648770988,0.5035190260969102,0.586829031817615,16.802275029476732
967,18.148171150998678,16.811565030366182,0.06847595795989037,0.6331300246529281,0.7081099902279675,16.72827999573201
968,18.164904086967,16.732935968320817,0.04974502371624112,0.7677899557165802,0.8206740021705627,16.80667302571237
969,18.181719812972005,16.81572600500658,0.06747298175469041,0.6902370369061828,0.7642310229130089,16.740265011321753
970,18.198470725968946,16.750912996940315,0.07817003643140197,0.5359529750421643,0.6217350019142032,16.84235699940473
971,18.21532387996558,16.85315399663523,0.08470501052215695,0.48385601257905364,0.576211023144424,16.724995046388358
972,18.232053585990798,16.72970602521673,0.07202901178970933,2.944622014183551,3.021162992808968,16.72624598722905
973,18.248787169985007,16.733583994209766,0.08414295734837651,2.2182160173542798,2.3072549956850708,16.729302995372564
974,18.265522280998994,16.73511101398617,0.08890096796676517,0.6883840542286634,0.7821840117685497,16.724202956538647
975,18.282250066986308,16.727785987313837,0.03863597521558404,1.7451950116083026,1.7864499823190272,16.73392002703622
976,18.29899334401125,16.74327702494338,0.08364900713786483,0.5956210079602897,0.6874339887872338,16.73144497908652
977,18.31573158100946,16.738236998207867,0.07961003575474024,0.26995199732482433,0.3542469930835068,16.722264990676194
978,18.33245603000978,16.72444900032133,0.03150297561660409,0.4087240085937083,0.44160097604617476,16.727929993066937
979,18.349189220985863,16.73319097608328,0.08444004924967885,0.5620039883069694,0.6507440120913088,16.727713984437287
980,18.36592291900888,16.733698023017496,0.08506502490490675,0.7103090174496174,0.8002319955267012,16.727347974665463
981,18.382655613997485,16.732694988604635,0.0838680425658822,0.5718669854104519,0.6605300004594028,16.73088996903971
982,18.39939166395925,16.736049961764365,0.08230801904574037,0.369502988178283,0.4571840399876237,16.726705012843013
983,18.416123865987174,16.73220202792436,0.06538501475006342,0.5407779826782644,0.6109109963290393,16.72716496977955
984,18.432856895960867,16.733029973693192,0.07306999759748578,0.5314760492183268,0.6104890489950776,16.728766029700637
985,18.449590798991267,16.733903030399233,0.07833103882148862,0.47061999794095755,0.5532510112971067,16.724410001188517
986,18.466316932986956,16.72613399568945,0.030807044822722673,0.5010059685446322,0.533127982635051,16.722718020901084
987,18.483041881001554,16.72494801459834,0.04018994513899088,0.35176204983145,0.39464200381189585,16.737870988436043
988,18.499783988983836,16.742107982281595,0.08223799522966146,0.3502430045045912,0.4363959887996316,16.72248897375539
989,18.516508567961864,16.72457897802815,0.03214605385437608,0.5543599836528301,0.5880410317331553,16.72679604962468
990,18.533237022988033,16.728455026168376,0.027014990337193012,0.5117499968037009,0.5400049849413335,16.721617022994906
991,18.549960219010245,16.723196022212505,0.0266449642367661,0.5932950298301876,0.6211749860085547,16.731210984289646
992,18.56669577100547,16.73555199522525,0.05629297811537981,0.6009889766573906,0.6611509597860277,16.695731959771365
993,18.583395847002976,16.700075997505337,0.08249201346188784,0.4355190321803093,0.5218840087763965,16.723856970202178
994,18.600121236988343,16.725389985367656,0.026811030693352222,0.4146489663980901,0.4426129744388163,16.722377971746027
995,18.616845036973245,16.723799984902143,0.029126007575541735,0.4256020183674991,0.45600702287629247,16.72596001299098
996,18.633572680002544,16.727643029298633,0.02736598253250122,0.536528998054564,0.5652529653161764,16.72347798012197
997,18.650297664979007,16.72498497646302,0.02745998790487647,0.4818110028281808,0.510632002260536,16.721508000046015
998,18.667020822002087,16.723157023079693,0.029443006496876478,0.6752969929948449,0.7060559582896531,16.72109600622207
999,18.683743400964886,16.72257896279916,0.02730602864176035,0.5154759855940938,0.5442160181701183,16.721088031772524
1000,18.700466084002983,16.722683038096875,0.027091009542346,0.593766977544874,0.6225049728527665,16.723520995583385
1001,18.717191781965084,16.72569796210155,0.03436399856582284,0.4358549485914409,0.4719379940070212,16.72128599602729
1002,18.733914754993748,16.722973028663546,0.028593000024557114,0.5782560328952968,0.6082920008338988,16.721296997275203
1003,18.750637707009446,16.722952015697956,0.028082984499633312,0.5326580139808357,0.5621169693768024,16.72340795630589
1004,18.76736295700539,16.72524999594316,0.031873001717031,0.46845199540257454,0.501815986353904,16.72054798109457
1005,18.784085123974364,16.722166968975216,0.028134032618254423,0.429621955845505,0.45925198355689645,16.720711020752788
1006,18.800807861960493,16.722737986128777,0.031289004255086184,0.674963986966759,0.7076230249367654,16.722291009500623
1007,18.817531962005887,16.724100045394152,0.029560003895312548,0.5304370424710214,0.5614359979517758,16.677873965818435
1008,18.834211520967074,16.679558961186558,0.03323302371427417,0.657299009617418,0.6917780265212059,16.728283022530377
1009,18.850944545993116,16.733025026042014,0.08547003380954266,0.5657770088873804,0.6552920094691217,16.7256579734385
1010,18.867672018997837,16.727473004721105,0.03018300049006939,0.3912009997293353,0.42275601299479604,16.715664009097964
1011,18.884392810985446,16.720791987609118,0.06533897249028087,0.45515800593420863,0.5246829823590815,16.725573979783803
1012,18.90112000296358,16.727191978134215,0.028215989004820585,0.4406679654493928,0.4702869919128716,16.721071035135537
1013,18.917843228962738,16.723225999157876,0.03182899672538042,0.4528940189629793,0.48637803411111236,16.72113500535488
1014,18.93456615298055,16.722924017813057,0.028003996703773737,0.397755007725209,0.4272049991413951,16.721591993700713
1015,18.951289391960017,16.72323897946626,0.028921000193804502,0.5153330275788903,0.5456030485220253,18.921536044217646
1016,18.970213846012484,18.9244540524669,0.058171048294752836,1.123647962231189,1.1850649607367814,16.720843967050314
1017,18.986936516012065,16.72266999958083,0.026968016754835844,0.5964270094409585,0.624856969807297,16.722995962481946
1018,19.00366126699373,16.724750981666148,0.031007046345621347,0.5728709511458874,0.6053429679013789,16.71811897540465
1019,19.020381065958645,16.719798964913934,0.025675981305539608,0.8410270093008876,0.868150033056736,16.725171997677535
1020,19.037107892974745,16.726827016100287,0.02483598655089736,1.0597159853205085,1.08573300531134,16.719923994969577
1021,19.053829443990253,16.72155101550743,0.02585398033261299,0.8457620278932154,0.8728840039111674,16.722881991881877
1022,19.07055391697213,16.724472981877625,0.03184797242283821,0.4113260074518621,0.44438999611884356,16.720638028346002
1023,19.087276035977993,16.722119005862623,0.02602499444037676,0.6358980317600071,0.6630730349570513,16.75237499875948
1024,19.10403063899139,16.754603013396263,0.026631983928382397,2.0978589891456068,2.1259529748931527,16.724089975468814
1025,19.120756576012354,16.72593702096492,0.026206020265817642,3.3816169598139822,3.409242955967784,16.723473963793367
1026,19.137481665005907,16.725088993553072,0.02775999018922448,1.4813710004091263,1.5108159859664738,17.26225996389985
1027,19.15475513896672,17.273473960813135,0.07172999903559685,0.4271250218153,0.5072440253570676,16.83535403572023
1028,19.171601473994087,16.846335027366877,0.09739201050251722,0.5805980181321502,0.6859040004201233,16.841733013279736
1029,19.188447941967752,16.846467973664403,0.05205703200772405,0.47187996096909046,0.5271119880490005,16.796957002952695
1030,19.205254076980054,16.806135012302548,0.07387396181002259,0.4731150111183524,0.5534740048460662,16.82771201012656
1031,19.222092518000863,16.838441020809114,0.07176300277933478,0.6569830002263188,0.7363769691437483,16.809557972010225
1032,19.23891267698491,16.82015898404643,0.06896600825712085,0.6820810376666486,0.7585770217701793,16.79744297871366
1033,19.25571909797145,16.806420986540616,0.06729998858645558,0.6321379914879799,0.705867016222328,16.738869016990066
1034,19.272466907976195,16.74781000474468,0.05550996866077185,0.3651240258477628,0.42720302008092403,16.804439015686512
1035,19.289280500961468,16.813592985272408,0.07464800728484988,1.0979979997500777,1.1790790013037622,16.7297080042772
1036,19.30601304100128,16.732540039811283,0.04038703627884388,0.36702200304716825,0.4095470067113638,16.72165095806122
1037,19.322736813977826,16.72377297654748,0.03044103505089879,0.4572870093397796,0.48934202641248703,16.72784797847271
1038,19.3394698369666,16.733022988773882,0.04335201811045408,0.33555302070453763,0.3828920307569206,16.72139100264758
1039,19.35619299899554,16.723162028938532,0.027797010261565447,0.44730398803949356,0.4765219637192786,16.72258198959753
1040,19.37291728996206,16.72429096652195,0.027753005269914865,0.3310000174678862,0.36014203215017915,16.72348700230941
1041,19.38964250200661,16.725212044548243,0.028248003218322992,0.5536089884117246,0.5831889575347304,16.739382001105696
1042,19.406386596965604,16.744094958994538,0.04613999044522643,0.47312298556789756,0.5232410039752722,16.726639994885772
1043,19.42311780899763,16.731212032027543,0.07844000356271863,0.6158669712021947,0.6982979830354452,16.725740977562964
1044,19.439848929003347,16.73112000571564,0.08380599319934845,0.42821699753403664,0.5161199951544404,16.723884968087077
1045,19.456574742973316,16.72581396996975,0.034610042348504066,0.4427569801919162,0.47931401059031487,16.722753003705293
1046,19.47329967096448,16.724927991162986,0.03738095983862877,0.5439569940790534,0.5832239985466003,16.723804001230747
1047,19.490025273989886,16.7256030254066,0.027097004931420088,0.6004120223224163,0.6290000164881349,16.726745991036296
1048,19.50675409595715,16.728821967262775,0.03132299752905965,0.6094519631005824,0.6424169987440109,17.834889004006982
1049,19.524594344955403,17.840248998254538,0.059887999668717384,0.37497602170333266,0.4386470536701381,16.87728805700317
1050,19.541482500964776,16.888156009372324,0.07347704377025366,0.5798859638161957,0.6609580013900995,16.826875042170286
1051,19.558319956995547,16.837456030771136,0.07518503116443753,1.218412013258785,1.3011840055696666,16.72390301246196
1052,19.575046323006973,16.726366011425853,0.03921298775821924,0.9523970074951649,0.9938500006683171,16.72370097367093
1053,19.591771839011926,16.725516004953533,0.026964989956468344,0.6026559858582914,0.6311109755188227,17.715595953632146
1054,19.60949907300528,17.727233993355185,0.08409400470554829,0.4596490180119872,0.5520459963008761,16.780350997578353
1055,19.626288806961384,16.789733956102282,0.0684609985910356,0.8302180212922394,0.9051210363395512,16.80854702135548
1056,19.643106611969415,16.817805008031428,0.07061299402266741,0.46507397200912237,0.5421729874797165,16.78567100316286
1057,19.65990117797628,16.794566006865352,0.06701500387862325,0.7491469732485712,0.822637986857444,16.73306798329577
1058,19.676638886972796,16.73770899651572,0.05001103272661567,0.5751940188929439,0.6283140392042696,16.726861998904496
1059,19.693370624969248,16.731737996451557,0.05848298314958811,0.7820830214768648,0.8439110242761672,16.796090989373624
1060,19.71017275599297,16.802131023723632,0.05742599023506045,0.6025329930707812,0.6636469624936581,16.730556963011622
1061,19.726907951990142,16.735195997171104,0.049220980145037174,0.705538026522845,0.757806992623955,16.747466986998916
1062,19.743665999965742,16.758047975599766,0.07203000131994486,0.649405992589891,0.7279459969140589,16.87020604731515
1063,19.760548000980634,16.882001014892012,0.07329200161620975,0.639021978713572,0.7204859866760671,16.81877300143242
1064,19.77737178496318,16.823783982545137,0.045836030039936304,0.9061219752766192,0.9552920237183571,16.725376015529037
1065,19.79409936798038,16.72758301720023,0.027125002816319466,1.5923129976727068,1.621066010557115,16.73673198092729
1066,19.810845536005218,16.74616802483797,0.0732460175640881,0.5110540078021586,0.5909900064580142,16.73561695497483
1067,19.827585681981873,16.740145976655185,0.04898197948932648,0.4589449963532388,0.5109540070407093,16.854089975822717
1068,19.844450465985574,16.86478400370106,0.0777409877628088,0.5193760152906179,0.6045940099284053,16.738151025492698
1069,19.861197881982662,16.747415997087955,0.06819696864113212,0.64171600388363,0.7164879934862256,16.736781981308013
1070,19.877943689003587,16.745807020924985,0.07213401840999722,0.5668239900842309,0.6454999675042927,16.736416961066425
1071,19.894684722996317,16.74103399273008,0.0488169607706368,0.5425370181910694,0.5943999858573079,16.7480279924348
1072,19.91144231701037,16.7575940140523,0.09199598571285605,0.5870480090379715,0.6855209940113127,16.821508994325995
1073,19.928272827004548,16.83050999417901,0.06647600093856454,0.7016169838607311,0.7744329632259905,16.838027979247272
1074,19.94512189499801,16.849067993462086,0.05858403164893389,0.7413990097120404,0.8078470127657056,16.812040004879236
1075,19.961942981986795,16.821086988784373,0.05953101208433509,0.8050429751165211,0.8710179827176034,16.85094798449427
1076,19.978803028992843,16.860047006048262,0.06452202796936035,0.7432099664583802,0.8142099832184613,16.811496985610574
1077,19.995625220006332,16.82219101348892,0.06867200136184692,0.6116689764894545,0.6879909778945148,16.79429499199614
1078,20.012428510992322,16.803290985990316,0.0691909808665514,0.5325790261849761,0.6082740146666765,16.813224996440113
1079,20.029250911960844,16.822400968521833,0.07049000123515725,0.6855580140836537,0.7625360158272088,16.79224503459409
1080,20.046052092977334,16.801181016489863,0.07287203334271908,0.6820039707235992,0.7612640038132668,16.827138024382293
1081,20.062889930966776,16.83783798944205,0.07758499123156071,0.6883339956402779,0.7734930259175599,16.807592008262873
1082,20.079707950004376,16.818019037600607,0.08451897883787751,0.679008022416383,0.7700930000282824,16.765856998972595
1083,20.09647845500149,16.770504997111857,0.05259801400825381,0.6179889896884561,0.6737569929100573,16.815527982544154
1084,20.113305137958378,16.82668295688927,0.07117300992831588,0.6272209575399756,0.7059180061332881,16.739188053179532
1085,20.130053408967797,16.748271009419113,0.06521004252135754,0.48059195978567004,0.5521849961951375,16.739675018470734
1086,20.14679749199422,16.74408302642405,0.04791002720594406,0.4756560083478689,0.5265760119073093,16.737876983825117
1087,20.163544323993847,16.74683199962601,0.06971403490751982,0.5887539591640234,0.6649359711445868,16.8104280019179
1088,20.180363726976793,16.819402982946485,0.06285199197009206,0.4789319937117398,0.5481690168380737,16.745745029766113
1089,20.19711400399683,16.750277020037174,0.049694033805280924,0.49170199781656265,0.5443679983727634,16.74351398833096
1090,20.213866635982413,16.75263198558241,0.06036600098013878,0.6854220409877598,0.7521840161643922,16.813996015116572
1091,20.23068975796923,16.82312198681757,0.05616602720692754,0.7300979923456907,0.7926690159365535,16.715747013222426
1092,20.24741453299066,16.724775021430105,0.08915702346712351,0.5947659956291318,0.6903409957885742,16.846589976921678
1093,20.264271897962317,16.857364971656352,0.06129901157692075,0.4432430141605437,0.5120860296301544,16.813710040878505
1094,20.281096240971237,16.82434300892055,0.09033398237079382,0.5322539946064353,0.6302130059339106,16.843785997480154
1095,20.297950459003914,16.854218032676727,0.05042203702032566,0.6988549721427262,0.7554349722340703,16.80021797074005
1096,20.31476041098358,16.80995197966695,0.06481999298557639,0.7069800049066544,0.7782860193401575,16.84082002611831
1097,20.33161036099773,16.849950014147907,0.06879598367959261,0.4507289850153029,0.5260529578663409,16.804093960672617
1098,20.34842364198994,16.81328099220991,0.08924497524276376,0.6502119940705597,0.7459879852831364,16.83206099551171
1099,20.365266144974157,16.8425029842183,0.05450699245557189,0.6625370006076992,0.7245300221256912,16.81399898370728
1100,20.382089271966834,16.823126992676407,0.06772699998691678,0.6990819820202887,0.7733289967291057,16.829529020469636
1101,20.39892842498375,16.839153016917408,0.07954495958983898,0.6575490115210414,0.7435799925588071,16.73269597813487
1102,20.415665568958502,16.737143974751234,0.04772096872329712,0.7198239909484982,0.7705540047027171,16.823065001517534
1103,20.432493297965266,16.827729006763548,0.04942400846630335,0.5852110334672034,0.6377320387400687,16.740988998208195
1104,20.449239548004698,16.746250039432198,0.056196004152297974,0.6886700284667313,0.7479329942725599,16.747986956033856
1105,20.465997185965534,16.75763796083629,0.06339000537991524,0.6339799729175866,0.703888013958931,16.72503404552117
1106,20.48272672999883,16.729544033296406,0.04833302227780223,0.512804021127522,0.5641480092890561,16.753471980337054
1107,20.499489384004846,16.76265400601551,0.056724005844444036,0.6182929500937462,0.6816999521106482,16.81886095320806
1108,20.516317747998983,16.828363994136453,0.08934602374210954,0.45339600183069706,0.5490760086104274,16.72747399425134
1109,20.533047381963115,16.729633964132518,0.03352703060954809,0.3165259840898216,0.3518200246617198,16.72568602953106
1110,20.549775546009187,16.72816404607147,0.03627000842243433,0.6535470020025969,0.6915359990671277,16.725159948691726
1111,20.566503860987723,16.72831497853622,0.06804097210988402,0.583646004088223,0.6550599937327206,16.727422014810145
1112,20.583233223005664,16.72936201794073,0.039923994336277246,0.3618660266511142,0.4039789782837033,16.7224679607898
1113,20.59995759098092,16.724367975257337,0.043014995753765106,0.6690109730698168,0.7143080001696944,16.73079503234476
1114,20.616700818995014,16.743228014092892,0.1250469940714538,0.4985920386388898,0.6313470075838268,16.69596298597753
1115,20.633407635963522,16.706816968508065,0.09127100929617882,0.41747698560357094,0.5167530034668744,16.812935995403677
1116,20.650229597988073,16.821962024550885,0.06894103717058897,1.3052949798293412,1.3810099917463958,16.80381002370268
1117,20.667044011992402,16.814414004329592,0.07190002361312509,0.23262499598786235,0.31198799842968583,16.798952012322843
1118,20.683852265006863,16.808253014460206,0.07111101876944304,0.35877496702596545,0.436721951700747,16.692848003003746
1119,20.700556407973636,16.70414296677336,0.10102201486006379,0.3422820009291172,0.4513380117714405,16.739416983909905
1120,20.71730547596235,16.74906798871234,0.0806960160844028,0.5711409612558782,0.6583940121345222,16.80954301264137
1121,20.734119700966403,16.814225004054606,0.05156401311978698,0.46206102706491947,0.5168550414964557,16.8286919943057
1122,20.750960659002885,16.840958036482334,0.07029197877272964,1.7470630118623376,1.82592700002715,16.855973983183503
1123,20.767827673989814,16.867014986928552,0.08022098336368799,0.7928000413812697,0.8807950071059167,16.75481698475778
1124,20.784586806956213,16.759132966399193,0.048079993575811386,0.46902900794520974,0.5201020394451916,16.821950033772737
1125,20.801419956958853,16.83315000263974,0.1256550312973559,0.44050399446859956,0.5739250336773694,16.790852008853108
1126,20.818221769994125,16.801813035272062,0.0934129930101335,0.49350300105288625,0.5946779856458306,16.84152300003916
1127,20.835074261995032,16.85249200090766,0.07689098129048944,0.5915130022913218,0.6762089906260371,16.819368000142276
1128,20.85190423601307,16.82997401803732,0.07185497088357806,0.6421190337277949,0.7213929784484208,16.73262595431879
1129,20.86864263698226,16.73840096918866,0.06812094943597913,0.36722200457006693,0.43953798012807965,16.809733991976827
1130,20.88546389498515,16.821258002892137,0.10945799294859171,0.3590150154195726,0.47680799616500735,16.835247981362045
1131,20.90231037599733,16.846481012180448,0.10260898852720857,0.4994340124540031,0.6097549921832979,16.826639010105282
1132,20.919145994994324,16.835618996992707,0.0680750235915184,0.5124469753354788,0.5869959713891149,16.806875995825976
1133,20.935964117001276,16.818122006952763,0.07904897211119533,0.4948810092173517,0.5821429658681154,16.724678978789598
1134,20.952692919992842,16.728802991565317,0.04839501343667507,0.3310699830763042,0.3823789884336293,16.856551985256374
1135,20.969560333993286,16.867414000444114,0.11151196667924523,0.3677920321933925,0.48742000944912434,16.86550199519843
1136,20.986436375998892,16.876042005605996,0.11258601443842053,0.44485199032351375,0.564888003282249,16.79157599573955
1137,21.003238479956053,16.802103957161307,0.09570998372510076,0.4596019862219691,0.5628080107271671,16.88938500592485
1138,21.020138477964792,16.899998008739203,0.09141000919044018,0.33356400672346354,0.4326190100982785,16.821605036966503
1139,21.03697097901022,16.832501045428216,0.07571402238681912,0.6358270184136927,0.7193839992396533,16.827980987727642
1140,21.053809903969523,16.83892495930195,0.07801898755133152,0.7541820523329079,0.8401180384680629,16.824971011374146
1141,21.07064591499511,16.83601102558896,0.08889997843652964,0.5473570199683309,0.6440349970944226,16.858184011653066
1142,21.087516286992468,16.870371997356415,0.08611503290012479,0.5391199956648052,0.6339169922284782,16.833951987791806
1143,21.104361535981297,16.845248988829553,0.12061296729370952,0.5701440386474133,0.6987830274738371,16.839021001942456
1144,21.121212505968288,16.850969986990094,0.06988702807575464,0.5722959758713841,0.6504890043288469,16.83062204392627
1145,21.13805357599631,16.84107002802193,0.07142900722101331,0.5035309586673975,0.5825319676660001,16.81610499508679
1146,21.154881844006013,16.828268009703606,0.07934501627460122,0.5009319866076112,0.5888069863431156,16.870227991603315
1147,21.171762897982262,16.88105397624895,0.08895999053493142,0.48165000043809414,0.5783750093542039,16.85013499809429
1148,21.18862396798795,16.861070005688816,0.07393100531771779,0.5110810161568224,0.5928530008532107,16.867890022695065
1149,21.205502781958785,16.878813970834017,0.08315499871969223,0.33339601941406727,0.4244890296831727,16.838703013490885
1150,21.222352170967497,16.849389008712023,0.09715795749798417,0.5220690509304404,0.6268240395002067,16.822963021695614
1151,21.239186619000975,16.83444803347811,0.08258700836449862,0.40458899457007647,0.49474596744403243,16.8195019941777
1152,21.25601705297595,16.830433974973857,0.07654196815565228,0.5033110501244664,0.5876850336790085,16.82696701027453
1153,21.272863113961648,16.846060985699296,0.14177995035424829,0.4487140104174614,0.6044440087862313,16.826315026264638
1154,21.289707385993097,16.84427203144878,0.16538798809051514,0.4895749734714627,0.6685669650323689,16.82853198144585
1155,21.306549845961854,16.842459968756884,0.134396948851645,0.5659490125253797,0.7116440101526678,16.809474036563188
1156,21.32336983596906,16.819990007206798,0.1099329674616456,0.4679120029322803,0.5968289915472269,16.84276101877913
1157,21.340223621984478,16.853786015417427,0.08317100582644343,0.4830170073546469,0.5739849875681102,16.82701602112502
1158,21.35706162499264,16.83800300816074,0.07526198169216514,1.000861986540258,1.0839109891094267,16.820574004668742
1159,21.373893180978484,16.831555985845625,0.07155700586736202,0.6612130091525614,0.7406980148516595,16.79479202721268
1160,21.390698827977758,16.80564699927345,0.07537903729826212,0.5553779774345458,0.6386029999703169,16.81151002412662
1161,21.40752138895914,16.822560981381685,0.07877603638917208,0.33289799466729164,0.41951704770326614,16.807947016786784
1162,21.424340637982823,16.81924902368337,0.07885403465479612,0.48391101881861687,0.5707230302505195,16.846655984409153
1163,21.441198404005263,16.857766022440046,0.09408302139490843,0.48298598267138004,0.5849459557794034,16.72638300806284
1164,21.457929114985745,16.7307109804824,0.04765100311487913,0.619816011749208,0.6705520208925009,16.728413989767432
1165,21.474661783955526,16.732668969780207,0.0474650296382606,0.428168976213783,0.4786230274476111,16.936580010224134
1166,21.49161077296594,16.94898901041597,0.10163901606574655,0.5427029682323337,0.6530460086651146,16.839235031511635
1167,21.508461276011076,16.850503045134246,0.08263200288638473,0.4279610002413392,0.5181619781069458,16.83322695316747
1168,21.525305668998044,16.84439298696816,0.0816049869172275,0.48690999392420053,0.5765209789387882,16.80415397277102
1169,21.542120998958126,16.815329960081726,0.07333996472880244,0.43664698023349047,0.5180209991522133,16.81132405065
1170,21.558947137964424,16.826139006298035,0.10126002598553896,0.4289399948902428,0.540534034371376,16.728552000131458
1171,21.575680384994484,16.73324703006074,0.05497602978721261,0.60991698410362,0.6680039805360138,16.84893196215853
1172,21.592540266981814,16.859881987329572,0.09965401841327548,0.5323539953678846,0.6399460253305733,16.813134017866105
1173,21.609362355957273,16.822088975459337,0.09714101906865835,0.48709899419918656,0.5907580489292741,16.74014702439308
1174,21.62611359899165,16.751243034377694,0.09123899508267641,0.4113489994779229,0.5104549927636981,16.734853968955576
1175,21.642859590006992,16.745991015341133,0.05520298145711422,0.6402460276149213,0.7033220026642084,16.72619697637856
1176,21.659590256982483,16.73066697549075,0.04816096043214202,0.5398660432547331,0.5910050240345299,16.725995985325426
1177,21.676320914004464,16.730657021980733,0.050914997700601816,0.379558012355119,0.4336899728514254,16.725401976145804
1178,21.69305063498905,16.729720984585583,0.04775897832587361,0.5955509841442108,0.6462879828177392,16.725972993299365
1179,21.70978129998548,16.730664996430278,0.04862400237470865,0.4805880016647279,0.5320900236256421,16.725890978705138
1180,21.726511518994812,16.73021900933236,0.0472770188935101,0.4062189836986363,0.4564509727060795,16.726200003176928
1181,21.743242110998835,16.730592004023492,0.04826398799195886,0.4169089952483773,0.46817498514428735,16.725939989555627
1182,21.75997237698175,16.730265982914716,0.04846398951485753,0.501511967740953,0.5530029884539545,16.72519597923383
1183,21.7767020050087,16.729628026951104,0.04816899308934808,0.491501996293664,0.5426319548860192,16.683489957358688
1184,21.793389872997068,16.687867988366634,0.04905299283564091,0.47622103011235595,0.5282880156300962,16.833844012580812
1185,21.81023613800062,16.846265003550798,0.07292302325367928,0.34993799636140466,0.4315859987400472,16.816233983263373
1186,21.827056990005076,16.820852004457265,0.05169503856450319,0.4928539856337011,0.5477559752762318,16.72630599932745
1187,21.84378764097346,16.730650968383998,0.0483450130559504,0.5868489970453084,0.6382280262187123,16.713126038666815
1188,21.860505471995566,16.71783102210611,0.05191797390580177,0.5790599971078336,0.6342189735732973,16.81820600060746
1189,21.877328389964532,16.822917968966067,0.11505099246278405,0.49750396283343434,0.6158199976198375,16.808892018161714
1190,21.894148769963067,16.820379998534918,0.07171300239861012,0.3665870171971619,0.44645601883530617,16.72695903107524
1191,21.910880477982573,16.731708019506186,0.048461020924150944,0.5076269735582173,0.55913400137797,16.727119975257665
1192,21.9276122499723,16.73177198972553,0.051080016419291496,0.558800995349884,0.613059033639729,16.792999987956136
1193,21.944414196012076,16.80194603977725,0.08329999400302768,0.45575801050290465,0.5456199869513512,16.879234986845404
1194,21.961304911994375,16.890715982299298,0.07334601832553744,0.5808150162920356,0.6622630171477795,16.7894049664028
1195,21.9781064990093,16.801587014924735,0.08921796688809991,0.5302479839883745,0.628105946816504,16.726522997487336
1196,21.99483728996711,16.730790957808495,0.04780996823683381,0.4030570271424949,0.4538330249488354,16.711315023712814
1197,22.011560566956177,16.723276989068836,0.10367401409894228,0.6153139984235168,0.7273990195244551,16.804995015263557
1198,22.02837668498978,16.816118033602834,0.07146899588406086,0.5755319725722075,0.6613099831156433,16.8445460149087
1199,22.045232218981255,16.85553399147466,0.09174901060760021,0.6453490350395441,0.7450450211763382,16.78516302490607
1200,22.062022130994592,16.789912013337016,0.05261896876618266,0.33011799678206444,0.38603798020631075,16.727102978620678
1201,22.07875393598806,16.731804993469268,0.04823802737519145,0.47612900380045176,0.5276710144244134,16.763690975494683
1202,22.095528637000825,16.774701012764126,0.07432699203491211,0.38748205406591296,0.46978500904515386,16.789031971711665
1203,22.11232284497237,16.794207971543074,0.05776400212198496,0.34001300809904933,0.40101201739162207,16.810881032142788
1204,22.129145896993577,16.82305202120915,0.09290699381381273,0.4407099913805723,0.5422279937192798,16.726712987292558
1205,22.145877016009763,16.731119016185403,0.04823703784495592,0.6122270133346319,0.6634710007347167,16.72748796408996
1206,22.162609244987834,16.732228978071362,0.04820094909518957,0.5377000197768211,0.5891789915040135,16.812141984701157
1207,22.17943362297956,16.82437799172476,0.08292199345305562,0.4447710234671831,0.5362490192055702,16.80739503353834
1208,22.19625213596737,16.81851298781112,0.0876779668033123,0.6397960241883993,0.7353870314545929,16.818784992210567
1209,22.21307578100823,16.823645040858537,0.05318003240972757,0.5185059853829443,0.5750189884565771,16.727644950151443
1210,22.229807775001973,16.731993993744254,0.04818598972633481,0.7047760300338268,0.7559229852631688,16.726882953662425
1211,22.246539154963102,16.731379961129278,0.05104899173602462,0.5462970002554357,0.6005290197208524,16.815481008961797
1212,22.26336492795963,16.82577299652621,0.08942699059844017,0.4255099920555949,0.5220900056883693,16.844722034875304
1213,22.280214306956623,16.849378996994346,0.05207001231610775,0.5526249879039824,0.6079850136302412,16.800742014311254
1214,22.297026122978423,16.81181602180004,0.07996999192982912,0.5176389822736382,0.6055139820091426,16.799446020741016
1215,22.313837294990662,16.811172012239695,0.08190498920157552,0.42418402153998613,0.5139670101925731,16.790057998150587
1216,22.33063832198968,16.801026999019086,0.07395201828330755,0.4175969515927136,0.49947696970775723,16.82106201769784
1217,22.347471655986737,16.833333997055888,0.08836702909320593,0.41703798342496157,0.5141029832884669,16.82405499741435
1218,22.364306701987516,16.835046000778675,0.08159701246768236,0.5709109827876091,0.6604379741474986,16.808826010674238
1219,22.38112772698514,16.8210249976255,0.07327902130782604,0.3824490122497082,0.46436901902779937,16.79915498243645
1220,22.397937959001865,16.810232016723603,0.07103401003405452,0.6406480097211897,0.7192239863798022,16.808148007839918
1221,22.414758336963132,16.820377961266786,0.08311099372804165,0.5855429917573929,0.6774080102331936,16.826488019432873
1222,22.43159732298227,16.838986019138247,0.0726240104995668,0.429099949542433,0.5103449802845716,16.790641006082296
1223,22.448399004992098,16.801682009827346,0.07604900747537613,0.6036200211383402,0.6874889950267971,16.859996016137302
1224,22.46527064498514,16.871639993041754,0.11477898806333542,0.48126099864020944,0.6044110050424933,16.872666019480675
1225,22.482148385955952,16.877740970812738,0.05494599463418126,0.4739270079880953,0.5322560318745673,16.808878048323095
1226,22.498969478008803,16.821092052850872,0.07104995893314481,0.4812059924006462,0.5609849467873573,16.82075095595792
1227,22.51580178498989,16.83230698108673,0.07466902025043964,0.4362529725767672,0.5187689675949514,16.812589019536972
1228,22.532625301973894,16.823516984004527,0.06061198655515909,0.37718802923336625,0.44579501263797283,16.80076401680708
1229,22.54943704098696,16.811739013064653,0.08270097896456718,0.4459859919734299,0.5366909899748862,16.725232999306172
1230,22.56616635498358,16.729313996620476,0.04849501419812441,0.5312709836289287,0.5825869739055634,16.727527021430433
1231,22.582898249966092,16.73189498251304,0.04804797936230898,0.4103119717910886,0.461424991954118,16.726322995964438
1232,22.599628903961275,16.730653995182365,0.04766404163092375,0.5439569940790534,0.5945900338701904,16.81217399891466
1233,22.61645207897527,16.82317501399666,0.0990999978967011,0.39793498581275344,0.5050000036135316,16.84718200704083
1234,22.63331050495617,16.858425980899483,0.08811801671981812,0.31745299929752946,0.4135260242037475,16.816308023408055
1235,22.650138778961264,16.82827400509268,0.09132700506597757,0.6021970184519887,0.7018060423433781,16.824384045321494
1236,22.666975328000262,16.836549038998783,0.08777499897405505,0.5135899991728365,0.6097219884395599,16.80553297046572
1237,22.683791465999093,16.816137998830527,0.06866100011393428,0.5851159803569317,0.6613549776375294,16.821680997963995
1238,22.700623898999766,16.83243300067261,0.07603602716699243,0.5962320137768984,0.6798380054533482,16.80403499631211
1239,22.71743969898671,16.815799986943603,0.07890199776738882,0.606440007686615,0.692938978318125,16.784227977041155
1240,22.73423462396022,16.794924973510206,0.09067298378795385,0.5209469818510115,0.6192260188981891,16.80094003677368
1241,22.751046660996508,16.81203703628853,0.07279199780896306,0.45318802585825324,0.5338880000635982,16.798157012090087
1242,22.76785589195788,16.809230961371213,0.07941800868138671,0.6179379997774959,0.7052860455587506,16.837812028825283
1243,22.78470490197651,16.849010018631816,0.0711739994585514,0.645746011286974,0.7248329930007458,16.76224998664111
1244,22.801479258982,16.774357005488127,0.09149900870397687,0.62725500902161,0.7271770155057311,16.81131002260372
1245,22.818303196982015,16.823938000015914,0.08956296369433403,0.5093099898658693,0.6076049758121371,16.806156025268137
1246,22.83512007497484,16.81687799282372,0.07271900540217757,0.49021001905202866,0.5705800140276551,16.80789398960769
1247,22.851938997977413,16.818923002574593,0.07581099634990096,0.6551480037160218,0.7389219827018678,16.815707029309124
1248,22.868767159990966,16.828162013553083,0.0647819833829999,0.5803829990327358,0.6537869921885431,16.703799017705023
1249,22.885482167999726,16.71500800875947,0.08213997352868319,0.6110550020821393,0.7011689594946802,16.800552955828607
1250,22.902294016967062,16.811848967336118,0.08152599912136793,0.4546370473690331,0.5436300416477025,16.822125006001443
1251,22.919128398993053,16.834382025990635,0.08638500003144145,0.5137840053066611,0.6084810011088848,16.82551798876375
1252,22.935967085009906,16.8386860168539,0.08362997323274612,0.7824919885024428,0.8750959532335401,16.818930977024138
1253,22.95279865298653,16.831567976623774,0.08444202831014991,0.42819802183657885,0.5212770192883909,16.923777002375573
1254,22.969733722973615,16.935069987084717,0.0881620217114687,0.5250879912637174,0.6211880245245993,16.827967017889023
1255,22.98657392995665,16.840206983033568,0.07415399886667728,0.5629819934256375,0.6454940303228796,16.81662304326892
1256,23.003403426962905,16.829497006256133,0.11352199362590909,0.6217199843376875,0.7439050241373479,16.818291042000055
1257,23.020234138006344,16.830711043439806,0.09553699055686593,0.4235929809510708,0.5275429575704038,17.343512969091535
1258,23.037591302010696,17.357164004351944,0.1351460232399404,0.6666749832220376,0.8126369793899357,16.82672998867929
1259,23.05443399999058,16.84269797988236,0.11276599252596498,0.5834290059283376,0.7064579986035824,16.825761005748063
1260,23.071273232984822,16.839232994243503,0.07813901174813509,0.49230398144572973,0.5794109893031418,16.81030902545899
1261,23.08809590799501,16.822675010189414,0.08663599146530032,0.5984409945085645,0.6938099977560341,16.81530097266659
1262,23.104923542006873,16.827634011860937,0.0772500061430037,0.4243160365149379,0.5095369997434318,16.841117991134524
1263,23.121775954961777,16.85241295490414,0.09456195402890444,0.6663030362688005,0.7688220357522368,16.79936400614679
1264,23.138586370972916,16.81041601113975,0.07979001384228468,0.42442098492756486,0.5119609995745122,16.80496899643913
1265,23.15540227800375,16.815907030832022,0.07271103095263243,0.4291459918022156,0.5095480009913445,16.82343299034983
1266,23.172236758982763,16.834480979014188,0.07304799510166049,0.44399499893188477,0.5249020177870989,16.801308025605977
1267,23.18904935696628,16.812597983516753,0.06962200859561563,0.6345679867081344,0.7121760281734169,16.81236404692754
1268,23.205872860969976,16.823504003696144,0.06911501986905932,0.6294940249063075,0.7064210367389023,16.798801021650434
1269,23.222682196006645,16.809335036668926,0.07417798042297363,0.5061739939264953,0.5878429510630667,16.811723995488137
1270,23.23950448195683,16.82228595018387,0.08203997276723385,0.5370860453695059,0.6266780546866357,16.827017010655254
1271,23.25634392700158,16.83944504475221,0.07512199226766825,0.546547002159059,0.630199967417866,16.78582897875458
1272,23.273140998964664,16.797071963083,0.08133798837661743,0.6475370028056204,0.7367550279013813,16.801243007648736
1273,23.289953236002475,16.81223703781143,0.08455500937998295,0.46290201134979725,0.5553169758059084,16.801280959043652
1274,23.306765871006064,16.812635003589094,0.07550203008577228,0.44768600491806865,0.5307690007612109,16.84199698502198
1275,23.32361843000399,16.85255899792537,0.07954600732773542,0.40482799522578716,0.4919049679301679,16.830766981001943
1276,23.34046109695919,16.842666955199093,0.07963198004290462,0.40280900429934263,0.490610022097826,16.804127022624016
1277,23.357276277965866,16.81518100667745,0.08322199573740363,0.6110590184107423,0.7021560450084507,16.813143040053546
1278,23.37410351098515,16.827233019284904,0.08883996633812785,0.664284045342356,0.7623800192959607,16.811267007142305
1279,23.390927604981698,16.824093996547163,0.0688529689796269,0.4173890338279307,0.4948410205543041,16.726567992009223
1280,23.407658730982803,16.731126001104712,0.0490749953314662,0.41335501009598374,0.4655310185626149,16.78708801046014
1281,23.42445647297427,16.797741991467774,0.09921198943629861,0.4248489858582616,0.5315709859132767,16.80193201173097
1282,23.441269178001676,16.812705027405173,0.0803549773991108,0.5416579660959542,0.6295339553616941,16.803606995381415
1283,23.45807773899287,16.8085609911941,0.0519280438311398,0.44750497909262776,0.5028609884902835,16.726800007745624
1284,23.474809273961,16.73153496813029,0.04795397398993373,0.64336002105847,0.694585032761097,16.737585014197975
1285,23.491558227979112,16.748954018112272,0.053592026233673096,0.5769929848611355,0.6385869928635657,16.795873001683503
1286,23.50835979997646,16.80157199734822,0.05622702883556485,0.4565159906633198,0.5160780274309218,16.829136991873384
1287,23.52519380900776,16.8340090312995,0.0509529490955174,0.4104530089534819,0.4646469606086612,16.811509965918958
1288,23.542016553983558,16.822744975797832,0.0858670100569725,0.4447230021469295,0.538623018655926,16.78986701881513
1289,23.558817701996304,16.801148012746125,0.10794599074870348,0.5266479565761983,0.642681960016489,16.790507012046874
1290,23.575619584997185,16.80188300088048,0.08874305058270693,0.5668529774993658,0.6637329934164882,16.78751496365294
1291,23.592418118962087,16.798533964902163,0.11685997014865279,0.45335100730881095,0.5779400235041976,16.805527033284307
1292,23.60922852298245,16.810404020361602,0.05093199433758855,0.6400389829650521,0.6942779873497784,16.801620018668473
1293,23.626041163981427,16.812640998978168,0.08798600174486637,0.5082829738967121,0.6040899897925556,16.807203006464988
1294,23.642859295010567,16.818131029140204,0.09001803118735552,0.6382999708876014,0.7360279560089111,16.78694097790867
1295,23.659657735959627,16.798440949060023,0.0885830377228558,0.5633629625663161,0.6599900079891086,16.817718045786023
1296,23.676480354974046,16.822619014419615,0.1006399979814887,0.582039006985724,0.6858709966763854,16.810944012831897
1297,23.693304104963318,16.823749989271164,0.0853820238262415,0.4619229584932327,0.5562540027312934,16.816552029922605
1298,23.71013236400904,16.828259045723826,0.09326997678726912,0.4876650054939091,0.5886819562874734,16.78655296564102
1299,23.72693032299867,16.79795898962766,0.08586799958720803,0.5874430062249303,0.6814390071667731,16.806178959086537
1300,23.743747772008646,16.81744900997728,0.08749595144763589,0.5073310458101332,0.6029380019754171,16.7143409489654
1301,23.760473472997546,16.725700988899916,0.08517398964613676,0.6117270095273852,0.7049110135994852,16.78568497300148
1302,23.77727053599665,16.79706299910322,0.09735900675877929,0.5523680010810494,0.6577710155397654,16.72400697134435
1303,23.793999300978612,16.72876498196274,0.048866961151361465,0.6152430432848632,0.6671600276604295,16.818323987536132
1304,23.810830391012132,16.831090033520013,0.06907596252858639,0.7040510536171496,0.7820239989086986,16.859855968505144
1305,23.82770140998764,16.871018975507468,0.10657496750354767,0.48176501877605915,0.5962610011920333,16.68325497303158
1306,23.844389075995423,16.687666007783264,0.04881102358922362,0.553381978534162,0.6052529788576066,16.806864005047828
1307,23.861206820001826,16.81774400640279,0.08533301297575235,0.6062479806132615,0.6992759881541133,16.824512975290418
1308,23.878043491975404,16.836671973578632,0.0994540168903768,0.5223510088399053,0.6296930368989706,16.725305991712958
1309,23.894773323962,16.729831986594945,0.04705297760665417,0.40091900154948235,0.4509140271693468,16.730608011130244
1310,23.91151531599462,16.741992032621056,0.09582401253283024,0.5289749824441969,0.6324930000118911,16.837221977766603
1311,23.92835731600644,16.842000011820346,0.0553200370632112,0.4369099624454975,0.4954359610565007,16.864580975379795
1312,23.945236492960248,16.879176953807473,0.09666901314631104,0.6353170028887689,0.7424760260619223,16.86518400674686
1313,23.962113077985123,16.876585024874657,0.08780101779848337,0.649479974526912,0.7458929903805256,16.727173991966993
1314,23.978845019009896,16.731941024772823,0.048757996410131454,0.5549410125240684,0.6069219671189785,16.80813595885411
1315,23.995664176007267,16.819156997371465,0.07890502456575632,0.6163989892229438,0.7032739813439548,16.803374979645014
1316,24.012478763994295,16.814587987028062,0.0833130325190723,0.44136500218883157,0.5330300191417336,16.858691000379622
1317,24.029349234013353,16.870470019057393,0.08763402001932263,0.4970019799657166,0.5929339677095413,16.8147649965249
1318,24.046176926000044,16.827691986691207,0.08146400796249509,0.5918650422245264,0.6821170100010931,16.800390963908285
1319,24.06299023597967,16.813309979625046,0.07985299453139305,0.5667670047841966,0.6553680286742747,16.727150999940932
1320,24.079721845977474,16.731609997805208,0.04801596514880657,0.5375270266085863,0.5885770078748465,16.84723701328039
1321,24.096579767006915,16.85792102944106,0.0740239629521966,0.5032480112276971,0.5850549787282944,16.815971001051366
1322,24.113407571974676,16.82780496776104,0.11532899225130677,0.5765249952673912,0.6998010212555528,16.803417005576193
1323,24.13021590997232,16.80833799764514,0.05141599103808403,0.31558104092255235,0.3702270332723856,16.81674103019759
1324,24.1470439969562,16.828086983878165,0.10013004066422582,0.46775100054219365,0.5759020568802953,16.721866035368294
1325,24.16376958996989,16.725593013688922,0.04718301352113485,0.4466999671421945,0.4967050044797361,16.721945023164153
1326,24.180495553999208,16.725964029319584,0.04994898336008191,0.6449130014516413,0.6979359895922244,16.73336001113057
1327,24.197235247993376,16.739693994168192,0.10366702917963266,0.6275549530982971,0.7354489644058049,16.84129796922207
1328,24.214087687956635,16.852439963258803,0.07638597162440419,0.52349001634866,0.6077720317989588,16.72727201366797
1329,24.23081998398993,16.732296033296734,0.052172981668263674,0.45280001359060407,0.5084470030851662,16.71593898208812
1330,24.247547069971915,16.72708598198369,0.11582300066947937,0.5760620115324855,0.6996780284680426,16.803549020551145
1331,24.264355588995386,16.80851902347058,0.05778804188594222,0.4681629943661392,0.5294239963404834,16.804519982542843
1332,24.281173311988823,16.8177229934372,0.12561801122501493,0.6411480135284364,0.7758699939586222,16.738848004024476
1333,24.29792915401049,16.755842021666467,0.1257859985344112,0.3827339969575405,0.5189809598959982,19.46234895149246
1334,24.317403253982775,19.47409997228533,0.1171660260297358,0.4363429616205394,0.561264983844012,16.734421020373702
1335,24.33415317098843,16.749917005654424,0.13351801317185163,0.6245829863473773,0.7684779702685773,16.81033498607576
1336,24.350975715962704,16.822544974274933,0.09808503091335297,0.5310419946908951,0.6381430430337787,16.737228026613593
1337,24.367722294991836,16.74657902913168,0.07437396561726928,0.35741901956498623,0.43836998520419,16.77749998634681
1338,24.384509238996543,16.78694400470704,0.07396296132355928,0.5680620088241994,0.6486509810201824,16.811465960927308
1339,24.40133209596388,16.82285696733743,0.09255798067897558,0.4966609994880855,0.597365025896579,16.82564301881939
1340,24.41816918796394,16.837092000059783,0.08054397767409682,0.6454260437749326,0.7340520387515426,16.794210008811206
1341,24.434974561969284,16.805374005343765,0.08715095464140177,0.6205080426298082,0.7155610364861786,16.72748103737831
1342,24.45170669700019,16.732135030906647,0.04820997128263116,0.3714680206030607,0.4227799945510924,16.824844991788268
1343,24.468542730959598,16.83603395940736,0.09620195487514138,0.4672320210374892,0.5712180281989276,16.816840041428804
1344,24.48537057300564,16.82784204604104,0.06981601472944021,0.59436698211357,0.6780359544791281,16.808082989882678
1345,24.502183648000937,16.81307499529794,0.05345995305106044,0.6244160467758775,0.6815340020693839,16.819804965052754
1346,24.519017478975,16.833830974064767,0.08863699622452259,0.3935049753636122,0.4909730050712824,16.732488002162427
1347,24.53575447300682,16.73699403181672,0.047486042603850365,0.43817696860060096,0.4887419636361301,16.70228998409584
1348,24.55246170196915,16.70722896233201,0.05126796895638108,0.47337403520941734,0.5279140314087272,16.85898599680513
1349,24.56933145801304,16.86975604388863,0.09812100324779749,0.6366060115396976,0.7424369687214494,16.815861978102475
1350,24.586158651974984,16.82719396194443,0.0814709928818047,0.6307880394160748,0.7203260320238769,16.727404028642923
1351,24.602890614012722,16.731962037738413,0.04797300789505243,0.780788017436862,0.8318569744005799,16.726645990274847
1352,24.619621864985675,16.731250972952694,0.04810502287000418,0.5668139783665538,0.6180229829624295,16.859301016665995
1353,24.636492491001263,16.87062601558864,0.08560495916754007,0.45291800051927567,0.5465169670060277,16.793401970062405
1354,24.65329724899493,16.804757993668318,0.08962000720202923,0.4570569726638496,0.5547789623960853,16.7219249997288
1355,24.670022859994788,16.725610999856144,0.04725396865978837,0.44993299525231123,0.5000319797545671,16.72147196950391
1356,24.686747920000926,16.725060006137937,0.04688900662586093,0.47916098264977336,0.5288539687171578,16.6986960102804
1357,24.703451935958583,16.704015957657248,0.051597016863524914,0.3236330230720341,0.3784270375035703,16.792378039099276
1358,24.720248150988482,16.79621502989903,0.049843976739794016,0.474350992590189,0.5271399859338999,16.722154978197068
1359,24.736973988008685,16.72583702020347,0.046667002607136965,0.42891502380371094,0.47838297905400395,16.726167988963425
1360,24.753704599977937,16.730611969251186,0.04795403219759464,0.5553429946303368,0.6063450127840042,16.730052011553198
1361,24.77044588996796,16.74128999002278,0.09933399269357324,0.6086209905333817,0.7160900277085602,16.73290802864358
1362,24.78718270600075,16.736816032789648,0.05013798363506794,0.5445679998956621,0.5976329557597637,16.722571977879852
1363,24.803908973000944,16.72626700019464,0.04710501525551081,0.3487149951979518,0.3986799856647849,16.732963966205716
1364,24.820646659005433,16.73768600448966,0.05141395376995206,0.616937002632767,0.6715529598295689,16.818422998767346
1365,24.837476302986033,16.82964398059994,0.09908003266900778,0.5959629779681563,0.7031739805825055,16.73014700645581
1366,24.854210303979926,16.73400099389255,0.04968798020854592,0.3796790260821581,0.4321950254961848,16.7260019807145
1367,24.870941073982976,16.730770003050566,0.048550020437687635,0.6235769833438098,0.6753649795427918,16.730725998058915
1368,24.8876753890072,16.73431502422318,0.046501983888447285,0.43946801451966166,0.48873398918658495,16.705718997400254
1369,24.904385077999905,16.709688992705196,0.04696100950241089,0.43187098344787955,0.4816369619220495,16.801493999082595
1370,24.921191186993383,16.80610899347812,0.05100498674437404,0.6334839854389429,0.6876569823361933,16.735597979277372
1371,24.937931241001934,16.740054008550942,0.04993297625333071,0.5555149982683361,0.6084779743105173,16.71410398557782
1372,24.954649060964584,16.717819962650537,0.046987959649413824,0.5130630452185869,0.5628660437650979,16.78804401308298
1373,24.971441824978683,16.792764014098793,0.050377973821014166,0.6332620396278799,0.6868240307085216,16.798575990833342
1374,24.98824539897032,16.803573991637677,0.054468982852995396,0.5118909757584333,0.5698419990949333,16.723122040275484
1375,25.004972093971446,16.726695001125336,0.046271015889942646,0.5810630391351879,0.63013203907758,16.722502012271434
1376,25.021698292985093,16.726199013646692,0.0475129927508533,0.40184997487813234,0.4521409864537418,16.81379700312391
1377,25.038516893982887,16.81860099779442,0.09701598901301622,0.613801006693393,0.7139610243029892,16.722059983294457
1378,25.055242588976398,16.725694993510842,0.046900007873773575,0.5945310113020241,0.6442710291594267,16.722052008844912
1379,25.071968249976635,16.72566100023687,0.04633702337741852,0.45586301712319255,0.5050150211900473,16.729502996895462
1380,25.088701573957223,16.733323980588466,0.04714197712019086,0.44543802505359054,0.4953560419380665,16.765613050665706
1381,25.105472121969797,16.770548012573272,0.05060399416834116,0.4611669573932886,0.5149529897607863,16.721995023544878
1382,25.122198107012082,16.725985042285174,0.05059799877926707,0.4329819930717349,0.4865589435212314,16.722656961064786
1383,25.13892446499085,16.726357978768647,0.04697300028055906,0.44876302126795053,0.49864500761032104,16.72647998202592
1384,25.15565540001262,16.730935021769255,0.04786200588569045,0.5171769880689681,0.5681209731847048,16.820247983559966
1385,25.17248483997537,16.829439962748438,0.09002600563690066,0.5179800209589303,0.6145330262370408,16.72269101254642
1386,25.18921144300839,16.726603033021092,0.047801993787288666,0.5277330055832863,0.5785119719803333,16.73061097972095
1387,25.20594599796459,16.734554956201464,0.04706898471340537,0.4817250301130116,0.5317380419000983,16.72630599932745
1388,25.222677229961846,16.731231997255236,0.0511090038344264,0.3849430358968675,0.43945503421127796,16.70879003359005
1389,25.239390383998398,16.713154036551714,0.04758499562740326,0.5981269641779363,0.6485359626822174,16.72244700603187
1390,25.256116442964412,16.726058966014534,0.047263980377465487,0.5056000081822276,0.5557010299526155,16.723038046620786
1391,25.272844242979772,16.727800015360117,0.05730503471568227,0.5500839906744659,0.6105860229581594,16.7267500073649
1392,25.28957578301197,16.73154003219679,0.04913297016173601,0.61851303325966,0.6707609863951802,16.82736398652196
1393,25.306416613981128,16.84083096915856,0.09620399214327335,0.44553098268806934,0.5506220040842891,16.722725005820394
1394,25.3231428359868,16.726222005672753,0.04662800347432494,0.44919003266841173,0.4985000123269856,16.722702013794333
1395,25.339869268995244,16.726433008443564,0.04721101140603423,0.45552797382697463,0.5056129884906113,16.727468988392502
1396,25.35660135996295,16.732090967707336,0.050527043640613556,0.4533019964583218,0.5070260376669466,16.852913016919047
1397,25.37346664996585,16.865290002897382,0.07247895700857043,0.6637390470132232,0.744809047318995,16.729795024730265
1398,25.390200566966087,16.733917000237852,0.0472739920951426,0.5787720438092947,0.6288980366662145,16.72209403477609
1399,25.406926386989653,16.725820023566484,0.046896981075406075,0.33530202927067876,0.3850950160995126,16.723299981094897
1400,25.423653977981303,16.727590991649777,0.04709302447736263,0.40765898302197456,0.4577169893309474,16.731682990211993
1401,25.440391473006457,16.737495025154203,0.05081202834844589,0.545118993613869,0.5990969948470592,16.721737978514284
1402,25.457116908975877,16.725435969419777,0.046434986870735884,0.339767022524029,0.3889590152539313,16.733882017433643
1403,25.473855422984343,16.738514008466154,0.047901005018502474,0.51089096814394,0.5619149887934327,16.719701001420617
1404,25.490578780008946,16.723357024602592,0.047150999307632446,0.45337097253650427,0.5033629713580012,16.757509962189943
1405,25.507341807999182,16.76302799023688,0.05434901686385274,0.6115910364314914,0.6691850139759481,16.725753957871348
1406,25.52407233195845,16.730523959267884,0.04790601087734103,0.5906660226173699,0.641757040284574,16.726550005842
1407,25.54080332798185,16.730996023397893,0.047856010496616364,0.4530459991656244,0.5039990064688027,16.736434015911072
1408,25.557548092969228,16.744764987379313,0.050426984671503305,0.5865140119567513,0.6401590071618557,16.807419015094638
1409,25.574360287981108,16.81219501188025,0.053470954298973083,0.568182033021003,0.6248310091905296,16.80978899821639
1410,25.591182012984063,16.821725002955645,0.0679120421409607,0.5220869788900018,0.5985239986330271,16.794465016573668
1411,25.607981147011742,16.79913402767852,0.05141599103808403,0.6351000047288835,0.6897879648022354,16.726571950130165
1412,25.624712226970587,16.73107995884493,0.04773301770910621,0.5016140057705343,0.5524320295080543,16.872301988769323
1413,25.64159535599174,16.883129021152854,0.07544999243691564,0.5979340057820082,0.6811249768361449,16.830167965963483
1414,25.658438190002926,16.842834011185914,0.08657196303829551,0.40339905535802245,0.498756009619683,16.802348953206092
1415,25.67524518899154,16.806998988613486,0.05092500941827893,0.5709289689548314,0.6250719889067113,16.83866500388831
1416,25.692088501004037,16.843312012497336,0.051085022278130054,0.5259650060907006,0.5803009844385087,16.810725966934115
1417,25.708912600006443,16.824099002406,0.07016799645498395,0.6958989542908967,0.7748839561827481,16.72705396777019
1418,25.725644324964378,16.731724957935512,0.050551025196909904,0.42134698014706373,0.4750720108859241,16.79149002302438
1419,25.742440500005614,16.796175041235983,0.05053699715062976,0.5434289923869073,0.5971579812467098,16.804377955850214
1420,25.759255990968086,16.815490962471813,0.0730229658074677,0.5841259844601154,0.6652119918726385,16.798013006336987
1421,25.776065165002365,16.80917403427884,0.050986011046916246,0.6029710057191551,0.6618080078624189,16.81521296268329
1422,25.7928927349858,16.827569983433932,0.06585102528333664,0.42865797877311707,0.5029789754189551,16.727204027120024
1423,25.809624649002217,16.73191401641816,0.04758598515763879,0.39277999894693494,0.4435849841684103,16.80507796118036
1424,25.826441604993306,16.816955991089344,0.09244703687727451,0.4487149999476969,0.5498260143212974,16.80145796854049
1425,25.84325453796191,16.81293296860531,0.08726498344913125,0.47108199214562774,0.5665789940394461,16.82112301932648
1426,25.860086864966433,16.832327004522085,0.08714600699022412,0.6544700008817017,0.7494990131817758,16.724960994906723
1427,25.87681624101242,16.72937604598701,0.04725699545815587,0.4521790542639792,0.5025040009059012,16.727713984437287
1428,25.893548678955995,16.73243794357404,0.0507709919475019,0.5534979864023626,0.607527035754174,16.79282501572743
1429,25.91035354399355,16.804865037556738,0.07144501432776451,0.36249798722565174,0.44205697486177087,16.809360997285694
1430,25.927169010974467,16.815466980915517,0.06719998782500625,0.42828102596104145,0.49964903155341744,16.82846702169627
1431,25.944002928968985,16.833917994517833,0.06372900679707527,0.3538440214470029,0.42109203059226274,16.726502042729408
1432,25.960734118008986,16.73118904000148,0.054081028793007135,0.4807299701496959,0.5377659690566361,16.824350983370095
1433,25.97756308998214,16.828971973154694,0.05626800702884793,0.4933939781039953,0.5526400054804981,16.808464017231017
1434,25.99437620898243,16.81311900028959,0.05343498196452856,0.44194201473146677,0.5007029976695776,16.816139977890998
1435,26.01119700097479,16.820791992358863,0.05360599607229233,0.5237199948169291,0.5803150124847889,16.808016982395202
1436,26.028009653964546,16.812652989756316,0.053845986258238554,0.47793699195608497,0.5347499973140657,16.811176028568298
1437,26.04482550098328,16.81584701873362,0.053723983000963926,0.4651320050470531,0.5218249862082303,16.72647101804614
1438,26.06155664898688,16.731148003600538,0.0540579785592854,0.5116980173625052,0.5687680095434189,16.862354998011142
1439,26.07842445897404,16.86780998716131,0.06530998507514596,0.5121530266478658,0.5810370203107595,16.82021899614483
1440,26.095249752979726,16.825294005684555,0.05432096077129245,0.47145900316536427,0.5289639811962843,16.836850030813366
1441,26.112092502997257,16.842750017531216,0.0659740180708468,0.5538469995371997,0.6234319880604744,16.841779986862093
1442,26.12894076498924,16.848261991981417,0.07660698611289263,0.5121470312587917,0.592957017943263,16.729982977267355
1443,26.145676367974374,16.73560298513621,0.06572698475793004,0.41511503513902426,0.48447103472426534,16.81934599764645
1444,26.162501043989323,16.824676014948636,0.06217096233740449,0.5293660215102136,0.5949329934082925,16.819507000036538
1445,26.179325429955497,16.824385966174304,0.06040796870365739,0.49945100909098983,0.5629800143651664,16.814659000374377
1446,26.196144827001262,16.819397045765072,0.054477015510201454,0.37260999670252204,0.4300799919292331,16.728690010495484
1447,26.21287853398826,16.733706986997277,0.059049983974546194,0.5287490203045309,0.591085001360625,16.728562011849135
1448,26.229612206981983,16.733672993723303,0.05943700671195984,0.537205021828413,0.5999520071782172,16.820479999296367
1449,26.246437734982464,16.825528000481427,0.05867803702130914,0.532153993844986,0.5940810078755021,16.722480999305844
1450,26.263164142961614,16.72640797914937,0.05095603410154581,0.5119139677844942,0.5658779991790652,16.722152999136597
1451,26.27989011898171,16.725976020097733,0.0508410157635808,0.42918295366689563,0.48302498180419207,16.726142028346658
1452,26.296620854991488,16.730736009776592,0.048064044676721096,0.578043982386589,0.6293579936027527,16.85402396833524
1453,26.31348704197444,16.86618698295206,0.08974899537861347,0.44406100641936064,0.5421250243671238,16.7224170290865
1454,26.330213139008265,16.72609703382477,0.04691601498052478,0.5724530201405287,0.6222089868970215,16.722553002182394
1455,26.346939387964085,16.726248955819756,0.04718295531347394,0.4012529971078038,0.4513280000537634,16.73378102714196
1456,26.36367746599717,16.738078033085912,0.047737034037709236,0.5878349766135216,0.638604979030788,16.845397010911256
1457,26.380533923977055,16.856457979884,0.07166399154812098,0.6595439626835287,0.7391329854726791,16.722487984225154
1458,26.39726029400481,16.726370027754456,0.050031987484544516,0.6174640147946775,0.6705349660478532,16.722761967685074
1459,26.413986720959656,16.72642695484683,0.047384004574269056,0.4428320098668337,0.4930540453642607,16.726377012673765
1460,26.430717707960866,16.73098700121045,0.050520000513643026,0.5702439812012017,0.623997999355197,16.755362041294575
1461,26.447483672993258,16.76596503239125,0.07181498222053051,0.4915730096399784,0.5710499826818705,16.722503991331905
1462,26.464210139005445,16.726466012187302,0.046967004891484976,0.44428702676668763,0.494343985337764,16.722572967410088
1463,26.480936586973257,16.72644796781242,0.04790298407897353,0.37725199945271015,0.4281069850549102,16.725767985917628
1464,26.497666712966748,16.73012599349022,0.048179004807025194,0.5336509784683585,0.5849259905517101,16.790046996902674
1465,26.51446177798789,16.795065021142364,0.05243398481979966,0.5597479757852852,0.6153779686428607,16.72295096796006
1466,26.5311887129792,16.726934991311282,0.04791602259501815,0.6449570064432919,0.6960250320844352,16.7222170275636
1467,26.54791528097121,16.726567992009223,0.05359097849577665,0.5013360059820116,0.5580050055868924,16.72255602898076
1468,26.564643553982023,16.7282730108127,0.0613550073467195,0.5378209752961993,0.6027719937264919,16.80658501572907
1469,26.58145473600598,16.81118202395737,0.0539749744348228,0.6341870175674558,0.6915089907124639,16.802824975457042
1470,26.59826208400773,16.807348001748323,0.09234400931745768,0.4994210321456194,0.5949769983999431,16.721939959097654
1471,26.614987710956484,16.725626948755234,0.047219975385814905,0.3112510312348604,0.3613040316849947,16.73328405013308
1472,26.631724842009135,16.73713105265051,0.04616100341081619,0.4416889860294759,0.4906609538011253,16.75903395516798
1473,26.648488545964938,16.763703955803066,0.05222094478085637,0.5794430035166442,0.6349339964799583,16.78952801739797
1474,26.665282784961164,16.79423899622634,0.051776005420833826,0.5766099784523249,0.6316730286926031,16.72955503454432
1475,26.68201612198027,16.73333701910451,0.04723697202280164,0.5664749769493937,0.6165169761516154,16.722565982490778
1476,26.698742266977206,16.726144996937364,0.04666199674829841,0.4297749837860465,0.47917000483721495,16.710326017346233
1477,26.71545757097192,16.715303994715214,0.05265400977805257,0.4970049485564232,0.5529419868253171,16.794849012512714
1478,26.732257116993424,16.799546021502465,0.05190499359741807,0.3322940319776535,0.3874709946103394,16.721641004551202
1479,26.748982335964683,16.725218971259892,0.04661100683733821,0.5524500156752765,0.6018520216457546,16.722077038139105
1480,26.765708358958364,16.72602299368009,0.05057902308180928,0.5452840123325586,0.598859041929245,16.789139015600085
1481,26.78250200097682,16.793642018456012,0.0517849694006145,0.5270590190775692,0.5820720107294619,16.81211998220533
1482,26.799318915000185,16.816914023365825,0.051716051530092955,0.6491999956779182,0.7042060024105012,16.83202397543937
1483,26.816161728987936,16.84281398775056,0.07961899973452091,0.4177939845249057,0.5051529733464122,16.722325002774596
1484,26.832887755997945,16.726027010008693,0.046451983507722616,0.456377980299294,0.5055879591964185,16.722853004466742
1485,26.84961418795865,16.726431960705668,0.04731002263724804,0.4159809905104339,0.4660460399463773,16.790070047136396
1486,26.866408767993562,16.794580034911633,0.051535957027226686,0.4937860067002475,0.5485619767569005,16.83379296446219
1487,26.883247080957517,16.838312963955104,0.0998239847831428,0.5473839701153338,0.653107010293752,16.72212203266099
1488,26.89997280796524,16.725727007724345,0.04657101817429066,0.4301770240999758,0.4795060376636684,16.721996013075113
1489,26.916698702960275,16.72589499503374,0.047403969801962376,0.5339740309864283,0.5842140526510775,16.74712699605152
1490,26.933450629992876,16.75192703260109,0.052095972932875156,0.446848978754133,0.5023739649914205,16.805275983642787
1491,26.950260451994836,16.80982200196013,0.09016203694045544,0.6544229690916836,0.7478559855371714,16.721821972168982
1492,26.966985893959645,16.72544196480885,0.0465089688077569,0.5501770065166056,0.5994440289214253,16.7227330384776
1493,26.983712237968575,16.726344008930027,0.04667899338528514,0.5830639856867492,0.6325800204649568,16.72813802724704
1494,27.00044504395919,16.732805990613997,0.05211797542870045,0.4396709846332669,0.4950310103595257,16.79678400978446
1495,27.01724643300986,16.801389050669968,0.051377981435507536,0.6130340043455362,0.6676719640381634,16.716290963813663
1496,27.033966607006732,16.7201739968732,0.050410046242177486,0.5524269654415548,0.6058209692128003,16.72195695573464
1497,27.05069211497903,16.725507972296327,0.04647200694307685,0.556371989659965,0.6056579877622426,16.748817986808717
1498,27.067445483990014,16.753369010984898,0.05191098898649216,0.6050029769539833,0.6602489738725126,16.7931109899655
1499,27.0842431189958,16.797635005787015,0.05146401235833764,0.5923320422880352,0.6470130174420774,16.807449981570244
1500,27.10106008895673,16.816969960927963,0.08447899017482996,0.42072503129020333,0.5125640309415758,16.72264002263546
1501,27.117786702990998,16.726614034269005,0.04710996290668845,0.6484540062956512,0.6984199862927198,16.72723999945447
1502,27.134518634004053,16.731931013055146,0.05218398291617632,0.3605650272220373,0.416063005104661,16.8320219963789
1503,27.15135525696678,16.836622962728143,0.10046601528301835,0.5209490191191435,0.6247290293686092,16.726630041375756
1504,27.168085727957077,16.730470990296453,0.05059799877926707,0.6019399734213948,0.6555860163643956,16.72256301390007
1505,27.18481194297783,16.726215020753443,0.046527013182640076,0.48376701306551695,0.5331370048224926,16.72766002593562
1506,27.20154596399516,16.734021017327905,0.06347097223624587,0.4146150313317776,0.4819160094484687,16.84805698459968
1507,27.21840622095624,16.860256961081177,0.07859396282583475,0.5798370111733675,0.6671110168099403,16.72445103758946
1508,27.23513827600982,16.732055053580552,0.09263301035389304,0.4579660017043352,0.5562069709412754,16.733152966480702
1509,27.251879567978904,16.74129196908325,0.09750894969329238,0.5475369980558753,0.6517369765788317,16.739819024223834
1510,27.268635549000464,16.75598102156073,0.144747958984226,0.41590805631130934,0.5709860124625266,16.72888599568978
1511,27.285372095007915,16.73654600745067,0.2677169977687299,0.4097820492461324,0.6925810012035072,16.79983298527077
1512,27.302184731990565,16.812636982649565,0.09164103539660573,0.38070196751505136,0.4818179877474904,16.829552012495697
1513,27.319028046971653,16.843314981088042,0.1019149785861373,0.462135998532176,0.5723430076614022,16.867261030711234
1514,27.33591665897984,16.88861200818792,0.15853799413889647,0.6232829764485359,0.7973309839144349,16.86526002595201
1515,27.352804792986717,16.8881340068765,0.17216801643371582,0.8890110184438527,1.0770080261863768,16.85395697131753
1516,27.36968112300383,16.876330017112195,0.16324903117492795,0.723204982932657,0.9024679893627763,16.811328008770943
1517,27.386502749985084,16.821626981254667,0.11784298112615943,0.666678010020405,0.7918819901533425,16.808343993034214
1518,27.40332210098859,16.81935100350529,0.08446502033621073,0.5921699921600521,0.6844750023446977,16.79883000906557
1519,27.42013219097862,16.810089990030974,0.08394598262384534,0.7025299710221589,0.7946009864099324,16.725110996048898
1520,27.43686194397742,16.729752998799086,0.046501983888447285,0.6193300359882414,0.6690050358884037,16.83413702994585
1521,27.453705816995353,16.84387301793322,0.1046310062520206,0.7520910003222525,0.8632380049675703,16.808601969387382
1522,27.47052661899943,16.82080200407654,0.07928401464596391,0.5295610171742737,0.6170640117488801,16.795372997876257
1523,27.487333247961942,16.80662896251306,0.08485600119456649,0.5405949777923524,0.6335600046440959,16.829506028443575
1524,27.504175675974693,16.842428012751043,0.08149899076670408,0.6771920016035438,0.7674280204810202,16.79625699762255
1525,27.520985317009035,16.80964103434235,0.09973702253773808,0.6169549887999892,0.7257349789142609,16.818475967738777
1526,27.5378174809739,16.832163964863867,0.09334197966381907,0.5575560498982668,0.659687037114054,16.80851902347058
1527,27.554637520981487,16.820040007587522,0.08730200352147222,0.5521379644051194,0.6475219852291048,16.73219201620668
1528,27.571374771010596,16.73725002910942,0.05230499664321542,0.6296440260484815,0.687667983584106,16.80913899326697
1529,27.588188658992294,16.813887981697917,0.05032704211771488,0.5789109854958951,0.6323760026134551,16.722358006518334
1530,27.604915114992764,16.726456000469625,0.04974700277671218,0.4231060156598687,0.4757390124723315,17.056903976481408
1531,27.621976486989297,17.061371996533126,0.050273025408387184,0.6470700027421117,0.700447999406606,16.723096021451056
1532,27.638703777978662,16.72729098936543,0.05364400567486882,0.4717819974757731,0.5288299871608615,16.703444998711348
1533,27.655417000001762,16.71322202309966,0.0643450184725225,0.463888980448246,0.5360479699447751,16.730105970054865
1534,27.67215236800257,16.735368000809103,0.05918997339904308,0.41619804687798023,0.4786589997820556,16.79433899698779
1535,27.688954408979043,16.8020409764722,0.07968302816152573,0.6493839900940657,0.7335320115089417,16.729437978938222
1536,27.705689700960647,16.73529198160395,0.060170015785843134,0.6001460133120418,0.6637740298174322,16.69209502870217
1537,27.722386367968284,16.69666700763628,0.05339900963008404,0.5025739665143192,0.5591899971477687,16.729441995266825
1538,27.73912012798246,16.73376001417637,0.051310984417796135,0.411320012062788,0.46545802615582943,16.7296800063923
1539,27.75585462799063,16.73450000816956,0.05392200546339154,0.4130029701627791,0.47017697943374515,16.72910898923874
1540,27.77259197999956,16.73735200893134,0.08812802843749523,0.6493969704024494,0.7431819685734808,16.728540998883545
1541,27.78933253500145,16.740555001888424,0.15419197734445333,0.578679027967155,0.7431359845213592,16.73169998684898
1542,27.80607325496385,16.740719962399453,0.11657597497105598,0.4379770252853632,0.56186702568084,16.734804026782513
1543,27.822821195004508,16.74794004065916,0.15297200297936797,2.493603969924152,2.6572629576548934,16.746354987844825
1544,27.83958630997222,16.76511496771127,0.15324202831834555,0.3368980251252651,0.5001600366085768,16.73956698505208
1545,27.85634137998568,16.755070013459772,0.1551629975438118,0.3613739972934127,0.5282830097712576,16.799091012217104
1546,27.873155216977466,16.813836991786957,0.11764501687139273,0.549276010133326,0.6773180211894214,16.814175993204117
1547,27.88998268696014,16.827469982672483,0.0956509611569345,0.5242390325292945,0.6293480400927365,16.807389038149267
1548,27.906803680001758,16.82099304161966,0.10140100494027138,0.44292001985013485,0.5527180037461221,16.815583978313953
1549,27.923630710982252,16.827030980493873,0.07992301834747195,0.33906998578459024,0.4268930060788989,16.807362029794604
1550,27.94044987799134,16.819167009089142,0.11415604967623949,0.33331295708194375,0.4551829770207405,16.804119979497045
1551,27.957266154990066,16.81627699872479,0.09489699732512236,0.4191459738649428,0.5222369800321758,16.87453198246658
1552,27.974153237999417,16.887083009351045,0.08598598651587963,0.5575600080192089,0.6519639864563942,16.801289981231093
1553,27.990963867981918,16.81062998250127,0.0808840268291533,0.37487101508304477,0.4622280248440802,16.78726403042674
1554,28.007761680986732,16.79781300481409,0.07679499685764313,0.4979359800927341,0.5814699688926339,16.795419971458614
1555,28.024568091961555,16.80641097482294,0.10127195855602622,0.4788310034200549,0.587532005738467,16.826480044983327
1556,28.041407331009395,16.839239047840238,0.10160298552364111,0.4626740119419992,0.5730279954150319,16.825643950141966
1557,28.058244071959052,16.836740949656814,0.08742703357711434,0.3406920004636049,0.4357960424385965,16.812849033158273
1558,28.075066357967444,16.82228600839153,0.09341700933873653,0.47756300773471594,0.577339029405266,16.813615045975894
1559,28.09189224196598,16.825883998535573,0.09185197995975614,0.33762602834030986,0.4375880234874785,16.822405043058097
1560,28.108728202001657,16.835960035678,0.10002998169511557,0.34199701622128487,0.4507330013439059,16.82786300079897
1561,28.125565590977203,16.837388975545764,0.09272096212953329,0.38608501199632883,0.48538000555709004,16.87850203597918
1562,28.14245616097469,16.890569997485727,0.10028004180639982,0.35156699595972896,0.4601710243150592,16.806089028250426
1563,28.15927326196106,16.81710098637268,0.11251203250139952,0.3648590063676238,0.4853660357184708,16.800979035906494
1564,28.17608557798667,16.812316025607288,0.09881600271910429,0.5457890219986439,0.6526079960167408,16.820055025164038
1565,28.192916821979452,16.83124399278313,0.0822329893708229,0.429367006290704,0.5195109988562763,16.837307019159198
1566,28.20976617396809,16.849351988639683,0.09319995297119021,0.5598670104518533,0.6613020086660981,16.73442602623254
1567,28.22651164000854,16.745466040447354,0.07408799137920141,0.5395319894887507,0.6181189673952758,16.734361997805536
1568,28.243250900006387,16.73925999784842,0.05998701089993119,0.6011609802953899,0.6644619861617684,16.72755996696651
1569,28.25998609198723,16.7351919808425,0.07710600038990378,0.410152948461473,0.4920989740639925,16.732627002056688
1570,28.276726837968454,16.74074598122388,0.07578800432384014,0.43024803744629025,0.5106120370328426,16.734578006435186
1571,28.29346895898925,16.74212102079764,0.07653801003471017,0.7881550118327141,0.869048002641648,16.726780973840505
1572,28.310201894957572,16.732935968320817,0.05773897282779217,0.39747904520481825,0.4585510469041765,16.72637101728469
1573,28.326938711979892,16.736817022319883,0.07288000779226422,0.4852190031670034,0.5647200159728527,16.725247027352452
1574,28.343668654968496,16.729942988604307,0.05647499347105622,0.5667119985446334,0.6266040145419538,16.71490800799802
1575,28.360388570989016,16.71991602052003,0.05420099478214979,0.5537779652513564,0.6113569834269583,16.82675100164488
1576,28.377225198957603,16.83662796858698,0.09700696682557464,0.5302050267346203,0.6327350274659693,16.79949602112174
1577,28.394032160984352,16.806962026748806,0.08246302604675293,0.37344195879995823,0.46061998000368476,16.72676799353212
1578,28.410764332977124,16.732171992771327,0.05747994873672724,0.45756500912830234,0.5186169873923063,16.696459031663835
1579,28.427465605956968,16.70127297984436,0.054311996791511774,0.37075101863592863,0.42829004814848304,16.84381504310295
1580,28.44432119000703,16.855584050063044,0.08533196523785591,0.3780890256166458,0.4714769893325865,16.835721966344863
1581,28.461167990986723,16.84680097969249,0.08841598173603415,0.4797559813596308,0.5761419888585806,16.79500500904396
1582,28.477975220012013,16.807229025289416,0.07620500400662422,0.46815595123916864,0.5524839507415891,16.725345980376005
1583,28.49470494996058,16.729729948565364,0.05206099012866616,0.4981529782526195,0.5532900104299188,16.68840303318575
1584,28.511398765956983,16.693815996404737,0.05099596455693245,0.22528599947690964,0.27947500348091125,16.803289006929845
1585,28.528213749988936,16.814984031952918,0.08937099482864141,0.3428939962759614,0.4398259916342795,16.821615980006754
1586,28.54504664801061,16.832898021675646,0.07143098628148437,0.4846719675697386,0.5638529546558857,16.78949495544657
1587,28.5618464910076,16.799842996988446,0.08932099444791675,0.49765402218326926,0.5947229801677167,16.820307995658368
1588,28.578684952983167,16.838461975567043,0.10562100214883685,0.4686390166170895,0.5847800057381392,16.838582989294082
1589,28.59553617698839,16.85122400522232,0.09566498920321465,0.4373849951662123,0.5415789783000946,16.726449015550315
1590,28.612267521966714,16.73134497832507,0.05355902248993516,0.37783500738441944,0.4345120396465063,16.79247902939096
1591,28.629065613960847,16.798091994132847,0.05618203431367874,0.4533819737844169,0.5128110060468316,16.726778994780034
1592,28.64579695201246,16.73133805161342,0.04936102777719498,0.3435629769228399,0.39605196798220277,16.719160950742662
1593,28.66252758196788,16.730629955418408,0.09030901128426194,0.4620819818228483,0.5600600270554423,16.845997015479952
1594,28.679391251993366,16.8636700254865,0.07876800373196602,0.3415300161577761,0.4279930144548416,16.8210249976255
1595,28.696224251994863,16.833000001497567,0.10844599455595016,0.4898100160062313,0.6064479821361601,16.802316007670015
1596,28.713039772992488,16.815520997624844,0.10562100214883685,0.4469099803827703,0.5609599757008255,16.84168301289901
1597,28.729892849980388,16.85307698789984,0.07413298590108752,0.46925299102440476,0.5509179900400341,16.813491994980723
1598,28.74671885598218,16.826006001792848,0.08098996477201581,0.3072720137424767,0.39698899490758777,16.79281098768115
1599,28.763522668974474,16.803812992293388,0.10669400217011571,0.4445129889063537,0.5590430228039622,16.864303033798933
1600,28.78039168100804,16.869012033566833,0.09259895887225866,0.4313359968364239,0.527186959516257,16.72472700010985
1601,28.797120717994403,16.72903698636219,0.047750945668667555,0.571396027226001,0.6221919902600348,16.724674962460995
1602,28.813850101956632,16.729383962228894,0.0479560112580657,0.6765479920431972,0.7277330150827765,16.735855024307966
1603,28.83059071796015,16.74061600351706,0.05118799163028598,0.5328209954313934,0.5872549954801798,16.725594003219157
1604,28.847321339999326,16.730622039176524,0.05066202720627189,0.38930296432226896,0.4435299779288471,16.80947298882529
1605,28.86413563496899,16.814294969663024,0.05136296385899186,0.600686005782336,0.6553150014951825,16.727327019907534
1606,28.880867597006727,16.731962037738413,0.047434994485229254,0.5945690209046006,0.644997984636575,16.728097980376333
1607,28.8976007939782,16.733196971472353,0.0543129863217473,0.6349710165522993,0.6926979986019433,16.831536020617932
1608,28.914444100984838,16.843307006638497,0.07846398511901498,0.4856360028497875,0.5718590109609067,16.73766999738291
1609,28.93119095399743,16.7468530125916,0.0781360431574285,0.29923097463324666,0.384113984182477,16.724439978133887
1610,28.947920024977066,16.729070979636163,0.050269009079784155,0.5156840197741985,0.5690270336344838,16.725448018405586
1611,28.964650103007443,16.730078030377626,0.04762702155858278,0.6316449726000428,0.6822929717600346,16.811119974590838
1612,28.981472646002658,16.822542995214462,0.0942860497161746,0.5385089898481965,0.64096599817276,16.865114972461015
1613,28.998342578008305,16.86993200564757,0.08311396231874824,0.5485690198838711,0.6349419709295034,16.80200599366799
1614,29.01515610597562,16.813527967315167,0.07319397991523147,0.6220260402187705,0.7033860310912132,16.727462993003428
1615,29.031888108002022,16.73200202640146,0.04765402991324663,0.6295769708231091,0.6803079741075635,16.72737899934873
1616,29.04862001800211,16.731910000089556,0.04761101445183158,0.5650899838656187,0.6158159812912345,16.804365965072066
1617,29.065435706987046,16.81568898493424,0.10363600449636579,0.5748040275648236,0.6865410250611603,16.803217004053295
1618,29.082249734958168,16.814027971122414,0.10619696695357561,0.5558980046771467,0.6698640063405037,16.832481021992862
1619,29.099093583005015,16.843848046846688,0.08379598148167133,0.6629940471611917,0.7548370049335063,16.850637970492244
1620,29.115955828980077,16.86224597506225,0.09546399815008044,0.6203230004757643,0.7236429955810308,16.727836977224797
1621,29.13268830499146,16.73247601138428,0.04759797593578696,0.5267920205369592,0.5774130113422871,16.820869001094252
1622,29.14952070900472,16.832404013257474,0.07844995707273483,0.5981990252621472,0.6847159820608795,16.808416985441
1623,29.1663404610008,16.819751996081322,0.11787301627919078,0.5230130045674741,0.6490119849331677,16.82639098726213
1624,29.18317986599868,16.839404997881502,0.08989701746031642,0.6312350160442293,0.7300740107893944,16.809978988021612
1625,29.200001057004556,16.821191005874425,0.09166600648313761,0.5671530379913747,0.6669730064459145,16.727349953725934
1626,29.216733037959784,16.73198095522821,0.04790903767570853,0.5720679764635861,0.6230500293895602,16.85710099991411
1627,29.233601115003694,16.86807704390958,0.08473702473565936,0.5344689707271755,0.6269319565035403,16.725313966162503
1628,29.250330931972712,16.72981696901843,0.04997698124498129,0.5946570308879018,0.6477070273831487,16.79340802365914
1629,29.267128974955995,16.798042983282357,0.05097000394016504,0.5897110095247626,0.6439040298573673,16.724626009818166
1630,29.28385830798652,16.729333030525595,0.04956795601174235,0.4399890312924981,0.49262901302427053,16.727946989703923
1631,29.300591102975886,16.732794989366084,0.04874699516221881,0.5786219844594598,0.6306800059974194,16.80352899711579
1632,29.317406884976663,16.81578200077638,0.10431697592139244,0.5823940155096352,0.6949439994059503,16.72702800715342
1633,29.334138465987053,16.731581010390073,0.04802900366485119,0.6039009895175695,0.6549640092998743,16.73486002255231
1634,29.35087794996798,16.739483980927616,0.04763301694765687,0.459628994576633,0.5103430012241006,16.727231035474688
1635,29.367610101005994,16.7321510380134,0.05220697494223714,0.6017870036885142,0.6573409773409367,16.830327978823334
1636,29.384451633959543,16.841532953549176,0.08492096094414592,0.5755260353907943,0.6684200488962233,16.805957013275474
1637,29.401268799963873,16.81716600432992,0.0964539940468967,0.5795899778604507,0.6842070142738521,16.804397047962993
1638,29.418084541975986,16.815742012113333,0.0917519791983068,0.602932006586343,0.7027920219115913,16.820940014440566
1639,29.434918131970335,16.833589994348586,0.08543400326743722,0.46129297697916627,0.5553039954975247,16.83380303438753
1640,29.45176491996972,16.846787999384105,0.09677698835730553,0.5590069922618568,0.664771010633558,16.80213399231434
1641,29.468578237982,16.813318012282252,0.09602896170690656,0.5750400014221668,0.6792059866711497,16.82897499995306
1642,29.485420172975864,16.841934993863106,0.11841004015877843,0.5183029570616782,0.6456209812313318,16.7945499997586
1643,29.502225946984254,16.805774008389562,0.07765996269881725,0.6774329813197255,0.7629849715158343,16.824450984131545
1644,29.519062179955654,16.836232971400023,0.10233401553705335,0.4117090138606727,0.5218460573814809,16.78819104563445
1645,29.53586164698936,16.799467033706605,0.07690495112910867,0.35738403676077724,0.44238200644031167,16.727058973629028
1646,29.552593498956412,16.731851967051625,0.051454000640660524,0.46150595881044865,0.5162130109965801,16.807083040475845
1647,29.56941163301235,16.81813405593857,0.08420203812420368,0.6490959785878658,0.7410249672830105,16.89136598724872
1648,29.58631439099554,16.902757983189076,0.11628202628344297,0.6304400158114731,0.7547030108980834,16.820468998048455
1649,29.603148161957506,16.833770961966366,0.12807402526959777,0.556443992536515,0.6935620331205428,16.805328021291643
1650,29.619964736979455,16.816575021948665,0.09704899275675416,0.5199289880692959,0.625082990154624,16.797253978438675
1651,29.636773189995438,16.808453015983105,0.09945395868271589,0.4270750214345753,0.5346119869500399,16.79176598554477
1652,29.65357672900427,16.803539008833468,0.10241899872198701,0.6022320012561977,0.7126519922167063,16.814354981761426
1653,29.670395808992907,16.819079988636076,0.0995080335997045,0.5078959511592984,0.6106859655119479,16.713565972168
1654,29.687114163010847,16.71835401793942,0.04941801307722926,0.4348150105215609,0.4874669830314815,16.727551992516965
1655,29.703846296994016,16.73213398316875,0.04777504364028573,0.5645229830406606,0.6154259899631143,16.738489968702197
1656,29.720590778975748,16.74448198173195,0.05130196223035455,0.5957410321570933,0.6504370248876512,16.81604003533721
1657,29.737419613986276,16.828835010528564,0.09617500472813845,0.5617280257865787,0.6667880224995315,16.813022026326507
1658,29.75423752696952,16.817912983242422,0.05046295700594783,0.5358380149118602,0.5895720096305013,16.817722003906965
1659,29.77106035099132,16.822824021801353,0.051472976338118315,0.5286300438456237,0.5833450122736394,16.726000991184264
1660,29.78779112600023,16.730775008909404,0.04950095899403095,0.4551180172711611,0.5078649846836925,16.80263498565182
1661,29.80460510001285,16.813974012620747,0.09409303311258554,0.5710959667339921,0.6733279442414641,16.87728095566854
1662,29.821495398995467,16.890298982616514,0.09430397767573595,0.5640719900839031,0.6672869785688818,16.798932978417724
1663,29.838305122975726,16.80972398025915,0.09111600229516625,0.5959279951639473,0.694660993758589,16.839051037095487
1664,29.85514894896187,16.8438259861432,0.05149102071300149,0.6262849783524871,0.6811110069975257,16.802166996058077
1665,29.87196232599672,16.81337703485042,0.06913405377417803,0.5996559630148113,0.6768439779989421,16.810517001431435
1666,29.888783767994028,16.821441997308284,0.07952400483191013,0.4526420379988849,0.5398640059866011,16.825171012897044
1667,29.905620482983068,16.836714989040047,0.09471602970734239,0.5546879838220775,0.6570949917659163,16.819607000797987
1668,29.922451208985876,16.83072600280866,0.08901499677449465,0.5619580042548478,0.6590959965251386,16.809228982310742
1669,29.93927186896326,16.82065997738391,0.08655100828036666,0.5628689541481435,0.657483993563801,16.832916997373104
1670,29.95611565100262,16.843782039359212,0.08783000521361828,0.5593340029008687,0.6549250101670623,16.724288987461478
1671,29.97284437896451,16.7287279618904,0.047039997298270464,0.57565001770854,0.6257170462049544,16.837791015859693
1672,29.989694988995325,16.850610030815005,0.07586198626086116,0.6316080107353628,0.7163899717852473,16.755654010921717
1673,30.006463300960604,16.76831196527928,0.11005997657775879,0.5512600182555616,0.6702890386804938,16.807361040264368
1674,30.023281972971745,16.818672011140734,0.11846702545881271,0.4569320008158684,0.583611021284014,16.801524034235626
1675,30.040094812982716,16.81284001097083,0.07473101140931249,0.6103909690864384,0.693160982336849,16.77853602450341
1676,30.056878003990278,16.78319100756198,0.05139200948178768,0.48287096433341503,0.5374979809857905,16.81255199946463
1677,30.073703341011424,16.82533702114597,0.08688395610079169,0.6280090310610831,0.7237939862534404,16.681353969033808
1678,30.090389457996935,16.686116985511035,0.05000102100893855,0.5405459669418633,0.593772972933948,16.787596978247166
1679,30.107182717008982,16.7932590120472,0.05294004222378135,0.5132859805598855,0.5695769796147943,16.727362002711743
1680,30.123914566996973,16.731849987991154,0.04751101369038224,0.5935509689152241,0.6441139848902822,16.72760199289769
1681,30.14064704696648,16.73247996950522,0.04790798993781209,0.573303026612848,0.6244730320759118,16.734093020204455
1682,30.157385702012107,16.738655045628548,0.047121953684836626,0.5295020528137684,0.579687999561429,16.79212396265939
1683,30.174188962962944,16.803260950837284,0.10949000716209412,0.6277990178205073,0.7452990394085646,16.727375041227788
1684,30.19092083099531,16.731868032366037,0.04798901500180364,0.5816529737785459,0.632667972240597,16.727028996683657
1685,30.207652458979283,16.73162798397243,0.047914974857121706,0.578865990974009,0.6298799999058247,16.805328021291643
1686,30.22446456598118,16.812107001896948,0.11442299000918865,0.5516160163097084,0.670112029183656,16.790120978839695
1687,30.24125958897639,16.795022995211184,0.053176016081124544,0.6319790263660252,0.688426021952182,16.7255750275217
1688,30.25798999797553,16.73040899913758,0.05049700848758221,0.6373699870891869,0.6910410011187196,16.732582007534802
1689,30.274727496958803,16.737498983275145,0.05524500738829374,0.4045040113851428,0.4630570183508098,16.797250020317733
1690,30.291535804979503,16.80830802069977,0.09311502799391747,0.5669629899784923,0.6688580033369362,16.785755986347795
1691,30.308327035978436,16.791230998933315,0.058813951909542084,0.5723960348404944,0.6344820139929652,16.8025330058299
1692,30.32514072000049,16.813684022054076,0.08782098302617669,0.5491999909281731,0.6450599757954478,16.803484002593905
1693,30.341955337964464,16.814617963973433,0.11970597552135587,0.34720503026619554,0.47503202222287655,19.439579045865685
1694,30.361403257003985,19.447919039521366,0.08349103154614568,0.5639399751089513,0.6527939694933593,16.730823961552233
1695,30.378143703972455,16.74044696846977,0.11809403076767921,0.5897270166315138,0.7158950320445001,16.738981008529663
1696,30.39489425200736,16.750548034906387,0.1390920369885862,0.5759779596701264,0.725631951354444,16.80543797556311
1697,30.41170878097182,16.814528964459896,0.09472901001572609,0.5072879721410573,0.6084420019760728,16.90320501802489
1698,30.428622589970473,16.913808998651803,0.07462099893018603,0.5502449930645525,0.6326130242086947,16.848091036081314
1699,30.44548269995721,16.86010998673737,0.08069101022556424,0.6129619432613254,0.7017989992164075,17.195402004290372
1700,30.46268285799306,17.20015803584829,0.05591998342424631,0.6031660013832152,0.6623289664275944,16.83494698954746
1701,30.4795210660086,16.838208015542477,0.044255051761865616,0.5022870027460158,0.5488320020958781,16.79721096297726
1702,30.496321424958296,16.800358949694782,0.04493899177759886,0.5548070184886456,0.602077052462846,16.788166016340256
1703,30.51311330596218,16.791881003882736,0.044823973439633846,0.5901759723201394,0.6373469950631261,16.794832015875727
1704,30.529911260004155,16.79795404197648,0.0433590030297637,0.5559209967032075,0.6014769896864891,16.801317979115993
1705,30.546715756994672,16.804496990516782,0.044015992898494005,0.48794702161103487,0.5342090153135359,16.816795978229493
1706,30.56353573600063,16.819979005958885,0.04365597851574421,0.7106250268407166,0.7564880070276558,16.844136000145227
1707,30.580383615975734,16.847879975102842,0.047524983529001474,0.5290670087561011,0.5790769937448204,16.805267019663006
1708,30.597192546003498,16.80893002776429,0.05177099956199527,0.5521170096471906,0.6064109620638192,16.79002499440685
1709,30.61398572998587,16.793183982372284,0.043757958337664604,0.5507339956238866,0.5968359764665365,16.804748971480876
1710,30.630793750984594,16.808020998723805,0.04553096368908882,0.6216570036485791,0.6700549856759608,16.826322011183947
1711,30.647623320983257,16.82956999866292,0.0438629649579525,0.5399510264396667,0.5860410165041685,16.795078001450747
1712,30.66442163597094,16.798314987681806,0.04417297895997763,0.5873580230399966,0.6337320082820952,16.831821994856
1713,30.681256690993905,16.835055022966117,0.04358997102826834,0.5717740277759731,0.6176430033519864,16.812718997243792
1714,30.698072612984106,16.815921990200877,0.04461099160835147,0.553045014385134,0.5998919950798154,16.81153499521315
1715,30.7148884619819,16.81584899779409,0.05869800224900246,0.5460690008476377,0.6080620223656297,16.72461401904002
1716,30.731616300996393,16.72783901449293,0.05139299901202321,0.5625400226563215,0.6161489873193204,16.830737004056573
1717,30.748450318002142,16.834017005749047,0.04394300049170852,0.5243929917924106,0.5705369985662401,16.72442798735574
1718,30.765177988971118,16.727670968975872,0.04494603490456939,0.6105159991420805,0.6577030289918184,16.815415991004556
1719,30.781998299993575,16.820311022456735,0.056521035730838776,0.7306099869310856,0.7903139921836555,16.827542975079268
1720,30.798831443011295,16.83314301772043,0.06603298243135214,0.7998990477062762,0.8695489959791303,16.844519996084273
1721,30.815686511981767,16.85506897047162,0.08521799463778734,0.4716189578175545,0.5642679752781987,16.833210014738142
1722,30.832531102991197,16.844591009430587,0.0685820123180747,0.5117430118843913,0.5884370184503496,16.841500997543335
1723,30.849390432005748,16.859329014550894,0.07267802720889449,0.53114298498258,0.6121409824118018,16.77786698564887
1724,30.86617882095743,16.788388951681554,0.07841800106689334,0.5721410270780325,0.6580690387636423,16.78448700113222
1725,30.8829678450129,16.78902405546978,0.05221000174060464,0.4966509877704084,0.5521049606613815,16.726884990930557
1726,30.89969904499594,16.731199983041734,0.04827795783057809,0.46470004599541426,0.5159180145710707,16.746349981985986
1727,30.91645650798455,16.757462988607585,0.07747701602056623,0.5687709781341255,0.6536549772135913,16.725276014767587
1728,30.933186175010633,16.729667026083916,0.048663001507520676,0.47633599024266005,0.5280379555188119,16.735775978304446
1729,30.9499262549798,16.74007996916771,0.048201007302850485,0.35399297485128045,0.40522299241274595,16.726142028346658
1730,30.966656725970097,16.730470990296453,0.047658977564424276,0.6290220189839602,0.6796350353397429,16.865449026226997
1731,30.98353293800028,16.876212030183524,0.10123697575181723,0.38969801971688867,0.49884000327438116,16.79439900908619
1732,31.00033250200795,16.799564007669687,0.05743600195273757,0.6498720031231642,0.71068195393309,16.851189953740686
1733,31.01718838699162,16.855884983669966,0.052176008466631174,0.5839529912918806,0.6394339725375175,16.727056994568557
1734,31.03391976596322,16.731378971599042,0.0486319768242538,0.6204450037330389,0.6721109966747463,16.83347101788968
1735,31.050764281011652,16.844515048433095,0.07693201769143343,0.39038900285959244,0.47520099906250834,16.802681959234178
1736,31.06757779000327,16.81350899161771,0.07384998025372624,0.4697740077972412,0.5514629883691669,16.837639966979623
1737,31.084426523011643,16.84873300837353,0.07601501420140266,0.4663720028474927,0.5502869607880712,16.831039974931628
1738,31.101268558006268,16.842034994624555,0.07888698019087315,0.5297979805618525,0.6165359518490732,16.81742595974356
1739,31.118090986972675,16.822428966406733,0.05281099583953619,0.51437399815768,0.5704149953089654,16.83635200606659
1740,31.134938724979293,16.847738006617874,0.07027795072644949,0.5424200207926333,0.620828999672085,16.824367980007082
1741,31.151775204984006,16.83648000471294,0.07837399607524276,0.6609890260733664,0.7478260085918009,16.84138097334653
1742,31.168627526960336,16.85232197633013,0.07425696821883321,0.5985770258121192,0.680763041600585,16.83871104614809
1743,31.185478350962512,16.850824002176523,0.11558103142306209,0.5473889759741724,0.6714800256304443,16.87598100397736
1744,31.20236513495911,16.886783996596932,0.08607597555965185,0.45045005390420556,0.5441460525617003,16.78713201545179
1745,31.219163375964854,16.798241005744785,0.07089099381119013,0.5475630168803036,0.6264960393309593,16.809918044600636
1746,31.23598553100601,16.822155041154474,0.07433100836351514,0.6516729481518269,0.734632951207459,16.793464950751513
1747,31.252790030965116,16.80449995910749,0.0702780089341104,0.6191909778863192,0.697278999723494,16.90417103236541
1748,31.269705188984517,16.915158019401133,0.07455697050318122,0.3844710299745202,0.46682602260261774,16.678721993230283
1749,31.286388125969097,16.68293698458001,0.04714500391855836,0.5270420224405825,0.5771790165454149,16.791673027910292
1750,31.303184390999377,16.796265030279756,0.05125999450683594,0.6180740310810506,0.6725440034642816,16.727504960726947
1751,31.319917068001814,16.732677002437413,0.05062099080532789,0.6336169899441302,0.687480962369591,16.727304959204048
1752,31.336648705997504,16.731637995690107,0.04798499867320061,0.46740000834688544,0.5184349720366299,16.725366993341595
1753,31.35338133998448,16.732633986975998,0.047375971917063,0.4871250130236149,0.5375460023060441,16.80016698082909
1754,31.370192528993357,16.81118900887668,0.09621004574000835,0.5150829674676061,0.6192239816300571,16.727147973142564
1755,31.3869240389904,16.73150999704376,0.04798901500180364,0.5828000139445066,0.6337999948300421,16.726835980080068
1756,31.4036555159837,16.73147699330002,0.052076997235417366,0.5494840443134308,0.6047880160622299,16.818576026707888
1757,31.420484911999665,16.82939601596445,0.10728900087997317,0.59134402545169,0.7064639939926565,16.833722009323537
1758,31.4373296549893,16.844742989633232,0.10259996633976698,0.47654303489252925,0.5869650049135089,16.78772398736328
1759,31.454121963994112,16.792309004813433,0.05156896077096462,0.647472043056041,0.7022930076345801,16.811178997159004
1760,31.470943975960836,16.82201196672395,0.08829700527712703,0.5361399962566793,0.6322830449789762,16.807661042548716
1761,31.487762814969756,16.818839008919895,0.0703450059518218,0.6588170072063804,0.7370890234597027,16.84401900274679
1762,31.50461786199594,16.855047026183456,0.08171802619472146,0.6194689776748419,0.7090569706633687,16.80343598127365
1763,31.52143325295765,16.815390961710364,0.10926596587523818,0.6267670542001724,0.743841053918004,16.82725304272026
1764,31.538265332987066,16.83208002941683,0.051965005695819855,0.5524330190382898,0.6076900172047317,16.81153499521315
1765,31.555087899963837,16.82256697677076,0.0823509762994945,0.5052959895692766,0.5954480147920549,16.804555023554713
1766,31.57190300995717,16.815109993331134,0.0881240121088922,0.4930239520035684,0.5886110011488199,16.7271540267393
1767,31.58863452298101,16.731513023842126,0.04884402733296156,0.4835709696635604,0.5354569875635207,16.81118900887668
1768,31.605456880002748,16.822357021737844,0.08107698522508144,0.8006949792616069,0.8896379731595516,16.801110992673784
1769,31.62226848100545,16.811601002700627,0.08080998668447137,0.5350229912437499,0.6233559688553214,16.812575981020927
1770,31.63909331400646,16.82483300101012,0.07774896221235394,0.37909403908997774,0.4654100048355758,16.72370999585837
1771,31.655821205989923,16.72789198346436,0.04647701280191541,0.4759290022775531,0.5253640119917691,16.82845101458952
1772,31.67266025597928,16.83904998935759,0.08572801016271114,0.4974229959771037,0.5906139849685133,16.83049602434039
1773,31.68950172100449,16.84146502520889,0.08321402128785849,0.48423296539112926,0.5753989680670202,16.788868990261108
1774,31.706302450969815,16.800729965325445,0.0929280067794025,0.4701440338976681,0.5710500408895314,16.726825037039816
1775,31.72303361800732,16.731167037505656,0.04781997995451093,0.6187900435179472,0.6696649943478405,16.72763394890353
1776,31.73976575001143,16.73213200410828,0.04930800059810281,0.5418430082499981,0.594551966059953,16.75477297976613
1777,31.756531610968523,16.765860957093537,0.08113798685371876,0.43316802475601435,0.5221880273893476,16.7378350161016
1778,31.773278400010895,16.746789042372257,0.07550802547484636,0.40558597538620234,0.48743997467681766,16.81394997285679
1779,31.79009663796751,16.818237956613302,0.04779500886797905,0.6097450386732817,0.6605320377275348,16.81301899952814
1780,31.806921749957837,16.825111990328878,0.09255699114874005,0.6129919784143567,0.7143120164982975,16.80251205107197
1781,31.823735231999308,16.813482041470706,0.08465501014143229,0.6134830182418227,0.7060350035317242,16.80664299055934
1782,31.840552851965185,16.817619965877384,0.1111950259655714,0.558011990506202,0.6771230255253613,16.791464004199952
1783,31.85734870797023,16.795856005046517,0.05130202043801546,0.6404829910025001,0.6948020309209824,16.795214032754302
1784,31.874154607998207,16.80590002797544,0.09330501779913902,0.41560298996046185,0.5165319889783859,16.80199900874868
1785,31.8909676480107,16.81304001249373,0.0828289776109159,0.3993040299974382,0.49008498899638653,16.801411984488368
1786,31.907780623994768,16.812975984066725,0.07288699271157384,0.5503889988176525,0.6309279706329107,16.791822970844805
1787,31.92458319797879,16.802573984023184,0.08943298598751426,0.48128399066627026,0.5783499800600111,16.81180502055213
1788,31.941407178004738,16.823980025947094,0.11326000094413757,0.472521991468966,0.5945899756625295,16.803389007691294
1789,31.95822179998504,16.814621980302036,0.0966009683907032,0.6382800056599081,0.7425529765896499,16.79740200052038
1790,31.975028142973315,16.80634298827499,0.07476599421352148,0.5050940089859068,0.586229027248919,16.72509900527075
1791,31.9917573799612,16.729236987885088,0.04632800118997693,0.4749919753521681,0.5242369952611625,16.942956019192934
1792,32.00870450498769,16.94712502649054,0.04683597944676876,0.6760670221410692,0.7258370169438422,16.74139400711283
1793,32.02545046695741,16.745961969718337,0.052265997510403395,0.4657380050048232,0.5212660180404782,16.788958047982305
1794,32.04225037898868,16.79991203127429,0.08160201832652092,0.5132340011186898,0.6027480121701956,16.785365995019674
1795,32.05904034996638,16.78997097769752,0.0511090038344264,0.45371102169156075,0.5080730188637972,16.723995038773865
1796,32.07576859899564,16.728249029256403,0.046873989049345255,0.5399539950303733,0.5897859809920192,16.724017972592264
1797,32.09249702398665,16.728424991015345,0.04862702917307615,0.44202100252732635,0.49372902140021324,16.802117985207587
1798,32.109311043983325,16.81401999667287,0.0755669898353517,0.5154149839654565,0.5989759811200202,16.80345699423924
1799,32.12612565601012,16.81461202679202,0.09244499960914254,0.5228410009294748,0.6232379819266498,16.80471998406574
1800,32.14294141699793,16.81576098781079,0.0793289509601891,0.534369028173387,0.621568993665278,16.727412003092468
1801,32.15967337897746,16.73196197953075,0.04798499867320061,0.5975819658488035,0.6486829952336848,16.8012980138883
1802,32.17649215197889,16.81877300143242,0.14047202421352267,0.7380319875665009,0.890679017174989,16.728674992918968
1803,32.19322611798998,16.73396601108834,0.0652759918011725,0.5559579585678875,0.6251519662328064,16.840626019984484
1804,32.210077814001124,16.851696011144668,0.07829698733985424,0.6448900094255805,0.7310750079341233,16.830687993206084
1805,32.226920529967174,16.84271596604958,0.09828800102695823,0.6203099619597197,0.7271500071510673,16.726944013498724
1806,32.24365185399074,16.73132402356714,0.04817999433726072,0.6240109796635807,0.6752209737896919,16.728259972296655
1807,32.26038467197213,16.732817981392145,0.05109398625791073,0.5470650503411889,0.6015110411681235,16.794296039734036
1808,32.27718355599791,16.798884025774896,0.05155196413397789,0.4802810144610703,0.5350859719328582,16.72655699076131
1809,32.29391432896955,16.730772971641272,0.047851004637777805,0.6224510143510997,0.6733530317433178,16.81585400365293
1810,32.310744530986995,16.830202017445117,0.10684900917112827,0.5276700248941779,0.6438620039261878,16.823962971102446
1811,32.327579673961736,16.835142974741757,0.09502697503194213,0.5773900193162262,0.6802860298193991,16.797450021840632
1812,32.344393545994535,16.813872032798827,0.07818196900188923,0.554132042452693,0.6398250116035342,16.797891992609948
1813,32.3612005339819,16.806987987365574,0.07294799434021115,0.670408015139401,0.7497420301660895,16.7478839866817
1814,32.377957410993986,16.75687701208517,0.07925700629130006,0.6297060172073543,0.7155860075727105,16.72512898221612
1815,32.39468686596956,16.72945497557521,0.04777801223099232,0.3491459647193551,0.3999960026703775,16.798594035208225
1816,32.411496553977486,16.809688007924706,0.09489699732512236,0.465721997898072,0.568440998904407,16.78867998998612
1817,32.42829573596828,16.799181990791112,0.08488597813993692,0.6701250094920397,0.7625819998793304,16.738403995987028
1818,32.44504318799591,16.74745202763006,0.07826596265658736,0.398427015170455,0.483168987557292,16.726074973121285
1819,32.46177353395615,16.73034596024081,0.04766997881233692,0.7239420083351433,0.7746160263195634,16.816830029711127
1820,32.47860207699705,16.828543040901423,0.07988797733560205,0.5069450126029551,0.5951320054009557,16.734479984734207
1821,32.49534547497751,16.74339798046276,0.0906360219232738,0.3661339869722724,0.4635410150513053,16.777698998339474
1822,32.51212799100904,16.78251603152603,0.049322028644382954,0.4296440165489912,0.4819839959964156,16.734659962821752
1823,32.52887242101133,16.744430002290756,0.09521201718598604,0.5578929558396339,0.6602339562959969,16.81379694491625
1824,32.54569524596445,16.822824953123927,0.07634097710251808,0.5752030410803854,0.6581960478797555,16.845722042489797
1825,32.56255265697837,16.857411013916135,0.10199099779129028,0.5932049825787544,0.7034559966996312,16.8070379877463
1826,32.579371840984095,16.81918400572613,0.08897605584934354,0.6011409568600357,0.704896985553205,16.802214027848095
1827,32.596185002999846,16.813162015751004,0.0834889942780137,0.5840100347995758,0.675418006721884,16.727107984479517
1828,32.61291644099401,16.73143799416721,0.04813499981537461,0.6019040010869503,0.6530589889734983,16.726880974601954
1829,32.62964789598482,16.731454990804195,0.04793296102434397,0.5032659973949194,0.5542159778997302,16.809783992357552
1830,32.646468371967785,16.820475982967764,0.0821659923531115,0.45008398592472076,0.5397929926402867,16.792511043604463
1831,32.663269881973974,16.801510006189346,0.09109597885981202,0.48002100083976984,0.5775130121037364,16.806417028419673
1832,32.680086884996854,16.817003022879362,0.08143496233969927,0.436319038271904,0.5254310090094805,16.807901964057237
1833,32.696905727963895,16.818842967040837,0.08253398118540645,0.5894370260648429,0.6798730464652181,16.838713025208563
1834,32.713757988996804,16.852261032909155,0.08085899753496051,0.6019530119374394,0.6914589903317392,16.802403959445655
1835,32.73057155398419,16.813564987387508,0.08348003029823303,0.6319649983197451,0.7233300129882991,16.80540101369843
1836,32.74739642901113,16.8248750269413,0.10495400056242943,0.4073609597980976,0.5200989544391632,16.724994988180697
1837,32.7641261779936,16.729748982470483,0.05051400512456894,0.681841978803277,0.7355919806286693,16.727462993003428
1838,32.78085809695767,16.731918964069337,0.04769599763676524,0.6691899616271257,0.7199890096671879,16.736461024265736
1839,32.79760611697566,16.748020017985255,0.05509203765541315,0.6246319971978664,0.6838780245743692,16.789293033070862
1840,32.81440020201262,16.794085036963224,0.05221401806920767,0.6803899887017906,0.7358939619734883,16.847888997290283
1841,32.831253207987174,16.853005974553525,0.055127020459622145,0.6431169458664954,0.7018349715508521,16.821988974697888
1842,32.848080039955676,16.82683196850121,0.050914997700601816,0.6361220148392022,0.6902650347910821,16.72720501665026
1843,32.86481164797442,16.731608018744737,0.04802399780601263,0.5768230184912682,0.6278940127231181,16.798425989691168
1844,32.88162119797198,16.80954999756068,0.08890702156350017,0.7004299550317228,0.7974529871717095,16.812723013572395
1845,32.89844485296635,16.823654994368553,0.10871898848563433,0.7516610203310847,0.8682170300744474,16.81149599608034
1846,32.915268573968206,16.82372100185603,0.0846360344439745,0.508615979924798,0.6013310048729181,16.849482024554163
1847,32.93212937901262,16.860805044416338,0.08572603110224009,0.5914069479331374,0.685308943502605,16.852561966516078
1848,32.94899489497766,16.865515965037048,0.08905300637707114,0.6145410006865859,0.7126629934646189,16.807347012218088
1849,32.965813595976215,16.81870099855587,0.10432000271975994,0.5785850225947797,0.6910210358910263,16.815698996651918
1850,32.98264091898454,16.827323008328676,0.11620100121945143,0.5869959713891149,0.711357977706939,16.834538022521883
1851,32.999486699001864,16.845780017320067,0.08634995901957154,0.519532011821866,0.6139769684523344,16.805752005893737
1852,33.016297174966894,16.81047596503049,0.05011301254853606,0.6501280004158616,0.7034690352156758,16.78885502042249
1853,33.03309071296826,16.79353800136596,0.05095801316201687,0.4939409554935992,0.5481659900397062,16.802514030132443
1854,33.0499046939658,16.813980997540057,0.12211600551381707,0.5159039865247905,0.6461890297941864,16.812924994155765
1855,33.066729175974615,16.82448200881481,0.12486503692343831,0.47947297571226954,0.6125009967945516,16.838318028021604
1856,33.0835791240097,16.849948035087436,0.12060697190463543,0.45517104445025325,0.5839919904246926,16.83214894728735
1857,33.10042303998489,16.843915975186974,0.0993169960565865,0.40766503661870956,0.5152610247023404,16.830574022606015
1858,33.11726737796562,16.844337980728596,0.11636503040790558,0.47965097473934293,0.6050280062481761,16.80736499838531
1859,33.1340858360054,16.818458039779216,0.08185498882085085,0.502825016155839,0.5931499763391912,16.72779698856175
1860,33.15081820997875,16.732373973354697,0.048429996240884066,0.5663759657181799,0.6179119809530675,16.82431303197518
1861,33.16765482898336,16.8366190046072,0.07196300430223346,0.48275297740474343,0.5632719839923084,16.790246998425573
1862,33.184456361981574,16.801532998215407,0.11219398584216833,0.47704705502837896,0.5973200313746929,16.803778999019414
1863,33.20127137698,16.815014998428524,0.08791900472715497,0.47666096361353993,0.5726289818994701,16.80432999273762
1864,33.21808702801354,16.815651033539325,0.10099401697516441,0.5192470271140337,0.6283349939621985,16.82972494745627
1865,33.23492833698401,16.84130897046998,0.0884330365806818,0.6880429573357105,0.7846279768273234,16.802976024337113
1866,33.25174263201188,16.814295027870685,0.07515004836022854,0.5061309784650803,0.5892919725738466,16.724697954487056
1867,33.26847185095539,16.729218943510205,0.04768098006024957,0.49453903920948505,0.5452700424939394,16.787627013400197
1868,33.28526418696856,16.792336013168097,0.05097402026876807,0.4472059663385153,0.5013690097257495,16.790855035651475
1869,33.30206417100271,16.79998403415084,0.09824096923694015,0.43324101716279984,0.5382419913075864,16.84232195839286
1870,33.31891885999357,16.854688990861177,0.09454099927097559,0.4535469925031066,0.556298007722944,16.837892006151378
1871,33.33576759696007,16.84873696649447,0.1224229927174747,0.4640459665097296,0.5942310090176761,16.838176001328975
1872,33.35261683695717,16.849239997100085,0.11118000838905573,0.591348041780293,0.7105670520104468,16.81612804532051
1873,33.36944585700985,16.82902005268261,0.14072301564738154,0.6318140076473355,0.7820239989086986,16.85484597692266
1874,33.3863179339678,16.87207695795223,0.12761401012539864,1.1677860165946186,1.3070690329186618,16.832371009513736
1875,33.40317173697986,16.853803012054414,0.1406800001859665,0.4474679590202868,0.6030059885233641,16.746947017963976
1876,33.41993656597333,16.764828993473202,0.14930596807971597,0.6064919871278107,0.7692439830861986,16.7379510239698
1877,33.43667998799356,16.743422020226717,0.07008900865912437,0.5919309915043414,0.6664120010100305,16.769264009781182
1878,33.45346063497709,16.780646983534098,0.09290699381381273,0.602555985096842,0.7034990121610463,16.806155035737902
1879,33.47027825796977,16.81762299267575,0.07235404336825013,0.4602109547704458,0.5406319978646934,16.82325400179252
1880,33.48711294296663,16.83468499686569,0.09225902613252401,0.564592017326504,0.6649690330959857,16.840435040649027
1881,33.50396498601185,16.852043045219034,0.07418903987854719,0.5599839496426284,0.6424049497582018,16.833814966958016
1882,33.52081432600971,16.849339997861534,0.08113199146464467,0.6186360260471702,0.7091729785315692,16.727996990084648
1883,33.53754746296909,16.73313695937395,0.05484104622155428,0.5096209933981299,0.5678990273736417,16.80982601828873
1884,33.554368426965084,16.820963995996863,0.08746003732085228,0.6096079596318305,0.7051400025375187,16.847188991960138
1885,33.571226943982765,16.85851701768115,0.07419701432809234,0.6385130109265447,0.7207600283436477,16.84043399291113
1886,33.58807822596282,16.85128198005259,0.09351898916065693,0.48728601541370153,0.5884700221940875,16.727401001844555
1887,33.604810311982874,16.73208602005616,0.04872301360592246,0.6457749987021089,0.6976390141062438,16.861183976288885
1888,33.621676707989536,16.8663960066624,0.05120597779750824,0.5739150219596922,0.6285129929892719,16.825511993374676
1889,33.6385136009776,16.83689298806712,0.07684202864766121,0.4492909647524357,0.5341999931260943,16.81827800348401
1890,33.655342742975336,16.829141997732222,0.09194196900352836,0.42136304546147585,0.5211030365899205,16.797277028672397
1891,33.672151214967016,16.808471991680562,0.0987109960988164,0.4710879875347018,0.5778470076620579,16.863030032254755
1892,33.68902557500405,16.87436003703624,0.08701696060597897,0.31572201987728477,0.4108439898118377,16.82202599477023
1893,33.705859954992775,16.834379988722503,0.09073404362425208,0.449086946900934,0.547956966329366,16.73216896597296
1894,33.722602395981085,16.74244098830968,0.05076098022982478,0.39164500776678324,0.44587900629267097,16.81536401156336
1895,33.73943065700587,16.828261024784297,0.11015997733920813,0.3426799667067826,0.4618459497578442,16.80195500375703
1896,33.75623739196453,16.806734958663583,0.05061796400696039,0.45237602898851037,0.506265030708164,16.792403010185808
1897,33.77303462300915,16.797231044620275,0.050753995310515165,0.4932050360366702,0.547136995010078,16.801700985524803
1898,33.789847573963925,16.812950954772532,0.077606993727386,0.47286704648286104,0.5585020408034325,16.82198402704671
1899,33.80668092396809,16.83335000416264,0.0886560301296413,0.3643399686552584,0.46110799303278327,16.846914018969983
1900,33.823539142962545,16.858218994457275,0.08603400783613324,0.35801599733531475,0.45219401363283396,16.79918699664995
1901,33.84034312097356,16.803978011012077,0.055024982430040836,0.44612999772652984,0.504427996929735,16.802612983155996
1902,33.85715726297349,16.814141999930143,0.08979998528957367,0.39455998921766877,0.4924649838358164,16.724616987630725
1903,33.873886544955894,16.729281982406974,0.047039007768034935,0.30697701731696725,0.35709503572434187,16.83548401342705
1904,33.89073352300329,16.846978047396988,0.09285600390285254,0.32199802808463573,0.423051998950541,16.737948986701667
1905,33.90748356300173,16.750039998441935,0.07093203021213412,0.34463597694411874,0.4236319800838828,16.81831496534869
1906,33.92430674697971,16.82318397797644,0.05144102033227682,0.5251509719528258,0.5798399797640741,16.803354024887085
1907,33.94112163898535,16.814892005641013,0.08411100134253502,0.5256899748928845,0.6180049967952073,16.83105801930651
1908,33.957964045985136,16.842406999785453,0.07814000127837062,0.5285840015858412,0.614692980889231,16.82380400598049
1909,33.974800661962945,16.836615977808833,0.07404398638755083,0.5149589851498604,0.5980239948257804,16.731687006540596
1910,33.991536674962845,16.736012999899685,0.04907604306936264,0.3725839778780937,0.42470102198421955,16.789689019788057
1911,34.008335424994584,16.798750031739473,0.08602201705798507,0.37222501123324037,0.4648159956559539,16.793349001090974
1912,34.02513351099333,16.798085998743773,0.05107000470161438,0.3321190015412867,0.3864889731630683,16.81477896636352
1913,34.04196099896217,16.827487968839705,0.07286202162504196,0.5205689813010395,0.6023020250722766,16.830548003781587
1914,34.05880422698101,16.843228018842638,0.07113197352737188,0.49067800864577293,0.5706259980797768,16.730973031371832
1915,34.07554581598379,16.74158900277689,0.07278798148036003,0.4581859684549272,0.5387049750424922,16.907817975152284
1916,34.09245821798686,16.912402003072202,0.052885967306792736,0.3597110044211149,0.4157199873588979,16.809216991532594
1917,34.109279347991105,16.821130004245788,0.11158501729369164,0.3374749794602394,0.45699498150497675,16.799848002847284
1918,34.12609037297079,16.811024979688227,0.07440801709890366,0.4773649852722883,0.5597519921138883,16.830551030579954
1919,34.14293401601026,16.84364303946495,0.07991300662979484,0.3396489773876965,0.428460945840925,16.792463953606784
1920,34.15973876498174,16.804748971480876,0.07854698924347758,0.34056202275678515,0.4276930121704936,16.85663202079013
1921,34.17660013400018,16.86136901844293,0.05043798591941595,0.45109400525689125,0.5048349848948419,16.847247956320643
1922,34.19345855998108,16.858425980899483,0.08521100971847773,0.4669229965656996,0.5601950106211007,16.819161013700068
1923,34.210288619971834,16.83005999075249,0.09060901356860995,0.3542560152709484,0.4526100237853825,16.81030500913039
1924,34.22711143200286,16.822812031023204,0.11177500709891319,0.5383229581639171,0.6587549578398466,16.842175973579288
1925,34.24396597198211,16.85453997924924,0.08328299736604095,0.4995260387659073,0.5910940235480666,16.81302598444745
1926,34.26079031598056,16.824343998450786,0.09328802116215229,0.3798449761234224,0.48115698155015707,16.72305102692917
1927,34.277524668956175,16.734352975618094,0.0795450177974999,0.457088986877352,0.5446560098789632,16.82585902744904
1928,34.29436220997013,16.83754101395607,0.0754870125092566,0.3411190118640661,0.4247380420565605,16.808693995699286
1929,34.31118386099115,16.821651021018624,0.08942600106820464,0.4692859947681427,0.5672989645972848,16.783681989181787
1930,34.32797869096976,16.794829978607595,0.09181798668578267,0.46019599540159106,0.5602110177278519,16.810332017485052
1931,34.344800407998264,16.8217170285061,0.07847201777622104,0.3798510297201574,0.4664830048568547,16.802573984023184
1932,34.361613899003714,16.813491005450487,0.07486302638426423,0.44599600369110703,0.5287000094540417,16.826068982481956
1933,34.37845193699468,16.83803799096495,0.1078920322470367,0.4504550015553832,0.5662160110659897,16.839932010043412
1934,34.39530431199819,16.852375003509223,0.09192299330607057,0.3427700139582157,0.443188997451216,16.798785014543682
1935,34.41211391199613,16.809599997941405,0.08150999201461673,0.4914170131087303,0.5808119894936681,16.786466992925853
1936,34.428911131981295,16.797219985164702,0.07496494799852371,0.35216205287724733,0.43481303146108985,16.842045006342232
1937,34.44576574995881,16.854617977514863,0.0871450174599886,0.3890389925800264,0.4850270343013108,16.80974999908358
1938,34.462588166003115,16.82241604430601,0.07115898188203573,0.4762039752677083,0.5562299629673362,16.80469897110015
1939,34.479397512972355,16.809346969239414,0.10489398846402764,0.32950902823358774,0.4378980374895036,16.85407100012526
1940,34.496264292974956,16.866780002601445,0.07232499774545431,0.48993603559210896,0.5711410194635391,16.78657199954614
1941,34.51306277298136,16.798480006400496,0.10677200043573976,0.3424350288696587,0.45751401921734214,16.802394995465875
1942,34.52987646200927,16.813689027912915,0.09688996942713857,0.5291469860821962,0.6340379477478564,16.80823095375672
1943,34.546695984958205,16.819522948935628,0.11471804464235902,0.4565369454212487,0.5794099997729063,16.83517300989479
1944,34.563543491007295,16.847506049089134,0.07344700861722231,0.4598170053213835,0.5419059889391065,16.80970995221287
1945,34.580365569971036,16.82207896374166,0.08666201028972864,0.5026939907111228,0.5980260320939124,16.79505902575329
1946,34.59717207896756,16.806508996523917,0.08631899254396558,0.3526079817675054,0.44700101716443896,16.84354804456234
1947,34.6140264509595,16.854371991939843,0.1137930084951222,0.46475196722894907,0.5862630205228925,16.72741601942107
1948,34.63075836095959,16.731910000089556,0.0484439660795033,0.29242999153211713,0.34398899879306555,16.81797602213919
1949,34.64758891495876,16.83055399917066,0.07034098962321877,0.417520001064986,0.4967530257999897,16.80897903861478
1950,34.664410204975866,16.82129001710564,0.13113103341311216,0.32581097912043333,0.46546501107513905,16.82894502300769
1951,34.681249836983625,16.839632007759064,0.09080301970243454,0.3436279948800802,0.4421499907039106,16.811268986202776
1952,34.69807237596251,16.82253897888586,0.07379503222182393,0.3546130028553307,0.4365140339359641,16.81153301615268
1953,34.71489730797475,16.824932012241334,0.07236597593873739,0.33938500564545393,0.42063900036737323,16.809049004223198
1954,34.73171869496582,16.82138699106872,0.08321204222738743,0.4027419490739703,0.4943879903294146,16.81472302880138
1955,34.74854417296592,16.825478000100702,0.09644002420827746,0.3486669738776982,0.45293301809579134,16.81606099009514
1956,34.76536964898696,16.82547602104023,0.09174697333946824,0.43239002116024494,0.5307190003804862,16.794848022982478
1957,34.782169135985896,16.7994869989343,0.050525995902717113,0.3573260037228465,0.41106302523985505,16.78985299076885
1958,34.79897154698847,16.802411002572626,0.0734180212020874,0.6163119687698781,0.6986099760979414,16.78990200161934
1959,34.81577287201071,16.801325022242963,0.08569896453991532,0.494115985929966,0.5879989475943148,16.83726196642965
1960,34.832621509965975,16.848637955263257,0.0830490025691688,0.4366950015537441,0.5278770113363862,16.789373010396957
1961,34.849422095983755,16.800586017780006,0.08533097570762038,0.3581619821488857,0.4516689805313945,16.816766990814358
1962,34.86625156796072,16.82947197696194,0.13138697249814868,0.34014304401353,0.48038404202088714,16.81630901293829
1963,34.88308004499413,16.828477033413947,0.07061398355290294,0.4458840121515095,0.5250030080787838,16.81081100832671
1964,34.89990265900269,16.822614008560777,0.08894101483747363,0.3467359929345548,0.44407497625797987,16.804134007543325
1965,34.91671810898697,16.81544998427853,0.07725600153207779,0.5145890172570944,0.5995520041324198,16.77115698112175
1966,34.93350070598535,16.78259699838236,0.10055198799818754,0.4831000114791095,0.5916230147704482,16.807375999633223
1967,34.95032008399721,16.819378011859953,0.08538400288671255,0.3453799872659147,0.4389469977468252,16.869040962774307
1968,34.967201822961215,16.88173896400258,0.07247296161949635,0.447905040346086,0.529320037458092,16.811453038826585
1969,34.984024384000804,16.822561039589345,0.09081099415197968,0.34068000968545675,0.4395300056785345,16.788195993285626
1970,35.000823403999675,16.79901999887079,0.07909297710284591,0.451265019364655,0.5380979855544865,16.85145898954943
1971,35.017686789971776,16.86338597210124,0.081834034062922,0.5171669763512909,0.6070850067771971,16.827839019242674
1972,35.03452590899542,16.839119023643434,0.06933702388778329,0.3437889972701669,0.4212239873595536,16.819042968563735
1973,35.05135785898892,16.83194999350235,0.08152495138347149,0.39629300590604544,0.4866059753112495,16.793337010312825
1974,35.06815584900323,16.797990014310926,0.05065498407930136,0.4859209875576198,0.5399619694799185,16.726444009691477
1975,35.0848868410103,16.73099200706929,0.047712004743516445,0.4967820132151246,0.5475659854710102,16.813108988571912
1976,35.101711447990965,16.824606980662793,0.06925303023308516,0.4858879838138819,0.5632719839923084,16.834477020893246
1977,35.118557289009914,16.845841018948704,0.08633703691884875,0.4700319841504097,0.5641119787469506,16.84782694792375
1978,35.13541756599443,16.86027698451653,0.10337901767343283,0.4477769834920764,0.5597149720415473,16.811778012197465
1979,35.15224055899307,16.822992998640984,0.08997804252430797,0.46277098590508103,0.5608139908872545,16.80814300198108
1980,35.169061489985324,16.820930992253125,0.07390498649328947,0.4877730389125645,0.570535019505769,16.836074006278068
1981,35.185910512984265,16.8490229989402,0.07102900417521596,0.34656201023608446,0.4264690214768052,16.72569301445037
1982,35.20264103601221,16.73052302794531,0.05544099258258939,1.8480760045349598,1.90700899111107,16.841249947901815
1983,35.21949164196849,16.85060595627874,0.09532499825581908,0.3372760256752372,0.43926003854721785,16.792999987956136
1984,35.2362894769758,16.797835007309914,0.0510899699293077,0.5209640366956592,0.5753710283897817,16.84103801380843
1985,35.253143432957586,16.853955981787294,0.07304997416213155,0.5870700115337968,0.6689720321446657,16.826444014441222
1986,35.269981067976914,16.837635019328445,0.08114200318232179,0.3391489735804498,0.42842200491577387,16.722284024581313
1987,35.28670728695579,16.726218978874385,0.04850799450650811,0.2954580122604966,0.34692505141720176,16.753182047978044
1988,35.30346517096041,16.757884004618973,0.05036499351263046,0.194824009668082,0.24835002841427922,16.818281030282378
1989,35.320288554998115,16.823384037707,0.051461043767631054,0.23498700466006994,0.2896260120905936,16.722225002013147
1990,35.337014744989574,16.72618999145925,0.04997896030545235,0.5328920087777078,0.5858389777131379,16.721704974770546
1991,35.35374005197082,16.725306981243193,0.04677701508626342,0.581362983211875,0.6309809978120029,16.709971998352557
1992,35.370454637974035,16.714586003217846,0.05054101347923279,0.5035679787397385,0.5573289818130434,16.839126008562744
1993,35.387298521003686,16.843883029650897,0.050659000407904387,0.32377499155700207,0.3776199882850051,16.72214100835845
1994,35.4040243109921,16.725789988413453,0.04686397733166814,0.5682309856638312,0.6179629708640277,16.721816966310143
1995,35.420749768964015,16.725457971915603,0.04715402610599995,0.33285998506471515,0.3828160115517676,16.69374102493748
1996,35.43744811200304,16.69834303902462,0.050134025514125824,0.5330769927240908,0.5863819969817996,16.828042978886515
1997,35.454280801990535,16.83268998749554,0.09941798634827137,0.34504401264712214,0.4477479960769415,16.7213809909299
1998,35.471005855011754,16.725053021218628,0.04670501220971346,0.3696469939313829,0.4191469633951783,16.729474999010563
1999,35.487739217001945,16.733361990191042,0.04716898547485471,0.35538902739062905,0.40541699854657054,16.79762901039794
2000,35.50454200000968,16.802783007733524,0.09747000876814127,0.42167899664491415,0.5227189976722002,16.87271799892187
2001,35.52142788999481,16.885889985132962,0.09002501610666513,0.4002099740318954,0.49878197023645043,16.72975398832932
2002,35.53816149698105,16.733606986235827,0.04681199789047241,0.3940479946322739,0.44371001422405243,16.721558989956975
2003,35.554886816011276,16.725319030229002,0.04680402344092727,0.4505349788814783,0.5002179532311857,16.726838948670775
2004,35.571618468966335,16.731652955058962,0.04944502143189311,0.4883059882558882,0.5409630248323083,16.840679047163576
2005,35.58846999995876,16.851530992425978,0.08432200411334634,0.30264799715951085,0.3947780351154506,16.721655032597482
2006,35.605195568990894,16.725569032132626,0.049713009502738714,0.32138399546965957,0.37408998468890786,16.721375985071063
2007,35.62192057596985,16.725006978958845,0.04670902853831649,0.26221596635878086,0.311776006128639,16.720855026505888
2008,35.63864499900956,16.72442303970456,0.04714500391855836,0.18690602155402303,0.23683899780735373,16.82688295841217
2009,35.65547658497235,16.831585962790996,0.08502695709466934,0.3118750173598528,0.4001340130344033,16.8255339958705
2010,35.672314299969,16.83771499665454,0.11818797793239355,0.32248598290607333,0.4491219879128039,16.72189903911203
2011,35.689040037977975,16.725738008972257,0.04846998490393162,0.23838499328121543,0.2898399834521115,16.721730993594974
2012,35.70576447900385,16.724441025871783,0.042826985009014606,0.591419986449182,0.6366589805111289,16.71840500785038
2013,35.72248768800637,16.72320900252089,0.05146698094904423,0.2987790503539145,0.3535230061970651,16.832957975566387
2014,35.73932543199044,16.837743984069675,0.0849839998409152,0.34211797174066305,0.43034699046984315,16.72207098454237
2015,35.75605124596041,16.72581396996975,0.046784000005573034,0.36377599462866783,0.4133980255573988,16.730016039218754
2016,35.772785106964875,16.733861004468054,0.046990986447781324,0.4954870091751218,0.5453010089695454,16.726872010622174
2017,35.78951710299589,16.731996031012386,0.051223032642155886,0.21248101256787777,0.26718800654634833,16.826422011945397
2018,35.80635473399889,16.837631002999842,0.10627799201756716,0.30046497704461217,0.4148109583184123,16.721505962777883
2019,35.82307986798696,16.72513398807496,0.04670099588111043,0.5514809745363891,0.6009769858792424,16.72922301804647
2020,35.83981312898686,16.733260999899358,0.046263972762972116,0.4431229899637401,0.4921429790556431,16.727282025385648
2021,35.856545443995856,16.732315008994192,0.05511398194357753,0.5045279976911843,0.5630839732475579,16.800971003249288
2022,35.87335795897525,16.81251497939229,0.08025596616789699,0.35946303978562355,0.44800102477893233,16.72205701470375
2023,35.8900838670088,16.725908033549786,0.048043031711131334,0.25326095055788755,0.30413694912567735,16.721511958166957
2024,35.90680970897665,16.72584196785465,0.04803796764463186,0.35040697548538446,0.4013769794255495,16.72233600402251
2025,35.92353570199339,16.72599301673472,0.047381967306137085,0.33120904117822647,0.38142100675031543,16.79741096450016
2026,35.94033816200681,16.802460013423115,0.05928700556978583,0.5659410380758345,0.628601002972573,16.809409949928522
2027,35.9571522870101,16.814125003293157,0.05023402627557516,0.4582429537549615,0.511675956659019,16.721284948289394
2028,35.97387725301087,16.724966000765562,0.04718697164207697,0.33885700395330787,0.3888479550369084,16.72164595220238
2029,35.99060264095897,16.725387948099524,0.04691298818215728,0.2888960298150778,0.33857504604384303,16.773248033132404
2030,36.00738279800862,16.78015704965219,0.047851004637777805,0.19561400404199958,0.2465259749442339,16.844493977259845
2031,36.0242319899844,16.84919197577983,0.051104987505823374,0.319065002258867,0.3734150086529553,16.722136992029846
2032,36.04095781198703,16.725822002626956,0.04676997195929289,0.20550901535898447,0.25504600489512086,16.721337975468487
2033,36.057682760991156,16.724949004128575,0.04688597982749343,0.34019199665635824,0.38986396975815296,16.777928976807743
2034,36.07446539500961,16.7826340184547,0.05111499922350049,0.1907310215756297,0.24508096976205707,16.844504978507757
2035,36.09131482796511,16.849432955496013,0.08632801473140717,0.29126700246706605,0.38456200854852796,16.820111020933837
2036,36.10814565198962,16.83082402450964,0.10087800910696387,0.45128801139071584,0.5599340074695647,16.721630992833525
2037,36.12487097695703,16.725324967410415,0.04698400152847171,0.4450739943422377,0.4948440473526716,16.72164601041004
2038,36.14159634197131,16.725365014281124,0.047006004024297,0.4729270003736019,0.522702990565449,16.80029701674357
2039,36.15840125497198,16.80491300066933,0.050987990107387304,0.21845498122274876,0.27260801289230585,16.726473986636847
2040,36.17513850895921,16.73725398723036,0.0935240532271564,0.42216997826471925,0.5239170277491212,16.721656022127718
2041,36.191863902960904,16.72539400169626,0.047092034947127104,0.3211979637853801,0.37110201083123684,16.726774047128856
2042,36.20859539095545,16.731487994547933,0.051179027650505304,0.4415980074554682,0.4959780490025878,16.80268900236115
2043,36.22540269099409,16.80730003863573,0.050547008868306875,0.45330700231716037,0.5071149789728224,16.721980005968362
2044,36.24212864297442,16.725951980333775,0.05011598113924265,0.44976401841267943,0.5028730374760926,16.72169001540169
2045,36.258854158979375,16.725516004953533,0.04689896013587713,0.20275101996958256,0.2524779993109405,16.72696298919618
2046,36.275585849012714,16.731690033338964,0.0482810428366065,0.18813495989888906,0.23950595641508698,16.812408983241767
2047,36.2924109629821,16.82511396938935,0.08968595648184419,0.3587190294638276,0.4575200146064162,16.79153897566721
2048,36.309207542974036,16.79657999193296,0.05160295404493809,0.38358004530891776,0.4384040366858244,16.72211498953402
2049,36.325933396001346,16.725853027310222,0.04717300180345774,0.21050800569355488,0.26045896811410785,16.72181795584038
2050,36.34265891899122,16.725522989872843,0.04690600326284766,0.3336169756948948,0.38340198807418346,16.837959992699325
2051,36.359501536004245,16.84261701302603,0.08390395669266582,0.3258220385760069,0.4129330045543611,16.72863296698779
2052,36.376234481984284,16.732945980038494,0.053524039685726166,0.36620598984882236,0.42297301115468144,16.78232802078128
2053,36.39302144997055,16.786967986263335,0.0518580200150609,0.20660099107772112,0.2616840065456927,16.725620022043586
2054,36.40975149295991,16.730042989365757,0.04762999014928937,0.5324329831637442,0.58305001584813,16.78824605187401
2055,36.42655361600919,16.802123049274087,0.11658400762826204,0.565894995816052,0.6943679763935506,16.798569995444268
2056,36.443363129976206,16.809513967018574,0.12644199887290597,0.4143670084886253,0.5484980065375566,16.71700901351869
2057,36.460095535963774,16.7324059875682,0.15259900828823447,0.3788279718719423,0.5444780108518898,16.725890047382563
2058,36.47682609397452,16.73055801074952,0.06304599810391665,0.47107302816584706,0.5379500216804445,16.726495989132673
2059,36.493557017005514,16.730923030991107,0.047545996494591236,0.4608929739333689,0.5114819505251944,16.81538496632129
2060,36.51037722895853,16.82021195301786,0.08158001583069563,0.33001397969201207,0.4173250054009259,16.722326050512493
2061,36.527103499975055,16.726271016523242,0.0502130133099854,0.2067720051854849,0.25999301578849554,16.721168998628855
2062,36.543828330992255,16.724831017199904,0.04654499934986234,0.44862303184345365,0.4979330115020275,16.72665198566392
2063,36.560559801000636,16.73147000838071,0.05065201548859477,0.3663889947347343,0.42050296906381845,16.80406800005585
2064,36.57736858096905,16.808779968414456,0.0534870196133852,0.5192779935896397,0.5759830237366259,16.722072032280266
2065,36.594094622007105,16.726041038054973,0.04928599810227752,0.25028298841789365,0.3025579499080777,16.721722960937768
2066,36.61081994196866,16.725319961551577,0.0471940147690475,0.4528579884208739,0.5028350278735161,16.729808994568884
2067,36.6275537989568,16.73385698813945,0.04746497143059969,0.347835011780262,0.39808102883398533,16.80856803432107
2068,36.64436710695736,16.813308000564575,0.05430099554359913,0.2215139684267342,0.2789790160022676,16.721352003514767
2069,36.66109219298232,16.725086024962366,0.0466200290247798,0.45833399053663015,0.5078120157122612,16.72156702261418
2070,36.67781743197702,16.725238994695246,0.046998029574751854,0.35925896372646093,0.4090599832125008,16.726996982470155
2071,36.69454944395693,16.732011979911476,0.05453301128000021,0.5240570171736181,0.5820580408908427,16.777898010332137
2072,36.71133243496297,16.782991006039083,0.05125597817823291,0.2398439683020115,0.2941919956356287,16.84958703117445
2073,36.72818680398632,16.854369023349136,0.05004502600058913,0.4384709754958749,0.49170199781656265,16.72145299380645
2074,36.74491196096642,16.72515698010102,0.046895991545170546,0.23562798742204905,0.28536299942061305,16.733700991608202
2075,36.76165034400765,16.7383830412291,0.049196998588740826,0.257789040915668,0.3101699985563755,16.801767982542515
2076,36.77846387401223,16.8135300045833,0.0754009815864265,0.45662798220291734,0.5403809482231736,16.722217958886176
2077,36.795189783966634,16.725909954402596,0.046716013457626104,0.5095229716971517,0.5590830114670098,16.721952008083463
2078,36.811915481986944,16.72569802030921,0.046823988668620586,0.21480099530890584,0.2644589985720813,16.721704974770546
2079,36.82864082796732,16.725345980376005,0.04706095205619931,0.36608200753107667,0.41599100222811103,16.790932044386864
2080,36.84543637599563,16.795548028312624,0.08506904123350978,0.35900698276236653,0.44972699834033847,16.721681982744485
2081,36.86216198495822,16.725608962588012,0.04934699973091483,0.494715990498662,0.5470460164360702,16.721787047572434
2082,36.87888744298834,16.725458030123264,0.04679599078372121,0.3580659977160394,0.4076769691891968,16.72424701973796
2083,36.89561616600258,16.728723014239222,0.048532034270465374,0.2421039971522987,0.29380200430750847,16.854554996825755
2084,36.91247620299691,16.860036994330585,0.0848629861138761,0.29521097894757986,0.38782996125519276,16.721704974770546
2085,36.9292016410036,16.72543800668791,0.046591972932219505,0.43473602272570133,0.48411398893222213,16.72192697878927
2086,36.94592729996657,16.725658962968737,0.04668801557272673,0.32451696461066604,0.3740050015039742,16.721371037419885
2087,36.96265233797021,16.725038003642112,0.047107983846217394,0.46623300295323133,0.5161529988981783,16.78589201765135
2088,36.97944293898763,16.79060101741925,0.05077203968539834,0.3906229976564646,0.4445660160854459,16.722375992685556
2089,36.99616929498734,16.726355999708176,0.0487720244564116,0.21641497733071446,0.2681559999473393,16.72173698898405
2090,37.01289477496175,16.725479974411428,0.047021021600812674,0.3259750083088875,0.3758350503630936,16.721216030418873
2091,37.02961970696924,16.72493200749159,0.04706700565293431,0.36584900226444006,0.41571102337911725,16.805843042675406
2092,37.046430212969426,16.810506000183523,0.09162497008219361,0.48091402277350426,0.575761019717902,16.729569993913174
2093,37.063163626007736,16.733413038309664,0.04665600135922432,0.4551469464786351,0.5047049489803612,16.72146696364507
2094,37.07988872396527,16.725097957532853,0.04680000711232424,0.30955899273976684,0.3591660060919821,16.726821020711213
2095,37.09662015596405,16.731431998778135,0.04969601286575198,0.43335696682333946,0.4862810019403696,16.84059202671051
2096,37.11346569197485,16.845536010805517,0.10131503222510219,0.36068196641281247,0.46515598660334945,16.72216603765264
2097,37.130191814969294,16.72612299444154,0.05038897506892681,0.45124697498977184,0.5046119913458824,16.722341009881347
2098,37.146917817008216,16.72600203892216,0.04716898547485471,0.230583013035357,0.2805949770845473,16.73009799560532
2099,37.163651734997984,16.733917989768088,0.04676496610045433,0.3830080386251211,0.4326190100982785,16.842643963173032
2100,37.180499302980024,16.847567982040346,0.09692896855995059,0.5417890497483313,0.6420690333470702,16.730058006942272
2101,37.19723329500994,16.73399202991277,0.0472549581900239,0.36447501042857766,0.4145719576627016,16.78488397737965
2102,37.21402281400515,16.78951899521053,0.05107303149998188,0.21290499716997147,0.2671830006875098,16.7260299785994
2103,37.23075336200418,16.73054799903184,0.047735986299812794,0.42059802217409015,0.4713839734904468,16.705212998203933
2104,37.2474697889993,16.716426995117217,0.12167199747636914,0.452717998996377,0.5825319676660001,16.72215899452567
2105,37.264195620955434,16.72583195613697,0.04728604108095169,0.4818399902433157,0.531977042555809,16.72182301990688
2106,37.280921095982194,16.72547502676025,0.04723400343209505,0.21134898997843266,0.2613720134831965,16.726481029763818
2107,37.297652459994424,16.731364012230188,0.05010998575016856,0.4843740025535226,0.5377079942263663,16.802149009890854
2108,37.31445956899552,16.807109001092613,0.10753900278359652,0.3513030242174864,0.4620529944077134,16.75965398317203
2109,37.3312230570009,16.763488005381078,0.05037302616983652,0.4480129573494196,0.501439964864403,16.722036991268396
2110,37.347948770970106,16.7257139692083,0.047245004680007696,0.3414889797568321,0.3915450070053339,16.72190398676321
2111,37.36467434896622,16.725577996112406,0.046974048018455505,0.4629769828170538,0.5127370241098106,16.782148042693734
2112,37.381461559969466,16.78721100324765,0.05506799789145589,0.4547549760900438,0.5133160157129169,16.7221850133501
2113,37.39818761899369,16.726059024222195,0.05013198824599385,0.44048496056348085,0.4935789620503783,16.72242901986465
2114,37.41491374798352,16.726128989830613,0.04726002225652337,0.3066639765165746,0.35679497523233294,16.721096995752305
2115,37.43163850199198,16.724754008464515,0.047173991333693266,0.3776070079766214,0.42757997289299965,16.85691997408867
2116,37.44850763998693,16.86913799494505,0.0787100289016962,0.34207996213808656,0.4292969824746251,16.802413971163332
2117,37.46531465195585,16.80701196892187,0.09131099795922637,0.23573404178023338,0.33028004691004753,16.72134705586359
2118,37.4820396300056,16.72497804975137,0.04743895260617137,0.30064204474911094,0.3508100053295493,16.72936195973307
2119,37.49877288599964,16.73325599404052,0.047291978262364864,0.4385000211186707,0.48865098506212234,16.726983012631536
2120,37.515504843962844,16.73195796320215,0.05129998316988349,0.2130810171365738,0.26759604224935174,16.78194699343294
2121,37.53229152096901,16.78667700616643,0.05118001718074083,0.25839998852461576,0.3127970267087221,16.787278989795595
2122,37.549083555000834,16.792034031823277,0.051404000259935856,0.46934699639678,0.5240080063231289,16.72157400753349
2123,37.56580879597459,16.725240973755717,0.04718999844044447,0.44726504711434245,0.49729703459888697,16.726732021197677
2124,37.58254027296789,16.73147699330002,0.04844495560973883,0.337264034897089,0.38889702409505844,16.829100030008703
2125,37.59938583697658,16.845564008690417,0.06389600457623601,0.45579602010548115,0.5281550111249089,16.77578699309379
2126,37.616166363994125,16.780527017544955,0.0503470073454082,0.3579860203899443,0.41153200436383486,16.736432968173176
2127,37.63291217200458,16.74580801045522,0.08579500718042254,0.3314850036986172,0.42382196988910437,16.721031977795064
2128,37.64963717595674,16.725003952160478,0.05079701077193022,0.4680270212702453,0.521852052770555,16.788572014775127
2129,37.666430466983,16.793291026260704,0.05137600237503648,0.3340469556860626,0.38864597445353866,16.80639199912548
2130,37.68324153497815,16.811067995149642,0.05073897773399949,0.24046999169513583,0.294398982077837,16.721741994842887
2131,37.69996693497524,16.725399997085333,0.04761299351230264,0.32177200773730874,0.3721750108525157,16.704713983926922
2132,37.71667577500921,16.708840033970773,0.049758004024624825,0.3430460346862674,0.3957209992222488,16.70558500336483
2133,37.73338519199751,16.709416988305748,0.04722003359347582,0.35810802364721894,0.4083230160176754,16.79419499123469
2134,37.75018408300821,16.798891010694206,0.051356968469917774,0.4125620471313596,0.467139994725585,16.858030983712524
2135,37.76704675197834,16.86266897013411,0.050664995796978474,0.35924598341807723,0.413149013184011,16.721174004487693
2136,37.78377164399717,16.72489201882854,0.046989007387310266,0.31844497425481677,0.36828097654506564,16.726920963265
2137,37.80050332797691,16.73168397974223,0.051217968575656414,0.38203102303668857,0.43647800339385867,16.789750021416694
2138,37.817305311968084,16.801983991172165,0.09136804146692157,0.35992800258100033,0.45980303548276424,16.721435997169465
2139,37.83403048000764,16.725168039556593,0.04671496571972966,0.19005098147317767,0.23956195218488574,16.721832973416895
2140,37.85075589601183,16.725416004192084,0.046873989049345255,0.3033290267921984,0.35303697222843766,16.75118994899094
2141,37.867511783959344,16.755887947510928,0.05113799124956131,0.20455900812521577,0.25903701316565275,16.721178020816296
2142,37.884236664976925,16.72488101758063,0.046825967729091644,0.3149270196445286,0.3645590040832758,16.722284024581313
2143,37.90096264000749,16.725975030567497,0.04678999539464712,0.25872496189549565,0.3083119518123567,16.72980800503865
2144,37.91769661696162,16.733976954128593,0.04732300294563174,0.4772940301336348,0.5274250288493931,16.833625035360456
2145,37.93454309098888,16.846474027261138,0.10741798905655742,0.5129380151629448,0.6291350000537932,16.705903981346637
2146,37.951259336958174,16.716245969291776,0.07132097380235791,0.548113021068275,0.6276360363699496,16.722348053008318
2147,37.967985293013044,16.72595605487004,0.047363981138914824,0.3616809844970703,0.41188596514984965,16.721230989787728
2148,37.98471010499634,16.724811983294785,0.046832021325826645,0.21391297923400998,0.2635499695315957,16.751413990277797
2149,38.00146614998812,16.756044991780072,0.050822971388697624,0.4641790292225778,0.5182030145078897,16.721893975045532
2150,38.01819172000978,16.72557002166286,0.04697800613939762,0.46042498433962464,0.5102509749121964,16.72199700260535
2151,38.03491749201203,16.72577200224623,0.04745303886011243,0.32075896160677075,0.37104595685377717,16.729776980355382
2152,38.051651199988555,16.733707976527512,0.0468750367872417,0.32965297577902675,0.3793159849010408,16.861252021044493
2153,38.068524586968124,16.87338697956875,0.05846499698236585,0.4239060217514634,0.49078301526606083,16.72158803557977
2154,38.0852499139728,16.725327004678547,0.04686601459980011,0.4085199907422066,0.4581499961204827,16.78423903649673
2155,38.10203887196258,16.788957989774644,0.05111400969326496,0.3262520185671747,0.3805850283242762,16.73451199894771
2156,38.11877816799097,16.739296028390527,0.047697045374661684,0.3861349541693926,0.43689797166734934,16.721829015295953
2157,38.13550395396305,16.72578597208485,0.04958600038662553,0.32795500010252,0.38052001036703587,16.868891019839793
2158,38.15237996698124,16.87601301819086,0.05090399645268917,0.4764230106957257,0.5305950180627406,16.824681020807475
2159,38.16920930298511,16.829336003866047,0.09680603398010135,0.4479619674384594,0.547882984392345,16.721652005799115
2160,38.18593471299391,16.72541000880301,0.04704797174781561,0.21755904890596867,0.26744301430881023,16.72198699088767
2161,38.202660495007876,16.725782013963908,0.04845502553507686,0.31963398214429617,0.37088897079229355,16.81960397399962
2162,38.21948466898175,16.824173973873258,0.0822139554657042,0.24728401331230998,0.33252598950639367,16.745563014410436
2163,38.2362341429689,16.749473987147212,0.0738070229999721,0.5225350032560527,0.5993510130792856,16.721786989364773
2164,38.252959624980576,16.72548201167956,0.04652503412216902,0.3374170046299696,0.38666301406919956,16.729819995816797
2165,38.26969339797506,16.733772994484752,0.04709797212854028,0.4163440316915512,0.46629103599116206,16.747977992054075
2166,38.28645003598649,16.75663801142946,0.09754096390679479,0.324480002745986,0.4283569869585335,16.8050549691543
2167,38.30325987195829,16.809835971798748,0.05109701305627823,0.21626095985993743,0.27061300352215767,16.823212034069
2168,38.3200881559751,16.828284016810358,0.051776994951069355,0.24948397185653448,0.3044439945369959,16.72150002559647
2169,38.33681336900918,16.72521303407848,0.04677800461649895,0.5109920166432858,0.5605689948424697,16.722412954550236
2170,38.35353953100275,16.72616199357435,0.04695600364357233,0.45105000026524067,0.5007729632779956,16.79663499817252
2171,38.37034106598003,16.801534977275878,0.05615601548925042,0.262490997556597,0.3219260252080858,17.752160027157515
2172,38.38809792796383,17.756861983798444,0.05255697760730982,0.2513460349291563,0.3073580446653068,16.721963009331375
2173,38.404823679011315,16.725751047488302,0.04748499486595392,0.46316999942064285,0.5135589744895697,16.727144946344197
2174,38.42155566596193,16.731986950617284,0.051134033128619194,0.43498800368979573,0.48935803351923823,16.79482002509758
2175,38.43836181797087,16.806152008939534,0.08743099169805646,0.4900330095551908,0.5856060306541622,16.72227802919224
2176,38.45508783595869,16.72601798782125,0.04689896013587713,0.4249230260029435,0.4745750338770449,17.365692008752376
2177,38.47245753899915,17.369703040458262,0.04989997250959277,0.5557420081458986,0.6085609784349799,16.72211498953402
2178,38.48918335896451,16.725819965358824,0.046895991545170546,0.28163602109998465,0.3313160268589854,16.721793042961508
2179,38.50590888096485,16.725522000342607,0.04763901233673096,0.19497901666909456,0.24544302141293883,16.721626045182347
2180,38.522634246968664,16.72536600381136,0.04663900472223759,0.44258497655391693,0.4920120118185878,16.803349019028246
2181,38.539442331006285,16.808084037620574,0.051679962780326605,0.4539710353128612,0.5089039914309978,16.713724995497614
2182,38.55616516695591,16.722835949622095,0.04769198130816221,0.5419430090114474,0.5949390470050275,16.721576044801623
2183,38.572890545998234,16.725379042327404,0.047223991714417934,0.35717902937904,0.4071890143677592,16.726550995372236
2184,38.58962150599109,16.730959992855787,0.04729203647002578,0.20248600048944354,0.2528440090827644,16.8243590160273
2185,38.60645715496503,16.835648973938078,0.08715700823813677,0.4568939912132919,0.5520330159924924,16.72146702185273
2186,38.62318207300268,16.72491803765297,0.04539801739156246,0.20930496975779533,0.2574169775471091,16.81052695494145
2187,38.64000433200272,16.822259000036865,0.07783895125612617,0.20238303113728762,0.2886889851652086,16.725336958188564
2188,38.65673411398893,16.72978198621422,0.04789099330082536,0.4566879943013191,0.5075989756733179,16.730491013731807
2189,38.67346888995962,16.734775970689952,0.04812097176909447,0.34299801336601377,0.39397302316501737,16.82096504373476
2190,38.69030107499566,16.832185036037117,0.08130900096148252,0.32225303584709764,0.411620014347136,16.722787986509502
2191,38.707026586984284,16.72551198862493,0.042647006921470165,0.22508198162540793,0.27006398886442184,16.72129798680544
2192,38.72375160496449,16.725017980206758,0.046828004997223616,0.5033800262026489,0.5530370399355888,16.743047046475112
2193,38.74049943697173,16.747832007240504,0.05158304702490568,0.22549898130819201,0.28031301917508245,16.850345011334866
2194,38.75735452398658,16.855087014846504,0.05422398680821061,0.47300197184085846,0.530437973793596,16.730282979551703
2195,38.774088817997836,16.73429401125759,0.04664604784920812,0.4551319871097803,0.504544994328171,16.730653995182365
2196,38.79082335100975,16.7345330119133,0.0473280088044703,0.21439697593450546,0.26462896494194865,16.73809695057571
2197,38.80757419700967,16.750845999922603,0.06958196172490716,0.34006102941930294,0.4184669815003872,16.72216795850545
2198,38.82430011901306,16.725922003388405,0.04677701508626342,0.38803298957645893,0.4376559518277645,16.78902195999399
2199,38.84109391795937,16.793798946309835,0.05101901479065418,0.267122988589108,0.3213500021956861,16.73432905226946
2200,38.857832759968005,16.7388420086354,0.047990004532039165,0.44262700248509645,0.49366900930181146,16.729816037695855
2201,38.87456645700149,16.73369703348726,0.0469580409117043,0.3179509658366442,0.3677029744721949,16.83984900591895
2202,38.89141094998922,16.84449298772961,0.050220987759530544,0.25946705136448145,0.3129140241071582,16.781690006610006
2203,38.90819761098828,16.786660999059677,0.05065504228696227,0.4807849763892591,0.5345940007828176,16.722197004128247
2204,38.92492355097784,16.725939989555627,0.04680099664255977,0.3069560043513775,0.35656499676406384,16.730129020288587
2205,38.94165755296126,16.734001983422786,0.04658300895243883,0.2067949972115457,0.2561540459282696,16.786162042990327
2206,38.95844843098894,16.790878027677536,0.056657998356968164,0.5328339757397771,0.592726981267333,16.878220019862056
2207,38.97533457999816,16.886149009224027,0.10188005398958921,0.4672689829021692,0.5753239965997636,16.721630992833525
2208,38.992059664975386,16.72508497722447,0.04623399581760168,0.20935398060828447,0.2583379973657429,16.734093020204455
2209,39.0087981930119,16.738528036512434,0.04748796345666051,0.37454901030287147,0.4250799538567662,16.755038988776505
2210,39.02555859700078,16.7604039888829,0.04861300112679601,0.6190270069055259,0.6706609856337309,16.722961969207972
2211,39.04228522797348,16.72663097269833,0.046128989197313786,0.21310598822310567,0.2619739971123636,16.81000302778557
2212,39.05910001596203,16.81478798855096,0.051192997489124537,0.43909100349992514,0.4936580080538988,16.72233600402251
2213,39.075826069980394,16.726054018363357,0.04722899757325649,0.3489409573376179,0.3991419798694551,16.72211301047355
2214,39.09255226695677,16.72619697637856,0.0468309735879302,0.3640840295702219,0.4137750365771353,16.777328040916473
2215,39.109334525011946,16.78225805517286,0.05515199154615402,0.19631197210401297,0.2546399482525885,16.801043995656073
2216,39.12614032800775,16.805802995804697,0.05094998050481081,0.4609040333889425,0.5150589859113097,16.72172697726637
2217,39.14286581997294,16.725491965189576,0.04654895747080445,0.3044060431420803,0.35372102865949273,16.721662017516792
2218,39.15959115000442,16.725330031476915,0.04666805034503341,0.4791169776581228,0.5285969818942249,16.783588973339647
2219,39.17638164298842,16.790492984000593,0.05075201625004411,0.22513902513310313,0.27912401128560305,16.806358995381743
2220,39.19319273799192,16.811095003504306,0.05032803164795041,0.27465500170364976,0.3282109973952174,16.82787499157712
2221,39.2100315639982,16.838826006278396,0.08560600690543652,0.31655095517635345,0.41019596392288804,16.721511958166957
2222,39.22675678000087,16.725216002669185,0.04691100912168622,0.3816490061581135,0.4313630051910877,16.722160973586142
2223,39.24348264397122,16.725863970350474,0.046850007493048906,0.442101969383657,0.4917359910905361,16.783764003776014
2224,39.26027101499494,16.788371023721993,0.05105696618556976,0.5173879908397794,0.5716179730370641,16.8009540066123
2225,39.27708275499754,16.811740002594888,0.08657400030642748,0.4352049436420202,0.5296999588608742,16.81521296268329
2226,39.293910353968386,16.827598970849067,0.08131301729008555,0.2879499807022512,0.3779300022870302,16.83128101285547
2227,39.310752791003324,16.842437034938484,0.0824590097181499,0.3532380214892328,0.44277298729866743,16.813170979730785
2228,39.32757729495643,16.824503953102976,0.08711603004485369,0.426526996307075,0.5216800491325557,16.83101401431486
2229,39.34441912500188,16.84183004545048,0.09659904753789306,0.3299609525129199,0.43434195686131716,16.8027330073528
2230,39.361233181960415,16.81405695853755,0.09531696559861302,0.48694200813770294,0.5903120036236942,16.787383006885648
2231,39.37802532996284,16.792148002423346,0.050087051931768656,0.32513897167518735,0.37850101944059134,16.836421040352434
2232,39.39487335900776,16.84802904492244,0.08225702913478017,0.3252969472669065,0.41560694808140397,16.798942000605166
2233,39.41168337495765,16.810015949886292,0.08605996845290065,0.4415450384840369,0.5356960464268923,16.80821704212576
2234,39.428502327005845,16.81895204819739,0.09296298958361149,0.43949700193479657,0.5401239614002407,16.8052589870058
2235,39.44531686196569,16.81453495984897,0.09701901581138372,0.4393169656395912,0.5429720040410757,16.799520992208272
2236,39.46213371196063,16.81684999493882,0.14978897524997592,0.4560520173981786,0.6161880446597934,16.740476014092565
2237,39.47889210196445,16.758390003815293,0.17254799604415894,0.6320039974525571,0.815725012216717,16.890473023522645
2238,39.49578785500489,16.895753040444106,0.05841598613187671,0.5951399798505008,0.6567699601873755,16.830520005896688
2239,39.512624715978745,16.836860973853618,0.06207701517269015,0.5723820067942142,0.6379280239343643,16.83824899373576
2240,39.529467737011146,16.84302103240043,0.05409604636952281,0.598446000367403,0.6555709987878799,16.808471002150327
2241,39.546280919981655,16.813182970508933,0.05398003850132227,0.6294809863902628,0.6865480099804699,16.82143798097968
2242,39.56310708797537,16.82616799371317,0.054199015721678734,0.6099090096540749,0.6671780138276517,16.816953022498637
2243,39.579928703955375,16.821615980006754,0.054077012464404106,0.888700014911592,0.9457780397497118,16.81534800445661
2244,39.59674879600061,16.82009204523638,0.054194999393075705,0.5931879859417677,0.6503979675471783,16.82156597962603
2245,39.61357510701055,16.826311009936035,0.05422899266704917,0.5079389666207135,0.5651649553328753,16.819203970953822
2246,39.63039911701344,16.824010002892464,0.05382404197007418,0.5697709857486188,0.6266359705477953,16.809278982691467
2247,39.64721308799926,16.81397098582238,0.0539940083399415,0.5829720175825059,0.6399389822036028,16.839768970385194
2248,39.664057536982,16.84444898273796,0.053593015763908625,0.5937499809078872,0.6503349868580699,16.821969009470195
2249,39.6808849190129,16.827382030896842,0.0539110042154789,0.5596219561994076,0.6166529492475092,16.81151398224756
2250,39.697701183962636,16.81626494973898,0.05420501111075282,0.6090120295993984,0.6662580417469144,16.82936103316024
2251,39.71453601401299,16.834830050356686,0.056029995903372765,0.5884660058654845,0.6475849659182131,16.817282943520695
2252,39.73135804297635,16.822028963360935,0.058928970247507095,0.5557290278375149,0.6176250171847641,16.8046320322901
2253,39.748173208965454,16.815165989100933,0.06999797187745571,0.5847520078532398,0.6622700020670891,16.801958030555397
2254,39.764986147987656,16.812939022202045,0.08253403939306736,0.5570650100708008,0.6474070250988007,16.727477021049708
2255,39.78171837399714,16.732226009480655,0.051163951866328716,0.5770460120402277,0.63151097856462,16.803214966785163
2256,39.79853262699908,16.814253001939505,0.09311898611485958,0.542737019713968,0.6437010015361011,16.80056896293536
2257,39.815343750989996,16.81112399091944,0.08142797742038965,0.455481989774853,0.5443859845399857,16.859318013302982
2258,39.8322134949849,16.86974399490282,0.07126096170395613,0.5590570508502424,0.6377720274031162,16.81855198694393
2259,39.84904254297726,16.829047992359847,0.07183500565588474,0.5049640312790871,0.5843380349688232,16.809797030873597
2260,39.86586286401143,16.820321034174412,0.07873703725636005,0.559059961233288,0.6452019442804158,16.835569986142218
2261,39.88270927296253,16.846408951096237,0.06985303480178118,0.6183509831316769,0.6960650207474828,16.804404032882303
2262,39.899524667998776,16.815395036246628,0.08077698294073343,0.5353320157155395,0.6239389767870307,16.812208981718868
2263,39.916348850005306,16.824182006530464,0.08085300214588642,0.4955640179105103,0.5843699909746647,16.810081957373768
2264,39.93316998000955,16.821130004245788,0.07868098327890038,0.6130029796622694,0.6996839656494558,16.801007965113968
2265,39.94998153898632,16.811558976769447,0.08431100286543369,0.5601129960268736,0.6519689923152328,16.802198020741343
2266,39.96679407201009,16.812533023767173,0.08103001164272428,0.5811610026285052,0.6696920027025044,16.788176959380507
2267,39.98359316098504,16.799088974948972,0.10481703793630004,0.4823179915547371,0.5949030164629221,16.801743011455983
2268,40.00040587998228,16.812718997243792,0.08033699123188853,0.6559040048159659,0.7441539783030748,16.80426800157875
2269,40.01722102396889,16.815143986605108,0.08116097887977958,0.5509330076165497,0.6399260018952191,16.801020014099777
2270,40.03403303696541,16.812012996524572,0.0973849673755467,0.5397670320235193,0.6450260407291353,16.812446992844343
2271,40.050857783993706,16.82474702829495,0.09207997936755419,0.6218490307219326,0.7225470035336912,16.79055200656876
2272,40.067659300984815,16.801516991108656,0.08044298738241196,0.5882859695702791,0.6765159778296947,16.85035997070372
2273,40.08452137699351,16.862076008692384,0.08629600051790476,0.5564779858104885,0.6505849887616932,16.790440015029162
2274,40.1013230200042,16.801643010694534,0.08432404138147831,0.4532849998213351,0.5454909987747669,16.818200994748622
2275,40.1181528979796,16.829877975396812,0.09014003444463015,0.4087569541297853,0.5067529855296016,16.811906010843813
2276,40.1349764749757,16.82357699610293,0.08078198879957199,0.5592730012722313,0.6483630277216434,16.839553019963205
2277,40.151826985005755,16.850510030053556,0.07976300548762083,0.534069025889039,0.6216249894350767,16.804744955152273
2278,40.168642589007504,16.815604001749307,0.06875296821817756,0.5596350529231131,0.636184005998075,16.81880495743826
2279,40.18547253397992,16.829944972414523,0.09306002175435424,0.5018190131522715,0.6027590134181082,16.80418400792405
2280,40.20228758198209,16.81504800217226,0.10919402120634913,0.4048959817737341,0.5219259764999151,16.80518197827041
2281,40.21910338901216,16.815807030070573,0.08510000770911574,0.5155500257387757,0.6081199971958995,16.80230995407328
2282,40.23591609497089,16.812705958727747,0.07715501124039292,0.5554640083573759,0.6401620339602232,16.862104006577283
2283,40.25278908998007,16.87299500918016,0.10282301809638739,0.5328389815986156,0.6433720118366182,16.838035022374243
2284,40.26963801198872,16.848922008648515,0.07288996130228043,0.7124700350686908,0.7931420113891363,16.87341701472178
2285,40.28652423695894,16.88622497022152,0.08058402454480529,0.5512619973160326,0.6404680316336453,16.825543018057942
2286,40.303360268007964,16.836031049024314,0.07878697942942381,0.43696898501366377,0.5231999675743282,16.821438970509917
2287,40.32019375299569,16.833484987728298,0.0707880244590342,0.5669519887305796,0.6456209812313318,16.80231699720025
2288,40.33700725698145,16.81350398575887,0.07463502697646618,0.5176139529794455,0.6002719746902585,16.829453001264483
2289,40.353848926955834,16.841669974382967,0.09318202501162887,0.5669769598171115,0.668874999973923,16.8033370282501
2290,40.37066317000426,16.81424304842949,0.08230202365666628,0.5622109747491777,0.6523449555970728,16.83376298751682
2291,40.38750744698336,16.84427697909996,0.08173403330147266,0.5740549531765282,0.663305982016027,16.787706990726292
2292,40.40430631599156,16.79886900819838,0.08459598757326603,0.5887679872103035,0.6813409854657948,16.803719976451248
2293,40.421121202991344,16.814886999782175,0.07034098962321877,0.6072920514270663,0.6854800158180296,16.79196598706767
2294,40.437924375990406,16.803172999061644,0.09035097900778055,0.5014479975216091,0.5997329717501998,16.792871989309788
2295,40.45472833595704,16.803959966637194,0.10135001502931118,0.4142940160818398,0.5235590506345034,16.814497008454055
2296,40.471553576004226,16.825240047182888,0.07889099651947618,0.40273898048326373,0.4891909775324166,16.81982900481671
2297,40.488392782979645,16.839206975419074,0.07199204992502928,0.4487679689191282,0.5288069951348007,16.787988017313182
2298,40.50519171595806,16.798932978417724,0.08393096504732966,0.4943910171277821,0.5862120306119323,16.83041703654453
2299,40.52203571901191,16.8440030538477,0.07806997746229172,0.549866002984345,0.636553973890841,16.790629946626723
2300,40.53883729496738,16.80157595546916,0.09187398245558143,0.47409802209585905,0.5738080362789333,16.815484035760164
2301,40.555663723964244,16.826428996864706,0.09420095011591911,0.5949159967713058,0.6966679939068854,16.790874011348933
2302,40.57246525899973,16.80153503548354,0.09752303594723344,0.5901840049773455,0.6952930125407875,16.828196996357292
2303,40.589305559988134,16.840300988405943,0.09740301175042987,0.47578796511515975,0.5814089672639966,16.72465802403167
2304,40.60603474098025,16.72918099211529,0.0477010034956038,0.33878599060699344,0.38969400338828564,16.727035981602967
2305,40.62276635901071,16.731618030462414,0.04780798917636275,0.4373370320536196,0.4882770008407533,16.724925953894854
2306,40.63949608895928,16.729729948565364,0.05110504571348429,0.5167039926163852,0.5711340345442295,16.78341004299
2307,40.65628438000567,16.788291046395898,0.05095603410154581,0.4716129624284804,0.5258199525997043,16.811268986202776
2308,40.673100557003636,16.81617699796334,0.05122995935380459,0.3593980218283832,0.41394197614863515,16.697558981832117
2309,40.68980267998995,16.70212298631668,0.04861102206632495,0.3722549881786108,0.42394601041451097,16.69422397390008
2310,40.70650862000184,16.705940011888742,0.10209798347204924,0.2942740102298558,0.40456897113472223,16.795173985883594
2311,40.723315999959596,16.807379957754165,0.09079702431336045,0.4564920091070235,0.5554450326599181,16.813679016195238
2312,40.74014263995923,16.826639999635518,0.12531899847090244,0.4239159752614796,0.5582310259342194,16.724445042200387
2313,40.756871706980746,16.72906702151522,0.04671496571972966,0.33981999149546027,0.3895519766956568,16.727333015296608
2314,40.77360364695778,16.731939977034926,0.04755199188366532,0.6178340408951044,0.6684820400550961,16.810296045150608
2315,40.790418785996735,16.81513903895393,0.05141302244737744,0.4446749808266759,0.499386980663985,16.791709000244737
2316,40.80722194700502,16.803161008283496,0.1022180076688528,0.43891696259379387,0.5492079653777182,16.815185954328626
2317,40.82404850400053,16.826556995511055,0.10046904208138585,0.22833497496321797,0.3368529723957181,16.827086976263672
2318,40.8408869470004,16.838442999869585,0.10874902363866568,0.4443789948709309,0.5612350068986416,16.79100695764646
2319,40.85768935701344,16.80241001304239,0.1292609958909452,0.4451019922271371,0.582558976020664,16.786380962003022
2320,40.87448866898194,16.799311968497932,0.11958502000197768,0.37784501910209656,0.5063550197519362,16.796886979136616
2321,40.89129682100611,16.80815202416852,0.12920901644974947,0.46221702359616756,0.5994249950163066,16.72427699668333
2322,40.90802602196345,16.729200957342982,0.04768796497955918,0.3404300077818334,0.39126002229750156,16.82092499686405
2323,40.92485998698976,16.83396502630785,0.0841930159367621,0.33820298267528415,0.4313240060582757,16.727339010685682
2324,40.94159195199609,16.73196500632912,0.047543959226459265,0.4369629896245897,0.4875969607383013,16.81634597480297
2325,40.95842081098817,16.82885899208486,0.12330303434282541,0.4389979876577854,0.5704149953089654,16.8165159993805
2326,40.97524878301192,16.82797202374786,0.11213700054213405,0.382137019187212,0.5024679703637958,16.817944997455925
2327,40.99207826098427,16.829477972351015,0.0985869555734098,0.4566680290736258,0.5634480039589107,16.724591027013958
2328,41.008807390986476,16.72913000220433,0.047340989112854004,0.3075170097872615,0.35792600829154253,16.814498987514526
2329,41.02563453500625,16.827144019771367,0.11226499918848276,0.43011404341086745,0.5509610055014491,16.83207298628986
2330,41.04247139097424,16.83685596799478,0.1017110189422965,0.45641098404303193,0.5616929847747087,16.730719013139606
2331,41.05920591100585,16.734520031604916,0.046524975914508104,0.37205300759524107,0.42141496669501066,16.72213099664077
2332,41.075931572995614,16.725661989767104,0.04638603422790766,0.33502199221402407,0.38422399666160345,16.724978981073946
2333,41.09266095201019,16.729379014577717,0.04782603355124593,0.4436669987626374,0.4945279797539115,16.728652000892907
2334,41.10939330799738,16.732355987187475,0.04698499105870724,0.47303701285272837,0.5226979847066104,16.72144199255854
2335,41.1261184749892,16.725166991818696,0.047036970499902964,0.24705904070287943,0.296908023301512,16.729332972317934
2336,41.14285172900418,16.733254014980048,0.04728703061118722,0.3657990018837154,0.4158249939791858,16.709855990484357
2337,41.159565518959425,16.713789955247194,0.05038204835727811,0.43171196011826396,0.4850630066357553,16.729816037695855
2338,41.17629930796102,16.733789001591504,0.04693499067798257,0.520565954502672,0.5703759961761534,16.826425038743764
2339,41.193136569985654,16.83726202463731,0.0595090095885098,0.5151559598743916,0.5821469821967185,16.72237500315532
2340,41.20986276300391,16.726193018257618,0.047497975174337626,0.5522870342247188,0.6026269984431565,16.722508007660508
2341,41.22658896300709,16.726200003176928,0.04649802576750517,0.30301098013296723,0.3523809718899429,16.857004957273602
2342,41.24345720501151,16.86824200442061,0.11569698108360171,0.35260600270703435,0.4762829630635679,16.72951696673408
2343,41.26019076700322,16.73356199171394,0.04767201608046889,0.3712859470397234,0.4219109541736543,16.7215809924528
2344,41.27691606897861,16.725301975384355,0.04738999996334314,0.1996380160562694,0.24986802600324154,16.72606001375243
2345,41.29364683298627,16.73076400766149,0.05072099156677723,0.21660298807546496,0.2705469960346818,16.78440097020939
2346,41.31044248200487,16.79564901860431,0.06126699736341834,0.35386497620493174,0.4230769700370729,16.782254970166832
2347,41.32722949399613,16.787011991254985,0.050897011533379555,0.23776799207553267,0.2919060061685741,16.858574002981186
2348,41.34409985499224,16.870360996108502,0.10120600927621126,0.4611699841916561,0.5706819938495755,16.72121201409027
2349,41.360824762959965,16.72490796772763,0.046054949052631855,0.4369160160422325,0.48571801744401455,16.72642200719565
2350,41.377555916958954,16.731153998989612,0.05054502980783582,0.33226999221369624,0.3859780263155699,16.78577100392431
2351,41.394346398999915,16.79048204096034,0.053516996558755636,0.49088598461821675,0.5475339712575078,16.73035998828709
2352,41.41108061501291,16.734216012991965,0.0469390070065856,0.5085680168122053,0.5583069869317114,16.72217296436429
2353,41.427806491963565,16.725876950658858,0.04714296665042639,0.4274090169928968,0.47737802378833294,16.726955014746636
2354,41.44453813799191,16.731646028347313,0.05046598380431533,0.48051803605630994,0.5341810174286366,16.833740985020995
2355,41.461390560958534,16.852422966621816,0.09814003715291619,0.3417819971218705,0.44888805132359266,16.729899041820318
2356,41.47812428598991,16.73372503137216,0.048083020374178886,0.26528502348810434,0.31620002118870616,16.78325200919062
2357,41.49491218000185,16.787894011940807,0.05106901517137885,0.34944002982228994,0.40376000106334686,16.72055700328201
2358,41.51163657195866,16.724391956813633,0.046201981604099274,0.28913398273289204,0.33814500784501433,16.826028004288673
2359,41.52847383997869,16.837268020026386,0.10464899241924286,0.3498409641906619,0.46254898188635707,16.827996994834393
2360,41.54530628398061,16.83244400192052,0.04792399704456329,0.3915670095011592,0.44257298577576876,16.722295025829226
2361,41.56203239999013,16.72611600952223,0.04707201151177287,0.3415909595787525,0.3914819681085646,16.7298800079152
2362,41.578766180959065,16.733780968934298,0.04704698221758008,0.3624579985626042,0.41236099787056446,16.69930201023817
2363,41.59547022898914,16.70404803007841,0.10008894605562091,0.42840803507715464,0.5317360046319664,16.832466993946582
2364,41.612307316972874,16.83708798373118,0.09142904309555888,0.4109760047867894,0.5055860383436084,16.722258005756885
2365,41.62903333600843,16.726019035559148,0.04672404611483216,0.35712996032088995,0.4066049586981535,16.722004977054894
2366,41.645759027975146,16.725691966712475,0.04732597153633833,0.32420101342722774,0.3742600092664361,16.68563298881054
2367,41.6624493469717,16.690318996552378,0.09695696644484997,0.4897690378129482,0.5899820243939757,16.722918022423983
2368,41.67917572701117,16.726380039472133,0.047528999857604504,0.37109997356310487,0.42139895958825946,16.721958993002772
2369,41.695901072002016,16.72534499084577,0.04554400220513344,0.26307901134714484,0.3112449776381254,16.72161597525701
2370,41.71262657496845,16.72550296643749,0.04704500315710902,0.29393599834293127,0.34376000985503197,16.785190033260733
2371,41.729416508984286,16.78993401583284,0.051448994781821966,0.2501530107110739,0.30484702438116074,16.744237975217402
2372,41.7461646439624,16.74813497811556,0.05032302578911185,0.45386498095467687,0.5071330233477056,16.721869993489236
2373,41.76289020397235,16.725560009945184,0.04691397771239281,0.4518420319072902,0.5015720380470157,16.727195004932582
2374,41.77962227596436,16.732071992009878,0.05142600275576115,0.45936397509649396,0.5140500143170357,16.800209996290505
2375,41.79643362399656,16.811348032206297,0.09515101555734873,0.5062329582870007,0.6090239621698856,16.72935701208189
2376,41.813167040003464,16.73341600690037,0.04660396371036768,0.393760041333735,0.4430720000527799,16.721897991374135
2377,41.829892623005435,16.725583001971245,0.046985980588942766,0.4623010172508657,0.5120779969729483,16.725364956073463
2378,41.84662257396849,16.729950963053852,0.050678965635597706,0.4541460075415671,0.5080249975435436,16.837509989272803
2379,41.863471226999536,16.848653031047434,0.10232900967821479,0.488442019559443,0.5987859913147986,16.721419990062714
2380,41.88019633595832,16.725108958780766,0.04686001921072602,0.3566729719750583,0.406311999540776,16.692415054421872
2381,41.896892493998166,16.69615803984925,0.04687998443841934,0.3616510075516999,0.4113540053367615,16.72169001540169
2382,41.91361812298419,16.725628986023366,0.04663399886339903,0.20933803170919418,0.2587640192359686,16.795563977211714
2383,41.93041844497202,16.800321987830102,0.050900038331747055,0.24271599249914289,0.2968530170619488,16.783178027253598
2384,41.94720636197599,16.787917003966868,0.051002949476242065,0.23816304747015238,0.2924320288002491,16.721606021746993
2385,41.963931589969434,16.725227993447334,0.04626199370250106,0.33517699921503663,0.3841620055027306,16.72136300476268
2386,41.98065664595924,16.725055989809334,0.0471209641546011,0.4418020253069699,0.491771032102406,16.83373301057145
2387,41.99749484396307,16.8381980038248,0.08274399442598224,0.35552599001675844,0.44134201016277075,16.73023001058027
2388,42.01422898599412,16.734142031054944,0.04677398828789592,0.4703029990196228,0.5198969738557935,16.72159298323095
2389,42.03095436596777,16.72537997364998,0.046765024308115244,0.33524498576298356,0.3848000196740031,16.72559801954776
2390,42.04768434300786,16.72997704008594,0.04752201493829489,0.3763010026887059,0.4268799675628543,16.830638982355595
2391,42.06452730600722,16.8429629993625,0.1007069949992001,0.31405402114614844,0.42336498154327273,16.721945954486728
2392,42.08125295699574,16.72565098851919,0.046622008085250854,0.466398021671921,0.5158460116945207,16.78528101183474
2393,42.098042664001696,16.78970700595528,0.049617025069892406,0.22370601072907448,0.2764220116659999,16.727250011172146
2394,42.114774691988714,16.732027987018228,0.04805403295904398,0.3178429906256497,0.3688849974423647,16.726522997487336
2395,42.13151422399096,16.73953200224787,0.09775400394573808,0.48906297888606787,0.5944459699094296,16.788887965958565
2396,42.14830785797676,16.793633985798806,0.051404989790171385,0.22391002858057618,0.27858500834554434,16.81832503527403
2397,42.165130877983756,16.823020006995648,0.0508539960719645,0.43263303814455867,0.4867010284215212,16.721446998417377
2398,42.18185600300785,16.725125024095178,0.04685798194259405,0.44825999066233635,0.4978759679943323,16.729840950574726
2399,42.19858970597852,16.733702970668674,0.04671397618949413,0.23446802515536547,0.2840100205503404,16.790080000646412
2400,42.21538450999651,16.794804017990828,0.05106499884277582,0.40070200338959694,0.4550259909592569,16.721830994356424
2401,42.2321100969566,16.725586960092187,0.04678999539464712,0.19197695655748248,0.24154200218617916,16.722110041882843
2402,42.24883592000697,16.725823050364852,0.04681898280978203,0.44628599425777793,0.495942949783057,16.726731962990016
2403,42.2655674549751,16.73153496813029,0.05136802792549133,0.4503849777393043,0.5051050102338195,16.7876870254986
2404,42.2823598899995,16.79243502439931,0.05565100582316518,0.2256000298075378,0.2845510025508702,16.724430955946445
2405,42.29908897599671,16.729085997212678,0.05385401891544461,0.24444499285891652,0.3017609706148505,16.720636980608106
2406,42.31581354496302,16.72456896631047,0.04654703661799431,0.42107299668714404,0.4702990408986807,16.722023021429777
2407,42.33253928297199,16.725738008972257,0.047249021008610725,0.5020640091970563,0.5521420389413834,16.820067015942186
2408,42.349363835004624,16.82455203263089,0.0505319912917912,0.534994003828615,0.5885299760848284,16.721945954486728
2409,42.36608950898517,16.725673980545253,0.04647905007004738,0.3157079918310046,0.3650080179795623,16.72130002407357
2410,42.38281439297134,16.724883986171335,0.047013978473842144,0.3442430170252919,0.3940250026062131,16.726389003451914
2411,42.399545525957365,16.731132986024022,0.051525013986974955,0.4546659765765071,0.5094520165584981,16.72201801557094
2412,42.4162712499965,16.725724039133638,0.04653196083381772,0.44263701420277357,0.49194798339158297,16.780440986622125
2413,42.43305649596732,16.78524597082287,0.0511120306327939,0.35213999217376113,0.4064870299771428,16.73507399391383
2414,42.44979607401183,16.739578044507653,0.04744500620290637,0.417182978708297,0.4676089738495648,16.74949796870351
2415,42.46655528899282,16.75921498099342,0.08760002674534917,0.3255939809605479,0.4209339967928827,16.730188974179327
2416,42.48329639498843,16.74110599560663,0.12383097782731056,0.296308018732816,0.4290789947845042,16.732827003579587
2417,42.500039384991396,16.742990002967417,0.12527999933809042,1.4272399712353945,1.5609639813192189,16.742267995141447
2418,42.51679475797573,16.755372984334826,0.14101399574428797,0.34004199551418424,0.4907469847239554,16.743121028412133
2419,42.53355165000539,16.756892029661685,0.11929101310670376,0.4343370092101395,0.5638619768433273,16.721981985028833
2420,42.550277606002055,16.72595599666238,0.049708003643900156,0.3864759928546846,0.4391410038806498,16.722199972718954
2421,42.56700345897116,16.72585296910256,0.04723202437162399,0.3450019867159426,0.3951190155930817,16.728493035770953
2422,42.58373641100479,16.73295203363523,0.04799297312274575,0.5285540246404707,0.5796159966848791,16.780503967311233
2423,42.60052611195715,16.789700952358544,0.07249799091368914,0.4779800074175,0.5576320108957589,16.784951032605022
2424,42.617315778974444,16.78966701729223,0.05118700210005045,0.3160609630867839,0.37045899080112576,16.786221007350832
2425,42.634106740006246,16.790961031802,0.051355978939682245,0.2374500036239624,0.29202597215771675,16.72116300323978
2426,42.650831640989054,16.72490098280832,0.04662899300456047,0.40244596311822534,0.45183696784079075,16.729879018384963
2427,42.66756539599737,16.73375500831753,0.04693400114774704,0.3237950149923563,0.3735260106623173,16.78722200449556
2428,42.68435732397484,16.791927977465093,0.054122006986290216,0.2358880010433495,0.2932359930127859,16.72163902549073
2429,42.701082655985374,16.725332010537386,0.04685303429141641,0.3499139565974474,0.3995089791715145,16.721529013011605
2430,42.717808176006656,16.725520021282136,0.04667200846597552,0.29531301697716117,0.3447789931669831,16.726385976653546
2431,42.73453911696561,16.73094095895067,0.047525973059237,0.35216601099818945,0.4027020186185837,16.862421005498618
2432,42.751413747959305,16.874630993697792,0.09607401443645358,0.4746729973703623,0.5793440504930913,16.731559007894248
2433,42.76814907899825,16.735331038944423,0.046922999899834394,0.5225019995123148,0.5722029600292444,16.722345957532525
2434,42.784875223995186,16.726144996937364,0.04660198464989662,0.37106103263795376,0.4205330042168498,16.72680297633633
2435,42.801606708962936,16.731484967749566,0.05130702629685402,0.550278986338526,0.6048540235497057,16.729349037632346
2436,42.81834005500423,16.733346041291952,0.05280796904116869,0.3349530161358416,0.39079098496586084,16.721724008675665
2437,42.83506546600256,16.725410998333246,0.0465119956061244,0.34116802271455526,0.3904670011252165,16.722015978302807
2438,42.85179134900682,16.725883004255593,0.048494955990463495,0.3572780406102538,0.4088080022484064,16.726039990317076
2439,42.868522354983725,16.73100597690791,0.05322799552232027,0.5393589963205159,0.5959229893051088,16.801232006400824
2440,42.88533091195859,16.808556974865496,0.08853600593283772,0.46368001494556665,0.5583810270763934,16.726344008930027
2441,42.902061448956374,16.73053699778393,0.054480042308568954,0.3480339655652642,0.4057320184074342,16.724734043236822
2442,42.91879076400073,16.729315044358373,0.04797900328412652,0.24476397084072232,0.2957789693027735,18.605085962917656
2443,42.93740598298609,18.615218985360116,0.08859502850100398,0.369241985026747,0.4655999946407974,16.721513005904853
2444,42.954129669000395,16.723686014302075,0.03291497705504298,0.36742299562320113,0.4023909568786621,16.71205199090764
2445,42.97084882098716,16.71915198676288,0.09437702829018235,0.3010589862242341,0.400969001930207,16.72373100882396
2446,42.987578694999684,16.729874012526125,0.09154703002423048,0.3897540154866874,0.485824013594538,16.719550010748208
2447,43.00430014496669,16.721449967008084,0.036585028283298016,0.2052679774351418,0.24376402143388987,16.719484992790967
2448,43.021021016989835,16.720872023142874,0.025797984562814236,0.33824500860646367,0.36542199086397886,16.724132001399994
2449,43.0377492159605,16.728198970668018,0.06584497168660164,0.31583599047735333,0.38580200634896755,16.7197750415653
2450,43.05447062297026,16.72140700975433,0.02750899875536561,0.21224498050287366,0.24096999550238252,16.723204986192286
2451,43.07119787001284,16.72724704258144,0.059455051086843014,0.21820398978888988,0.2812169841490686,16.72382897231728
2452,43.08792609797092,16.728227958083153,0.05815603071823716,0.38696802221238613,0.4488000413402915,16.720207000616938
2453,43.10464860196225,16.722503991331905,0.08847203571349382,0.36577798891812563,0.4560340312309563,16.905710042919964
2454,43.12156679999316,16.91819803090766,0.07922697113826871,0.4904179950244725,0.5785179673694074,16.793204005807638
2455,43.138364880986046,16.798080992884934,0.0555529841221869,0.45516202226281166,0.514000013936311,16.808865999337286
2456,43.15517856896622,16.81368798017502,0.05088298348709941,0.49466604832559824,0.548900046851486,16.72687300015241
2457,43.17191003600601,16.731467039790004,0.04791200626641512,0.4307350027374923,0.4817129811272025,16.72573300311342
2458,43.18864022399066,16.730187984649092,0.047596986405551434,0.42986200423911214,0.4805019707418978,16.812013986054808
2459,43.205462982994504,16.822759003844112,0.09014602983370423,0.33931300276890397,0.436839007306844,16.840883996337652
2460,43.222308647993486,16.8456649989821,0.05081400740891695,0.46593998558819294,0.5200029700063169,16.813316964544356
2461,43.23913472396089,16.826075967401266,0.09751500329002738,0.4329779767431319,0.5394570180214942,16.727424052078277
2462,43.255866691994015,16.731968033127487,0.047295994590967894,0.3562140045687556,0.4065259709022939,16.728680988308042
2463,43.27260185300838,16.735161014366895,0.05773804150521755,0.4722349694930017,0.5339029594324529,16.89582399558276
2464,43.289510103990324,16.90825098194182,0.07008400280028582,0.44206302845850587,0.5209550145082176,16.81379397632554
2465,43.30632869096007,16.81858696974814,0.056217017117887735,0.3747579758055508,0.4342370084486902,16.724903020076454
2466,43.323058525973465,16.729835013393313,0.047344015911221504,0.4698240081779659,0.5202330066822469,16.8030490167439
2467,43.3398723549908,16.81382901733741,0.09016197873279452,0.33937604166567326,0.43725501745939255,16.82642597006634
2468,43.35670944099547,16.83708600467071,0.08875899948179722,0.4468789556995034,0.5432649631984532,16.78869198076427
2469,43.37350906198844,16.79962099296972,0.0924629857763648,0.49578200560063124,0.596093013882637,16.815399983897805
2470,43.39032923796913,16.820175980683416,0.053910946007817984,0.5155900144018233,0.5727660027332604,16.812951012980193
2471,43.40714740398107,16.818166011944413,0.053981959354132414,0.4066459950990975,0.46451197704300284,16.735151002649218
2472,43.4238870459958,16.739642014726996,0.048569985665380955,0.25754497619345784,0.30919897835701704,16.821874014567584
2473,43.440718044992536,16.830998996738344,0.08087401511147618,0.5438560037873685,0.6312819896265864,16.870556981302798
2474,43.457599418994505,16.881374001968652,0.0808619661256671,0.6746799917891622,0.762773968745023,16.732632007915527
2475,43.47433665697463,16.73723798012361,0.05148496711626649,0.29998301761224866,0.3546510124579072,16.828485997393727
2476,43.491169926011935,16.83326903730631,0.05180598236620426,0.3568850224837661,0.4119729856029153,16.726870962884277
2477,43.5079019650002,16.73203898826614,0.04841195186600089,0.32907904824241996,0.380565004888922,16.725257970392704
2478,43.52463198796613,16.730022965930402,0.04864396760240197,0.4598840023390949,0.5117279943078756,16.820139018818736
2479,43.54146471997956,16.83273201342672,0.1130219898186624,0.4948179703205824,0.6164159858599305,16.828507010359317
2480,43.55830461299047,16.8398930109106,0.09361602133139968,0.38578297244384885,0.48764096572995186,16.734057979192585
2481,43.57504299801076,16.73838502028957,0.04733400419354439,0.26373995933681726,0.3141099587082863,16.726859961636364
2482,43.5917744699982,16.731471987441182,0.048596004489809275,0.50813501002267,0.5599359865300357,16.745962959248573
2483,43.60853159596445,16.757125966250896,0.09789399337023497,0.4729580250568688,0.5788190173916519,16.87082403805107
2484,43.62540716299554,16.87556703109294,0.10792701505124569,0.49418502021580935,0.605433015152812,16.82881696615368
2485,43.642249002994504,16.841839998960495,0.11169404024258256,0.3780099796131253,0.49861398292705417,16.815075010526925
2486,43.659075778967235,16.82677597273141,0.12453697854653001,0.5327059770934284,0.6656229961663485,16.802555008325726
2487,43.6758901560097,16.814377042464912,0.06839894922450185,0.5002560210414231,0.5769999697804451,16.80382899940014
2488,43.6927054579719,16.815301962196827,0.08968997281044722,0.32610102789476514,0.42382103856652975,16.807548992801458
2489,43.709525286976714,16.81982900481671,0.094012008048594,0.30698999762535095,0.40915299905464053,16.830346023198217
2490,43.726366366958246,16.841079981531948,0.09281397797167301,0.4413530114106834,0.5418910295702517,16.734249016735703
2491,43.743105067987926,16.73870102968067,0.04789000377058983,0.2774050226435065,0.3283279947936535,16.74789097160101
2492,43.75986202200875,16.756954020820558,0.05918997339904308,0.38891303120180964,0.45466399751603603,16.727966954931617
2493,43.776595016010106,16.732994001358747,0.05018000956624746,0.48400298692286015,0.5375199834816158,16.81690599070862
2494,43.79342339496361,16.828378953505307,0.1118549844250083,0.4744600155390799,0.5945360171608627,16.817177995108068
2495,43.810252412979025,16.829018015414476,0.08385296678170562,0.6099310121499002,0.7021109922789037,16.794726019725204
2496,43.827058249968104,16.80583698907867,0.11548097245395184,0.4981650272384286,0.6215330213308334,16.799890028778464
2497,43.84386771899881,16.80946903070435,0.10354799451306462,0.40811399230733514,0.5184509791433811,16.947113967034966
2498,43.86081893497612,16.95121597731486,0.048157002311199903,0.42090401984751225,0.4720150027424097,16.702013032045215
2499,43.877525720978156,16.70678600203246,0.05036196671426296,0.3534809802658856,0.40709797758609056,16.8091090163216
2500,43.894346506975126,16.82078599696979,0.105032988358289,0.36514399107545614,0.478425994515419,16.836244030855596
2501,43.91119449696271,16.84798998758197,0.10568898869678378,0.35375700099393725,0.4671660135500133,16.787414031568915
2502,43.9279866470024,16.792150039691478,0.05018297815695405,0.23602001601830125,0.2894389908760786,16.72668900573626
2503,43.94471795699792,16.73130999552086,0.04793197149410844,0.47795200953260064,0.5289699765853584,16.79536997107789
2504,43.96152248297585,16.804525977931917,0.08119404083117843,0.48380298539996147,0.5715910228900611,16.738402016926557
2505,43.978270296996925,16.74781402107328,0.07319898577407002,0.28647598810493946,0.3663249663077295,16.80602499982342
2506,43.99508743797196,16.817140975035727,0.12896099360659719,0.37403800524771214,0.5108760087750852,16.789882036391646
2507,44.01188885996817,16.801421996206045,0.13569899601861835,0.3623439697548747,0.5062450072728097,16.727750014979392
2508,44.028621373989154,16.732514020986855,0.04918698687106371,0.41962001705542207,0.4721190198324621,16.84234000276774
2509,44.04547496396117,16.85358997201547,0.11700502363964915,0.3771460033021867,0.5021770484745502,16.83024800149724
2510,44.06231647101231,16.84150705114007,0.10127201676368713,0.3178979968652129,0.4273129743523896,16.799397999420762
2511,44.07912085996941,16.804388957098126,0.05106400931254029,0.4517899942584336,0.5061090341769159,16.80940599180758
2512,44.09594195196405,16.82109199464321,0.1109650474973023,0.4632009658962488,0.582456006668508,16.727555019315332
2513,44.112674753996544,16.732802032493055,0.04954199539497495,0.39395998464897275,0.44665596215054393,16.829959000460804
2514,44.12951748201158,16.84272801503539,0.09086600039154291,0.5089089972898364,0.6087509682402015,16.798611963167787
2515,44.14632726996206,16.809787950478494,0.10457600001245737,0.5121270078234375,0.624906038865447,16.78925403393805
2516,44.16312255099183,16.795281029772013,0.05616201087832451,0.41352497646585107,0.4733469686470926,16.815876006148756
2517,44.17995303898351,16.830487991683185,0.1390959951095283,0.29889895813539624,0.4483279772102833,16.72852097544819
2518,44.19668663397897,16.73359499545768,0.057752011343836784,0.48677599988877773,0.5482360138557851,16.805825987830758
2519,44.21350392798195,16.81729400297627,0.120576994959265,0.49489998491480947,0.6237819907255471,16.799466975498945
2520,44.230314726999495,16.81079901754856,0.11552800424396992,0.5441789980977774,0.6678469944745302,16.724384971894324
2521,44.24704357498558,16.728847986087203,0.04745996557176113,0.4981780075468123,0.548710988368839,16.72412100015208
2522,44.26377178396797,16.728208982385695,0.04635396180674434,0.32262998865917325,0.37204299587756395,16.748652036767453
2523,44.28053333295975,16.761548991780728,0.06673205643892288,0.33138896105811,0.40695001371204853,16.80078502977267
2524,44.29734568699496,16.812354035209864,0.10112003656104207,0.367558968719095,0.47678197734057903,16.82700397213921
2525,44.31417824595701,16.832558962050825,0.05214399425312877,0.37285900907590985,0.42831903556361794,16.72734203748405
2526,44.33091025298927,16.7320070322603,0.04763802280649543,0.3326299483887851,0.38339797174558043,16.727866022847593
2527,44.34764303197153,16.732778982259333,0.050828035455197096,0.4263509763404727,0.4804380005225539,16.81127102347091
2528,44.364465511986054,16.822480014525354,0.09285099804401398,0.48197602154687047,0.5828010034747422,16.805320978164673
2529,44.381275866006035,16.810354019980878,0.051035021897405386,0.5213450058363378,0.5756969912908971,17.73099397541955
2530,44.399022359983064,17.746493977028877,0.14993402874097228,0.4045639652758837,0.5659119924530387,16.727586975321174
2531,44.41575533297146,16.732972988393158,0.07577997166663408,0.2803429961204529,0.3602610086090863,16.73339301487431
2532,44.432500164955854,16.744831984397024,0.1152530312538147,0.3000160213559866,0.42309105629101396,16.77101803943515
2533,44.449276491010096,16.77632605424151,0.06104796193540096,0.31616201158612967,0.38094096817076206,16.77922095404938
2534,44.466060526960064,16.7840359499678,0.05130702629685402,0.5854609771631658,0.6401870050467551,17.333576048258692
2535,44.48340238200035,17.341855040285736,0.09276100900024176,0.2322439686395228,0.332695955876261,16.724072978831828
2536,44.50013212300837,16.729741008020937,0.07612199988216162,0.25032501434907317,0.33154396805912256,16.724899993278086
2537,44.516863858967554,16.731735959183425,0.1033209846355021,0.2113219816237688,0.3203109954483807,16.70070004183799
2538,44.53356996696675,16.70610799919814,0.0739660463295877,0.21112198010087013,0.29003602685406804,16.72005304135382
2539,44.55029150599148,16.72153902472928,0.05335203604772687,0.42538094567134976,0.4808639641851187,16.719606006518006
2540,44.56701248296304,16.7209769715555,0.025474000722169876,0.3260229714214802,0.3529840032570064,16.71984401764348
2541,44.583733814011794,16.721331048756838,0.02718501491472125,0.33311796141788363,0.36186794750392437,16.719652980100363
2542,44.60045477701351,16.720963001716882,0.024401000700891018,0.3717200015671551,0.39734598249197006,16.72026194864884
2543,44.6171763719758,16.72159496229142,0.024457986000925303,0.3658540081232786,0.3915540291927755,16.721402993425727
2544,44.63389936398016,16.722992004361004,0.025529006961733103,0.20099699031561613,0.22806599736213684,16.72328799031675
2545,44.65062663395656,16.72726997639984,0.059006037190556526,0.3704639966599643,0.4331060335971415,16.719855018891394
2546,44.66734776896192,16.72113500535488,0.023763044737279415,0.41888898704200983,0.44380902545526624,16.723089036531746
2547,44.68407472100807,16.72695204615593,0.07330899825319648,0.33465801971033216,0.4115880001336336,16.723843989893794
2548,44.70080266299192,16.727941983845085,0.07378397276625037,0.3571989946067333,0.4345629713498056,16.723989974707365
2549,44.71753160096705,16.728937975130975,0.08107401663437486,0.3211269504390657,0.40657399222254753,16.72577200224623
2550,44.73426151496824,16.729914001189172,0.055188953410834074,0.3497060388326645,0.40873303078114986,16.71949599403888
2551,44.750982692989055,16.721178020816296,0.028292008209973574,0.35729899536818266,0.38715999107807875,16.720042971428484
2552,44.767704060010146,16.721367021091282,0.025352986995130777,0.3328099846839905,0.3596919705159962,16.679770953487605
2553,44.78438806399936,16.684003989212215,0.08390401490032673,0.42999698780477047,0.5489559844136238,16.791313013527542
2554,44.80118914000923,16.801076009869576,0.06794603541493416,0.3531459951773286,0.4279129789210856,16.825328988488764
2555,44.81802569900174,16.8365589925088,0.0850220094434917,0.4368299851194024,0.5299479817040265,16.72722300281748
2556,44.83475768700009,16.73198799835518,0.049565976951271296,0.3302210243418813,0.3829119959846139,16.770152957178652
2557,44.85153876396362,16.781076963525265,0.0865079928189516,0.4871580167673528,0.5813810275867581,16.790672030765563
2558,44.86834046500735,16.801701043732464,0.08313002763316035,0.4040579660795629,0.49506797222420573,16.733797965571284
2559,44.88508335297229,16.742887964937836,0.0780340051278472,0.47013198491185904,0.5547120235860348,16.731458017602563
2560,44.90181932999985,16.73597702756524,0.04860997432842851,0.36001502303406596,0.41179900290444493,16.726381960324943
2561,44.91855098796077,16.7316579609178,0.05073897773399949,0.4382160259410739,0.49212505109608173,16.924513038247824
2562,44.9354882829939,16.937295033130795,0.10263104923069477,0.3489480004645884,0.4606110160239041,16.834451991599053
2563,44.95233402698068,16.84574398677796,0.08727301610633731,0.3833899972960353,0.47874002484604716,16.836283029988408
2564,44.96918102900963,16.847002028953284,0.07266801549121737,0.49826299073174596,0.578637991566211,16.728010959923267
2565,44.98591380397556,16.73277496593073,0.04985701525583863,0.3482179599814117,0.40120998164638877,16.793391027022153
2566,45.00271846796386,16.804663988295943,0.08428801083937287,0.5151589866727591,0.6075500277802348,16.818817995954305
2567,45.01954880601261,16.830338048748672,0.08248299127444625,0.36411499604582787,0.45473198406398296,16.801900987047702
2568,45.03636198298773,16.81317697511986,0.084933009929955,0.4083319799974561,0.5013640038669109,16.81308599654585
2569,45.05318755097687,16.825567989144474,0.10541902156546712,0.348876987118274,0.46296900836750865,16.804312996100634
2570,45.070002543972805,16.8149929959327,0.07986696437001228,0.4447700339369476,0.5323790246620774,16.80810999823734
2571,45.08682183496421,16.819290991406888,0.09380001574754715,0.32094697235152125,0.42282399954274297,16.737723024562
2572,45.1035715789767,16.74974401248619,0.06528099766001105,0.3513540141284466,0.4247560282237828,16.849929990712553
2573,45.12043334398186,16.861765005160123,0.11444900883361697,0.5131670041009784,0.6355000077746809,16.806041996460408
2574,45.137250147003215,16.816803021356463,0.07609301246702671,0.5817649653181434,0.6655379547737539,16.85835898388177
2575,45.154119370970875,16.86922396766022,0.09258202044293284,0.48008497105911374,0.5804540123790503,16.804424987640232
2576,45.170935131958686,16.81576098781079,0.09012996451929212,0.5566210020333529,0.6548480014316738,16.727678012102842
2577,45.18766776297707,16.73263101838529,0.05459896055981517,0.33875199733301997,0.3967119846493006,16.81373198516667
2578,45.204492307966575,16.82454498950392,0.08530699415132403,0.4989120061509311,0.5918570095673203,16.80209202459082
2579,45.22130557597848,16.813268011901528,0.11019699741154909,0.38781401235610247,0.505743024405092,16.815854993183166
2580,45.23812644497957,16.820869001094252,0.05383603274822235,0.5306669627316296,0.5879119853489101,16.805947001557797
2581,45.254943268955685,16.816823976114392,0.08551700739189982,0.29452197486534715,0.3878530114889145,16.72761101508513
2582,45.27167616999941,16.73290104372427,0.05371798761188984,0.3265399718657136,0.38378697354346514,16.86331699602306
2583,45.28854453196982,16.86836197040975,0.05684397183358669,0.33150898525491357,0.39154599653556943,16.854287998285145
2584,45.30540366197238,16.85913000255823,0.053908966947346926,0.35494903568178415,0.4118910292163491,16.856120026204735
2585,45.322265276976395,16.86161500401795,0.056375982239842415,0.4162330296821892,0.4758780123665929,16.811690002214164
2586,45.33908169600181,16.816419025417417,0.054468982852995396,0.3384090377949178,0.3958989982493222,16.729487979318947
